block,task_id,family,n,method,model_seed,search_seed,budget,best_r,fresh_r
0,test_ba_100_00,ba,100,ea,-1,101,96,0.2439,0.241240625
0,test_ba_100_00,ba,100,ea,-1,101,192,0.24935,0.244190625
0,test_ba_100_00,ba,100,ea,-1,202,96,0.237325,0.236353125
0,test_ba_100_00,ba,100,ea,-1,202,192,0.243675,0.24175625
0,test_ba_100_00,ba,100,ea,-1,303,96,0.24145,0.239971875
0,test_ba_100_00,ba,100,ea,-1,303,192,0.2486,0.245021875
0,test_ba_100_00,ba,100,global_log_mse,17,101,96,0.251025,0.24776875
0,test_ba_100_00,ba,100,global_log_mse,17,101,192,0.258225,0.253690625
0,test_ba_100_00,ba,100,global_log_mse,17,202,96,0.2508,0.247190625
0,test_ba_100_00,ba,100,global_log_mse,17,202,192,0.2533,0.248478125
0,test_ba_100_00,ba,100,global_log_mse,17,303,96,0.246925,0.2481125
0,test_ba_100_00,ba,100,global_log_mse,17,303,192,0.256675,0.25528125
0,test_ba_100_00,ba,100,global_log_mse,23,101,96,0.25475,0.25821875
0,test_ba_100_00,ba,100,global_log_mse,23,101,192,0.2695,0.266934375
0,test_ba_100_00,ba,100,global_log_mse,23,202,96,0.2499,0.246396875
0,test_ba_100_00,ba,100,global_log_mse,23,202,192,0.2594,0.25688125
0,test_ba_100_00,ba,100,global_log_mse,23,303,96,0.244075,0.24096875
0,test_ba_100_00,ba,100,global_log_mse,23,303,192,0.263125,0.256025
0,test_ba_100_00,ba,100,global_mse,17,101,96,0.253025,0.25351875
0,test_ba_100_00,ba,100,global_mse,17,101,192,0.25785,0.256190625
0,test_ba_100_00,ba,100,global_mse,17,202,96,0.243825,0.24189375
0,test_ba_100_00,ba,100,global_mse,17,202,192,0.256,0.250053125
0,test_ba_100_00,ba,100,global_mse,17,303,96,0.2451,0.24006875
0,test_ba_100_00,ba,100,global_mse,17,303,192,0.25675,0.251275
0,test_ba_100_00,ba,100,global_mse,23,101,96,0.26315,0.26173125
0,test_ba_100_00,ba,100,global_mse,23,101,192,0.26735,0.264271875
0,test_ba_100_00,ba,100,global_mse,23,202,96,0.248075,0.24593125
0,test_ba_100_00,ba,100,global_mse,23,202,192,0.266425,0.262365625
0,test_ba_100_00,ba,100,global_mse,23,303,96,0.2571,0.25226875
0,test_ba_100_00,ba,100,global_mse,23,303,192,0.2614,0.258909375
0,test_ba_100_00,ba,100,hillclimb,-1,101,96,0.2487,0.2416375
0,test_ba_100_00,ba,100,hillclimb,-1,101,192,0.25775,0.254571875
0,test_ba_100_00,ba,100,hillclimb,-1,202,96,0.25065,0.244571875
0,test_ba_100_00,ba,100,hillclimb,-1,202,192,0.259825,0.252353125
0,test_ba_100_00,ba,100,hillclimb,-1,303,96,0.24945,0.244515625
0,test_ba_100_00,ba,100,hillclimb,-1,303,192,0.2565,0.25329375
0,test_ba_100_00,ba,100,log_mse,17,101,96,0.246575,0.24584375
0,test_ba_100_00,ba,100,log_mse,17,101,192,0.250975,0.24455
0,test_ba_100_00,ba,100,log_mse,17,202,96,0.246225,0.237971875
0,test_ba_100_00,ba,100,log_mse,17,202,192,0.2523,0.24198125
0,test_ba_100_00,ba,100,log_mse,17,303,96,0.25265,0.248275
0,test_ba_100_00,ba,100,log_mse,17,303,192,0.257825,0.254596875
0,test_ba_100_00,ba,100,log_mse,23,101,96,0.261575,0.253759375
0,test_ba_100_00,ba,100,log_mse,23,101,192,0.263125,0.255609375
0,test_ba_100_00,ba,100,log_mse,23,202,96,0.244325,0.23955
0,test_ba_100_00,ba,100,log_mse,23,202,192,0.255875,0.249765625
0,test_ba_100_00,ba,100,log_mse,23,303,96,0.24905,0.243140625
0,test_ba_100_00,ba,100,log_mse,23,303,192,0.2559,0.254040625
0,test_ba_100_00,ba,100,mse,17,101,96,0.25895,0.2555875
0,test_ba_100_00,ba,100,mse,17,101,192,0.266625,0.26350625
0,test_ba_100_00,ba,100,mse,17,202,96,0.25535,0.253625
0,test_ba_100_00,ba,100,mse,17,202,192,0.264575,0.261896875
0,test_ba_100_00,ba,100,mse,17,303,96,0.253025,0.25266875
0,test_ba_100_00,ba,100,mse,17,303,192,0.257925,0.260928125
0,test_ba_100_00,ba,100,mse,23,101,96,0.260175,0.256240625
0,test_ba_100_00,ba,100,mse,23,101,192,0.265925,0.262984375
0,test_ba_100_00,ba,100,mse,23,202,96,0.2492,0.2483
0,test_ba_100_00,ba,100,mse,23,202,192,0.2591,0.255665625
0,test_ba_100_00,ba,100,mse,23,303,96,0.239825,0.240603125
0,test_ba_100_00,ba,100,mse,23,303,192,0.249925,0.24854375
0,test_ba_100_00,ba,100,pool_random,-1,101,96,0.247325,0.2432375
0,test_ba_100_00,ba,100,pool_random,-1,101,192,0.24925,0.2462
0,test_ba_100_00,ba,100,pool_random,-1,202,96,0.238675,0.235584375
0,test_ba_100_00,ba,100,pool_random,-1,202,192,0.241975,0.237903125
0,test_ba_100_00,ba,100,pool_random,-1,303,96,0.2421,0.2369125
0,test_ba_100_00,ba,100,pool_random,-1,303,192,0.2455,0.239796875
0,test_ba_100_00,ba,100,random,-1,101,96,0.239125,0.239171875
0,test_ba_100_00,ba,100,random,-1,101,192,0.24395,0.242509375
0,test_ba_100_00,ba,100,random,-1,202,96,0.2402,0.238575
0,test_ba_100_00,ba,100,random,-1,202,192,0.2415,0.242665625
0,test_ba_100_00,ba,100,random,-1,303,96,0.237225,0.235103125
0,test_ba_100_00,ba,100,random,-1,303,192,0.24125,0.234446875
0,test_ba_100_00,ba,100,ranknet,17,101,96,0.2562,0.253021875
0,test_ba_100_00,ba,100,ranknet,17,101,192,0.2654,0.26246875
0,test_ba_100_00,ba,100,ranknet,17,202,96,0.2547,0.249234375
0,test_ba_100_00,ba,100,ranknet,17,202,192,0.262375,0.2550625
0,test_ba_100_00,ba,100,ranknet,17,303,96,0.25515,0.25069375
0,test_ba_100_00,ba,100,ranknet,17,303,192,0.271075,0.26533125
0,test_ba_100_00,ba,100,ranknet,23,101,96,0.254425,0.25333125
0,test_ba_100_00,ba,100,ranknet,23,101,192,0.263325,0.261975
0,test_ba_100_00,ba,100,ranknet,23,202,96,0.25935,0.2566125
0,test_ba_100_00,ba,100,ranknet,23,202,192,0.2644,0.260890625
0,test_ba_100_00,ba,100,ranknet,23,303,96,0.251825,0.248609375
0,test_ba_100_00,ba,100,ranknet,23,303,192,0.2645,0.257659375
0,test_ba_100_01,ba,100,ea,-1,101,96,0.24845,0.2431
0,test_ba_100_01,ba,100,ea,-1,101,192,0.255,0.251321875
0,test_ba_100_01,ba,100,ea,-1,202,96,0.242575,0.2394875
0,test_ba_100_01,ba,100,ea,-1,202,192,0.25075,0.245128125
0,test_ba_100_01,ba,100,ea,-1,303,96,0.25775,0.249059375
0,test_ba_100_01,ba,100,ea,-1,303,192,0.2592,0.248471875
0,test_ba_100_01,ba,100,global_log_mse,17,101,96,0.2489,0.246328125
0,test_ba_100_01,ba,100,global_log_mse,17,101,192,0.2569,0.2497375
0,test_ba_100_01,ba,100,global_log_mse,17,202,96,0.25435,0.25299375
0,test_ba_100_01,ba,100,global_log_mse,17,202,192,0.2638,0.261246875
0,test_ba_100_01,ba,100,global_log_mse,17,303,96,0.260075,0.24936875
0,test_ba_100_01,ba,100,global_log_mse,17,303,192,0.2646,0.2574125
0,test_ba_100_01,ba,100,global_log_mse,23,101,96,0.247675,0.241065625
0,test_ba_100_01,ba,100,global_log_mse,23,101,192,0.267725,0.264184375
0,test_ba_100_01,ba,100,global_log_mse,23,202,96,0.25445,0.248309375
0,test_ba_100_01,ba,100,global_log_mse,23,202,192,0.26565,0.262959375
0,test_ba_100_01,ba,100,global_log_mse,23,303,96,0.25905,0.2520875
0,test_ba_100_01,ba,100,global_log_mse,23,303,192,0.270275,0.264409375
0,test_ba_100_01,ba,100,global_mse,17,101,96,0.24975,0.24543125
0,test_ba_100_01,ba,100,global_mse,17,101,192,0.266575,0.259828125
0,test_ba_100_01,ba,100,global_mse,17,202,96,0.245,0.240203125
0,test_ba_100_01,ba,100,global_mse,17,202,192,0.260475,0.252778125
0,test_ba_100_01,ba,100,global_mse,17,303,96,0.25415,0.246984375
0,test_ba_100_01,ba,100,global_mse,17,303,192,0.26705,0.2581375
0,test_ba_100_01,ba,100,global_mse,23,101,96,0.257625,0.250253125
0,test_ba_100_01,ba,100,global_mse,23,101,192,0.273675,0.262903125
0,test_ba_100_01,ba,100,global_mse,23,202,96,0.257675,0.2575125
0,test_ba_100_01,ba,100,global_mse,23,202,192,0.265075,0.260878125
0,test_ba_100_01,ba,100,global_mse,23,303,96,0.2635,0.25941875
0,test_ba_100_01,ba,100,global_mse,23,303,192,0.26885,0.259884375
0,test_ba_100_01,ba,100,hillclimb,-1,101,96,0.2607,0.251896875
0,test_ba_100_01,ba,100,hillclimb,-1,101,192,0.262925,0.252678125
0,test_ba_100_01,ba,100,hillclimb,-1,202,96,0.251875,0.245559375
0,test_ba_100_01,ba,100,hillclimb,-1,202,192,0.264425,0.259146875
0,test_ba_100_01,ba,100,hillclimb,-1,303,96,0.26655,0.25368125
0,test_ba_100_01,ba,100,hillclimb,-1,303,192,0.2727,0.26065
0,test_ba_100_01,ba,100,log_mse,17,101,96,0.258725,0.247053125
0,test_ba_100_01,ba,100,log_mse,17,101,192,0.271275,0.268153125
0,test_ba_100_01,ba,100,log_mse,17,202,96,0.2534,0.252203125
0,test_ba_100_01,ba,100,log_mse,17,202,192,0.2555,0.253790625
0,test_ba_100_01,ba,100,log_mse,17,303,96,0.257225,0.255175
0,test_ba_100_01,ba,100,log_mse,17,303,192,0.268925,0.259509375
0,test_ba_100_01,ba,100,log_mse,23,101,96,0.258525,0.252365625
0,test_ba_100_01,ba,100,log_mse,23,101,192,0.26715,0.259309375
0,test_ba_100_01,ba,100,log_mse,23,202,96,0.25655,0.250346875
0,test_ba_100_01,ba,100,log_mse,23,202,192,0.2603,0.258946875
0,test_ba_100_01,ba,100,log_mse,23,303,96,0.257675,0.25383125
0,test_ba_100_01,ba,100,log_mse,23,303,192,0.26515,0.259109375
0,test_ba_100_01,ba,100,mse,17,101,96,0.262125,0.25735
0,test_ba_100_01,ba,100,mse,17,101,192,0.270825,0.265603125
0,test_ba_100_01,ba,100,mse,17,202,96,0.25945,0.253234375
0,test_ba_100_01,ba,100,mse,17,202,192,0.264175,0.2567625
0,test_ba_100_01,ba,100,mse,17,303,96,0.256375,0.255321875
0,test_ba_100_01,ba,100,mse,17,303,192,0.259225,0.255296875
0,test_ba_100_01,ba,100,mse,23,101,96,0.26125,0.249525
0,test_ba_100_01,ba,100,mse,23,101,192,0.266875,0.26275
0,test_ba_100_01,ba,100,mse,23,202,96,0.26575,0.257375
0,test_ba_100_01,ba,100,mse,23,202,192,0.2708,0.269703125
0,test_ba_100_01,ba,100,mse,23,303,96,0.256175,0.250615625
0,test_ba_100_01,ba,100,mse,23,303,192,0.26815,0.260934375
0,test_ba_100_01,ba,100,pool_random,-1,101,96,0.252075,0.24489375
0,test_ba_100_01,ba,100,pool_random,-1,101,192,0.256425,0.246371875
0,test_ba_100_01,ba,100,pool_random,-1,202,96,0.245525,0.2410875
0,test_ba_100_01,ba,100,pool_random,-1,202,192,0.250775,0.249259375
0,test_ba_100_01,ba,100,pool_random,-1,303,96,0.252475,0.240446875
0,test_ba_100_01,ba,100,pool_random,-1,303,192,0.257725,0.24508125
0,test_ba_100_01,ba,100,random,-1,101,96,0.247675,0.241065625
0,test_ba_100_01,ba,100,random,-1,101,192,0.247675,0.241065625
0,test_ba_100_01,ba,100,random,-1,202,96,0.246375,0.244359375
0,test_ba_100_01,ba,100,random,-1,202,192,0.246375,0.244359375
0,test_ba_100_01,ba,100,random,-1,303,96,0.250325,0.241384375
0,test_ba_100_01,ba,100,random,-1,303,192,0.250325,0.241384375
0,test_ba_100_01,ba,100,ranknet,17,101,96,0.25985,0.25676875
0,test_ba_100_01,ba,100,ranknet,17,101,192,0.26705,0.261771875
0,test_ba_100_01,ba,100,ranknet,17,202,96,0.260725,0.255896875
0,test_ba_100_01,ba,100,ranknet,17,202,192,0.26665,0.2603625
0,test_ba_100_01,ba,100,ranknet,17,303,96,0.261825,0.254134375
0,test_ba_100_01,ba,100,ranknet,17,303,192,0.271575,0.2651625
0,test_ba_100_01,ba,100,ranknet,23,101,96,0.259675,0.25894375
0,test_ba_100_01,ba,100,ranknet,23,101,192,0.265825,0.263728125
0,test_ba_100_01,ba,100,ranknet,23,202,96,0.257275,0.25453125
0,test_ba_100_01,ba,100,ranknet,23,202,192,0.270725,0.26408125
0,test_ba_100_01,ba,100,ranknet,23,303,96,0.2658,0.25949375
0,test_ba_100_01,ba,100,ranknet,23,303,192,0.273225,0.2687
0,test_ba_100_02,ba,100,ea,-1,101,96,0.217225,0.208128125
0,test_ba_100_02,ba,100,ea,-1,101,192,0.2258,0.22166875
0,test_ba_100_02,ba,100,ea,-1,202,96,0.2124,0.2147625
0,test_ba_100_02,ba,100,ea,-1,202,192,0.21835,0.21458125
0,test_ba_100_02,ba,100,ea,-1,303,96,0.2161,0.21554375
0,test_ba_100_02,ba,100,ea,-1,303,192,0.221725,0.220190625
0,test_ba_100_02,ba,100,global_log_mse,17,101,96,0.22195,0.218934375
0,test_ba_100_02,ba,100,global_log_mse,17,101,192,0.24205,0.235375
0,test_ba_100_02,ba,100,global_log_mse,17,202,96,0.223525,0.225353125
0,test_ba_100_02,ba,100,global_log_mse,17,202,192,0.2383,0.234540625
0,test_ba_100_02,ba,100,global_log_mse,17,303,96,0.226375,0.2260875
0,test_ba_100_02,ba,100,global_log_mse,17,303,192,0.2352,0.231709375
0,test_ba_100_02,ba,100,global_log_mse,23,101,96,0.228175,0.225815625
0,test_ba_100_02,ba,100,global_log_mse,23,101,192,0.24425,0.241184375
0,test_ba_100_02,ba,100,global_log_mse,23,202,96,0.2269,0.226184375
0,test_ba_100_02,ba,100,global_log_mse,23,202,192,0.242,0.24056875
0,test_ba_100_02,ba,100,global_log_mse,23,303,96,0.23325,0.2274375
0,test_ba_100_02,ba,100,global_log_mse,23,303,192,0.23395,0.22855625
0,test_ba_100_02,ba,100,global_mse,17,101,96,0.229325,0.22400625
0,test_ba_100_02,ba,100,global_mse,17,101,192,0.239925,0.2378
0,test_ba_100_02,ba,100,global_mse,17,202,96,0.2274,0.229265625
0,test_ba_100_02,ba,100,global_mse,17,202,192,0.242425,0.24169375
0,test_ba_100_02,ba,100,global_mse,17,303,96,0.217625,0.217065625
0,test_ba_100_02,ba,100,global_mse,17,303,192,0.237775,0.2353
0,test_ba_100_02,ba,100,global_mse,23,101,96,0.23455,0.229015625
0,test_ba_100_02,ba,100,global_mse,23,101,192,0.251775,0.246871875
0,test_ba_100_02,ba,100,global_mse,23,202,96,0.220825,0.2157375
0,test_ba_100_02,ba,100,global_mse,23,202,192,0.238825,0.22983125
0,test_ba_100_02,ba,100,global_mse,23,303,96,0.2188,0.2136125
0,test_ba_100_02,ba,100,global_mse,23,303,192,0.23475,0.232628125
0,test_ba_100_02,ba,100,hillclimb,-1,101,96,0.2269,0.221696875
0,test_ba_100_02,ba,100,hillclimb,-1,101,192,0.2317,0.2292
0,test_ba_100_02,ba,100,hillclimb,-1,202,96,0.22925,0.2271875
0,test_ba_100_02,ba,100,hillclimb,-1,202,192,0.238675,0.233246875
0,test_ba_100_02,ba,100,hillclimb,-1,303,96,0.227,0.221740625
0,test_ba_100_02,ba,100,hillclimb,-1,303,192,0.2362,0.2300375
0,test_ba_100_02,ba,100,log_mse,17,101,96,0.2201,0.2193625
0,test_ba_100_02,ba,100,log_mse,17,101,192,0.23325,0.228190625
0,test_ba_100_02,ba,100,log_mse,17,202,96,0.220525,0.22174375
0,test_ba_100_02,ba,100,log_mse,17,202,192,0.234375,0.230421875
0,test_ba_100_02,ba,100,log_mse,17,303,96,0.22495,0.2223125
0,test_ba_100_02,ba,100,log_mse,17,303,192,0.235425,0.22885
0,test_ba_100_02,ba,100,log_mse,23,101,96,0.22805,0.223809375
0,test_ba_100_02,ba,100,log_mse,23,101,192,0.245675,0.241978125
0,test_ba_100_02,ba,100,log_mse,23,202,96,0.2224,0.2240125
0,test_ba_100_02,ba,100,log_mse,23,202,192,0.233125,0.22996875
0,test_ba_100_02,ba,100,log_mse,23,303,96,0.224375,0.2172875
0,test_ba_100_02,ba,100,log_mse,23,303,192,0.2338,0.22895
0,test_ba_100_02,ba,100,mse,17,101,96,0.235425,0.2333375
0,test_ba_100_02,ba,100,mse,17,101,192,0.24265,0.238203125
0,test_ba_100_02,ba,100,mse,17,202,96,0.2263,0.223965625
0,test_ba_100_02,ba,100,mse,17,202,192,0.2322,0.2312
0,test_ba_100_02,ba,100,mse,17,303,96,0.224775,0.221121875
0,test_ba_100_02,ba,100,mse,17,303,192,0.23665,0.232221875
0,test_ba_100_02,ba,100,mse,23,101,96,0.23285,0.230403125
0,test_ba_100_02,ba,100,mse,23,101,192,0.24695,0.24301875
0,test_ba_100_02,ba,100,mse,23,202,96,0.2226,0.22395625
0,test_ba_100_02,ba,100,mse,23,202,192,0.229325,0.227846875
0,test_ba_100_02,ba,100,mse,23,303,96,0.21835,0.217565625
0,test_ba_100_02,ba,100,mse,23,303,192,0.2363,0.233546875
0,test_ba_100_02,ba,100,pool_random,-1,101,96,0.216325,0.210378125
0,test_ba_100_02,ba,100,pool_random,-1,101,192,0.223525,0.221275
0,test_ba_100_02,ba,100,pool_random,-1,202,96,0.21455,0.21341875
0,test_ba_100_02,ba,100,pool_random,-1,202,192,0.220125,0.220125
0,test_ba_100_02,ba,100,pool_random,-1,303,96,0.220525,0.221690625
0,test_ba_100_02,ba,100,pool_random,-1,303,192,0.224575,0.22303125
0,test_ba_100_02,ba,100,random,-1,101,96,0.213775,0.208325
0,test_ba_100_02,ba,100,random,-1,101,192,0.213775,0.208325
0,test_ba_100_02,ba,100,random,-1,202,96,0.21655,0.21578125
0,test_ba_100_02,ba,100,random,-1,202,192,0.21935,0.216084375
0,test_ba_100_02,ba,100,random,-1,303,96,0.212675,0.212675
0,test_ba_100_02,ba,100,random,-1,303,192,0.212675,0.212675
0,test_ba_100_02,ba,100,ranknet,17,101,96,0.2325,0.235515625
0,test_ba_100_02,ba,100,ranknet,17,101,192,0.2453,0.24446875
0,test_ba_100_02,ba,100,ranknet,17,202,96,0.225875,0.224946875
0,test_ba_100_02,ba,100,ranknet,17,202,192,0.23855,0.233640625
0,test_ba_100_02,ba,100,ranknet,17,303,96,0.23005,0.227
0,test_ba_100_02,ba,100,ranknet,17,303,192,0.237575,0.233403125
0,test_ba_100_02,ba,100,ranknet,23,101,96,0.236225,0.232540625
0,test_ba_100_02,ba,100,ranknet,23,101,192,0.251625,0.245434375
0,test_ba_100_02,ba,100,ranknet,23,202,96,0.233425,0.2314125
0,test_ba_100_02,ba,100,ranknet,23,202,192,0.243125,0.2376375
0,test_ba_100_02,ba,100,ranknet,23,303,96,0.230725,0.229178125
0,test_ba_100_02,ba,100,ranknet,23,303,192,0.24185,0.233534375
0,test_ba_100_03,ba,100,ea,-1,101,96,0.222525,0.21705625
0,test_ba_100_03,ba,100,ea,-1,101,192,0.229725,0.227253125
0,test_ba_100_03,ba,100,ea,-1,202,96,0.22135,0.21999375
0,test_ba_100_03,ba,100,ea,-1,202,192,0.2275,0.22408125
0,test_ba_100_03,ba,100,ea,-1,303,96,0.219625,0.215625
0,test_ba_100_03,ba,100,ea,-1,303,192,0.226725,0.21941875
0,test_ba_100_03,ba,100,global_log_mse,17,101,96,0.22985,0.227240625
0,test_ba_100_03,ba,100,global_log_mse,17,101,192,0.235875,0.23621875
0,test_ba_100_03,ba,100,global_log_mse,17,202,96,0.219375,0.217409375
0,test_ba_100_03,ba,100,global_log_mse,17,202,192,0.2385,0.233171875
0,test_ba_100_03,ba,100,global_log_mse,17,303,96,0.23205,0.2285125
0,test_ba_100_03,ba,100,global_log_mse,17,303,192,0.243925,0.234996875
0,test_ba_100_03,ba,100,global_log_mse,23,101,96,0.24095,0.238359375
0,test_ba_100_03,ba,100,global_log_mse,23,101,192,0.249625,0.244496875
0,test_ba_100_03,ba,100,global_log_mse,23,202,96,0.22425,0.21625
0,test_ba_100_03,ba,100,global_log_mse,23,202,192,0.235175,0.231525
0,test_ba_100_03,ba,100,global_log_mse,23,303,96,0.2215,0.223590625
0,test_ba_100_03,ba,100,global_log_mse,23,303,192,0.231575,0.226865625
0,test_ba_100_03,ba,100,global_mse,17,101,96,0.2326,0.231509375
0,test_ba_100_03,ba,100,global_mse,17,101,192,0.239225,0.238059375
0,test_ba_100_03,ba,100,global_mse,17,202,96,0.23085,0.22791875
0,test_ba_100_03,ba,100,global_mse,17,202,192,0.2394,0.2359375
0,test_ba_100_03,ba,100,global_mse,17,303,96,0.224325,0.225646875
0,test_ba_100_03,ba,100,global_mse,17,303,192,0.2353,0.232171875
0,test_ba_100_03,ba,100,global_mse,23,101,96,0.233825,0.2276125
0,test_ba_100_03,ba,100,global_mse,23,101,192,0.2372,0.233778125
0,test_ba_100_03,ba,100,global_mse,23,202,96,0.234775,0.22628125
0,test_ba_100_03,ba,100,global_mse,23,202,192,0.239125,0.234575
0,test_ba_100_03,ba,100,global_mse,23,303,96,0.22895,0.231709375
0,test_ba_100_03,ba,100,global_mse,23,303,192,0.23885,0.23416875
0,test_ba_100_03,ba,100,hillclimb,-1,101,96,0.234475,0.2274625
0,test_ba_100_03,ba,100,hillclimb,-1,101,192,0.24565,0.23743125
0,test_ba_100_03,ba,100,hillclimb,-1,202,96,0.236275,0.2278125
0,test_ba_100_03,ba,100,hillclimb,-1,202,192,0.246,0.2319
0,test_ba_100_03,ba,100,hillclimb,-1,303,96,0.228475,0.22471875
0,test_ba_100_03,ba,100,hillclimb,-1,303,192,0.237625,0.227746875
0,test_ba_100_03,ba,100,log_mse,17,101,96,0.231,0.226671875
0,test_ba_100_03,ba,100,log_mse,17,101,192,0.23835,0.23320625
0,test_ba_100_03,ba,100,log_mse,17,202,96,0.219775,0.218740625
0,test_ba_100_03,ba,100,log_mse,17,202,192,0.23455,0.22835625
0,test_ba_100_03,ba,100,log_mse,17,303,96,0.236275,0.234690625
0,test_ba_100_03,ba,100,log_mse,17,303,192,0.245525,0.241709375
0,test_ba_100_03,ba,100,log_mse,23,101,96,0.232775,0.228334375
0,test_ba_100_03,ba,100,log_mse,23,101,192,0.241,0.235378125
0,test_ba_100_03,ba,100,log_mse,23,202,96,0.2222,0.22028125
0,test_ba_100_03,ba,100,log_mse,23,202,192,0.238125,0.236878125
0,test_ba_100_03,ba,100,log_mse,23,303,96,0.2286,0.22184375
0,test_ba_100_03,ba,100,log_mse,23,303,192,0.23325,0.227159375
0,test_ba_100_03,ba,100,mse,17,101,96,0.2321,0.229196875
0,test_ba_100_03,ba,100,mse,17,101,192,0.241225,0.234334375
0,test_ba_100_03,ba,100,mse,17,202,96,0.22635,0.222825
0,test_ba_100_03,ba,100,mse,17,202,192,0.235225,0.23154375
0,test_ba_100_03,ba,100,mse,17,303,96,0.228275,0.2262
0,test_ba_100_03,ba,100,mse,17,303,192,0.245975,0.237671875
0,test_ba_100_03,ba,100,mse,23,101,96,0.23415,0.230765625
0,test_ba_100_03,ba,100,mse,23,101,192,0.242675,0.23854375
0,test_ba_100_03,ba,100,mse,23,202,96,0.220125,0.219821875
0,test_ba_100_03,ba,100,mse,23,202,192,0.23355,0.23085625
0,test_ba_100_03,ba,100,mse,23,303,96,0.22595,0.222921875
0,test_ba_100_03,ba,100,mse,23,303,192,0.246225,0.235846875
0,test_ba_100_03,ba,100,pool_random,-1,101,96,0.223925,0.222475
0,test_ba_100_03,ba,100,pool_random,-1,101,192,0.230075,0.228403125
0,test_ba_100_03,ba,100,pool_random,-1,202,96,0.216375,0.214809375
0,test_ba_100_03,ba,100,pool_random,-1,202,192,0.222175,0.221353125
0,test_ba_100_03,ba,100,pool_random,-1,303,96,0.224325,0.21955
0,test_ba_100_03,ba,100,pool_random,-1,303,192,0.22475,0.22193125
0,test_ba_100_03,ba,100,random,-1,101,96,0.219575,0.22021875
0,test_ba_100_03,ba,100,random,-1,101,192,0.219575,0.22021875
0,test_ba_100_03,ba,100,random,-1,202,96,0.218725,0.215434375
0,test_ba_100_03,ba,100,random,-1,202,192,0.218725,0.215434375
0,test_ba_100_03,ba,100,random,-1,303,96,0.21825,0.211978125
0,test_ba_100_03,ba,100,random,-1,303,192,0.231075,0.22635625
0,test_ba_100_03,ba,100,ranknet,17,101,96,0.235225,0.2333
0,test_ba_100_03,ba,100,ranknet,17,101,192,0.245975,0.2457625
0,test_ba_100_03,ba,100,ranknet,17,202,96,0.234675,0.2278625
0,test_ba_100_03,ba,100,ranknet,17,202,192,0.2493,0.242971875
0,test_ba_100_03,ba,100,ranknet,17,303,96,0.2354,0.2332375
0,test_ba_100_03,ba,100,ranknet,17,303,192,0.241925,0.23775625
0,test_ba_100_03,ba,100,ranknet,23,101,96,0.23565,0.234453125
0,test_ba_100_03,ba,100,ranknet,23,101,192,0.2472,0.24510625
0,test_ba_100_03,ba,100,ranknet,23,202,96,0.2404,0.233171875
0,test_ba_100_03,ba,100,ranknet,23,202,192,0.2449,0.237475
0,test_ba_100_03,ba,100,ranknet,23,303,96,0.237775,0.2318625
0,test_ba_100_03,ba,100,ranknet,23,303,192,0.243875,0.232425
0,test_ba_100_04,ba,100,ea,-1,101,96,0.227,0.226903125
0,test_ba_100_04,ba,100,ea,-1,101,192,0.2329,0.226175
0,test_ba_100_04,ba,100,ea,-1,202,96,0.2243,0.2262
0,test_ba_100_04,ba,100,ea,-1,202,192,0.233925,0.2324375
0,test_ba_100_04,ba,100,ea,-1,303,96,0.2267,0.22329375
0,test_ba_100_04,ba,100,ea,-1,303,192,0.230725,0.224296875
0,test_ba_100_04,ba,100,global_log_mse,17,101,96,0.236375,0.2367375
0,test_ba_100_04,ba,100,global_log_mse,17,101,192,0.241525,0.239365625
0,test_ba_100_04,ba,100,global_log_mse,17,202,96,0.224275,0.225278125
0,test_ba_100_04,ba,100,global_log_mse,17,202,192,0.236425,0.231340625
0,test_ba_100_04,ba,100,global_log_mse,17,303,96,0.2373,0.237809375
0,test_ba_100_04,ba,100,global_log_mse,17,303,192,0.24955,0.24945
0,test_ba_100_04,ba,100,global_log_mse,23,101,96,0.238025,0.234
0,test_ba_100_04,ba,100,global_log_mse,23,101,192,0.24415,0.242378125
0,test_ba_100_04,ba,100,global_log_mse,23,202,96,0.238025,0.236221875
0,test_ba_100_04,ba,100,global_log_mse,23,202,192,0.2412,0.24076875
0,test_ba_100_04,ba,100,global_log_mse,23,303,96,0.232225,0.231815625
0,test_ba_100_04,ba,100,global_log_mse,23,303,192,0.250525,0.24501875
0,test_ba_100_04,ba,100,global_mse,17,101,96,0.23555,0.232984375
0,test_ba_100_04,ba,100,global_mse,17,101,192,0.245325,0.241665625
0,test_ba_100_04,ba,100,global_mse,17,202,96,0.236375,0.235259375
0,test_ba_100_04,ba,100,global_mse,17,202,192,0.243875,0.243165625
0,test_ba_100_04,ba,100,global_mse,17,303,96,0.233,0.232521875
0,test_ba_100_04,ba,100,global_mse,17,303,192,0.243425,0.244090625
0,test_ba_100_04,ba,100,global_mse,23,101,96,0.2373,0.231778125
0,test_ba_100_04,ba,100,global_mse,23,101,192,0.2426,0.239471875
0,test_ba_100_04,ba,100,global_mse,23,202,96,0.235675,0.234071875
0,test_ba_100_04,ba,100,global_mse,23,202,192,0.248625,0.24173125
0,test_ba_100_04,ba,100,global_mse,23,303,96,0.241625,0.24371875
0,test_ba_100_04,ba,100,global_mse,23,303,192,0.247825,0.244009375
0,test_ba_100_04,ba,100,hillclimb,-1,101,96,0.239225,0.23554375
0,test_ba_100_04,ba,100,hillclimb,-1,101,192,0.2449,0.2424625
0,test_ba_100_04,ba,100,hillclimb,-1,202,96,0.238725,0.2351625
0,test_ba_100_04,ba,100,hillclimb,-1,202,192,0.251075,0.2474125
0,test_ba_100_04,ba,100,hillclimb,-1,303,96,0.237825,0.232565625
0,test_ba_100_04,ba,100,hillclimb,-1,303,192,0.25265,0.242253125
0,test_ba_100_04,ba,100,log_mse,17,101,96,0.240225,0.236225
0,test_ba_100_04,ba,100,log_mse,17,101,192,0.2523,0.24711875
0,test_ba_100_04,ba,100,log_mse,17,202,96,0.233075,0.231284375
0,test_ba_100_04,ba,100,log_mse,17,202,192,0.244725,0.242971875
0,test_ba_100_04,ba,100,log_mse,17,303,96,0.239875,0.23686875
0,test_ba_100_04,ba,100,log_mse,17,303,192,0.25265,0.251240625
0,test_ba_100_04,ba,100,log_mse,23,101,96,0.239675,0.235496875
0,test_ba_100_04,ba,100,log_mse,23,101,192,0.24755,0.244834375
0,test_ba_100_04,ba,100,log_mse,23,202,96,0.229925,0.22715625
0,test_ba_100_04,ba,100,log_mse,23,202,192,0.241575,0.23561875
0,test_ba_100_04,ba,100,log_mse,23,303,96,0.23815,0.235075
0,test_ba_100_04,ba,100,log_mse,23,303,192,0.2432,0.23849375
0,test_ba_100_04,ba,100,mse,17,101,96,0.239725,0.231984375
0,test_ba_100_04,ba,100,mse,17,101,192,0.239925,0.23531875
0,test_ba_100_04,ba,100,mse,17,202,96,0.229,0.233440625
0,test_ba_100_04,ba,100,mse,17,202,192,0.238375,0.233846875
0,test_ba_100_04,ba,100,mse,17,303,96,0.2315,0.227909375
0,test_ba_100_04,ba,100,mse,17,303,192,0.24405,0.241184375
0,test_ba_100_04,ba,100,mse,23,101,96,0.2366,0.23396875
0,test_ba_100_04,ba,100,mse,23,101,192,0.2419,0.2363125
0,test_ba_100_04,ba,100,mse,23,202,96,0.2344,0.2343125
0,test_ba_100_04,ba,100,mse,23,202,192,0.240475,0.235296875
0,test_ba_100_04,ba,100,mse,23,303,96,0.239925,0.235228125
0,test_ba_100_04,ba,100,mse,23,303,192,0.250725,0.24444375
0,test_ba_100_04,ba,100,pool_random,-1,101,96,0.23125,0.22823125
0,test_ba_100_04,ba,100,pool_random,-1,101,192,0.235,0.23100625
0,test_ba_100_04,ba,100,pool_random,-1,202,96,0.222075,0.219509375
0,test_ba_100_04,ba,100,pool_random,-1,202,192,0.2318,0.227896875
0,test_ba_100_04,ba,100,pool_random,-1,303,96,0.2259,0.221815625
0,test_ba_100_04,ba,100,pool_random,-1,303,192,0.229875,0.22738125
0,test_ba_100_04,ba,100,random,-1,101,96,0.2253,0.22629375
0,test_ba_100_04,ba,100,random,-1,101,192,0.2253,0.22629375
0,test_ba_100_04,ba,100,random,-1,202,96,0.228075,0.227065625
0,test_ba_100_04,ba,100,random,-1,202,192,0.229175,0.226225
0,test_ba_100_04,ba,100,random,-1,303,96,0.2251,0.224178125
0,test_ba_100_04,ba,100,random,-1,303,192,0.2251,0.224178125
0,test_ba_100_04,ba,100,ranknet,17,101,96,0.238625,0.235696875
0,test_ba_100_04,ba,100,ranknet,17,101,192,0.24775,0.241625
0,test_ba_100_04,ba,100,ranknet,17,202,96,0.2388,0.2376125
0,test_ba_100_04,ba,100,ranknet,17,202,192,0.248025,0.24158125
0,test_ba_100_04,ba,100,ranknet,17,303,96,0.242525,0.240303125
0,test_ba_100_04,ba,100,ranknet,17,303,192,0.25535,0.252103125
0,test_ba_100_04,ba,100,ranknet,23,101,96,0.239725,0.235603125
0,test_ba_100_04,ba,100,ranknet,23,101,192,0.2484,0.2466625
0,test_ba_100_04,ba,100,ranknet,23,202,96,0.238875,0.2353
0,test_ba_100_04,ba,100,ranknet,23,202,192,0.247175,0.241990625
0,test_ba_100_04,ba,100,ranknet,23,303,96,0.238925,0.233975
0,test_ba_100_04,ba,100,ranknet,23,303,192,0.252775,0.24955625
0,test_ba_100_05,ba,100,ea,-1,101,96,0.2225,0.217340625
0,test_ba_100_05,ba,100,ea,-1,101,192,0.2367,0.235834375
0,test_ba_100_05,ba,100,ea,-1,202,96,0.222675,0.22154375
0,test_ba_100_05,ba,100,ea,-1,202,192,0.22675,0.22185625
0,test_ba_100_05,ba,100,ea,-1,303,96,0.2261,0.222628125
0,test_ba_100_05,ba,100,ea,-1,303,192,0.2354,0.23009375
0,test_ba_100_05,ba,100,global_log_mse,17,101,96,0.224975,0.2222625
0,test_ba_100_05,ba,100,global_log_mse,17,101,192,0.239825,0.231728125
0,test_ba_100_05,ba,100,global_log_mse,17,202,96,0.225775,0.222346875
0,test_ba_100_05,ba,100,global_log_mse,17,202,192,0.2422,0.230096875
0,test_ba_100_05,ba,100,global_log_mse,17,303,96,0.232575,0.2283625
0,test_ba_100_05,ba,100,global_log_mse,17,303,192,0.24245,0.23875
0,test_ba_100_05,ba,100,global_log_mse,23,101,96,0.241275,0.234625
0,test_ba_100_05,ba,100,global_log_mse,23,101,192,0.247275,0.2438375
0,test_ba_100_05,ba,100,global_log_mse,23,202,96,0.224225,0.221778125
0,test_ba_100_05,ba,100,global_log_mse,23,202,192,0.235575,0.233971875
0,test_ba_100_05,ba,100,global_log_mse,23,303,96,0.250675,0.24451875
0,test_ba_100_05,ba,100,global_log_mse,23,303,192,0.258175,0.24998125
0,test_ba_100_05,ba,100,global_mse,17,101,96,0.231075,0.23108125
0,test_ba_100_05,ba,100,global_mse,17,101,192,0.24995,0.246953125
0,test_ba_100_05,ba,100,global_mse,17,202,96,0.228675,0.22655
0,test_ba_100_05,ba,100,global_mse,17,202,192,0.24295,0.24111875
0,test_ba_100_05,ba,100,global_mse,17,303,96,0.2325,0.233959375
0,test_ba_100_05,ba,100,global_mse,17,303,192,0.241325,0.235515625
0,test_ba_100_05,ba,100,global_mse,23,101,96,0.236575,0.233884375
0,test_ba_100_05,ba,100,global_mse,23,101,192,0.25275,0.2491125
0,test_ba_100_05,ba,100,global_mse,23,202,96,0.232625,0.230453125
0,test_ba_100_05,ba,100,global_mse,23,202,192,0.24255,0.23738125
0,test_ba_100_05,ba,100,global_mse,23,303,96,0.238975,0.2391
0,test_ba_100_05,ba,100,global_mse,23,303,192,0.248475,0.243825
0,test_ba_100_05,ba,100,hillclimb,-1,101,96,0.23855,0.235446875
0,test_ba_100_05,ba,100,hillclimb,-1,101,192,0.247475,0.240428125
0,test_ba_100_05,ba,100,hillclimb,-1,202,96,0.231225,0.22600625
0,test_ba_100_05,ba,100,hillclimb,-1,202,192,0.250475,0.24204375
0,test_ba_100_05,ba,100,hillclimb,-1,303,96,0.238025,0.238353125
0,test_ba_100_05,ba,100,hillclimb,-1,303,192,0.249375,0.24145625
0,test_ba_100_05,ba,100,log_mse,17,101,96,0.23675,0.2365375
0,test_ba_100_05,ba,100,log_mse,17,101,192,0.245175,0.24433125
0,test_ba_100_05,ba,100,log_mse,17,202,96,0.242075,0.24126875
0,test_ba_100_05,ba,100,log_mse,17,202,192,0.250925,0.24826875
0,test_ba_100_05,ba,100,log_mse,17,303,96,0.233325,0.232309375
0,test_ba_100_05,ba,100,log_mse,17,303,192,0.24045,0.236734375
0,test_ba_100_05,ba,100,log_mse,23,101,96,0.239125,0.237021875
0,test_ba_100_05,ba,100,log_mse,23,101,192,0.250225,0.24433125
0,test_ba_100_05,ba,100,log_mse,23,202,96,0.235975,0.234784375
0,test_ba_100_05,ba,100,log_mse,23,202,192,0.24545,0.244321875
0,test_ba_100_05,ba,100,log_mse,23,303,96,0.2423,0.23915625
0,test_ba_100_05,ba,100,log_mse,23,303,192,0.246775,0.24414375
0,test_ba_100_05,ba,100,mse,17,101,96,0.237875,0.237621875
0,test_ba_100_05,ba,100,mse,17,101,192,0.256,0.25039375
0,test_ba_100_05,ba,100,mse,17,202,96,0.234825,0.233846875
0,test_ba_100_05,ba,100,mse,17,202,192,0.246675,0.24403125
0,test_ba_100_05,ba,100,mse,17,303,96,0.237225,0.234296875
0,test_ba_100_05,ba,100,mse,17,303,192,0.249825,0.24205625
0,test_ba_100_05,ba,100,mse,23,101,96,0.233475,0.22910625
0,test_ba_100_05,ba,100,mse,23,101,192,0.2466,0.2485
0,test_ba_100_05,ba,100,mse,23,202,96,0.2362,0.2314375
0,test_ba_100_05,ba,100,mse,23,202,192,0.254525,0.25603125
0,test_ba_100_05,ba,100,mse,23,303,96,0.23435,0.23610625
0,test_ba_100_05,ba,100,mse,23,303,192,0.248075,0.24481875
0,test_ba_100_05,ba,100,pool_random,-1,101,96,0.231775,0.22944375
0,test_ba_100_05,ba,100,pool_random,-1,101,192,0.23655,0.23551875
0,test_ba_100_05,ba,100,pool_random,-1,202,96,0.230575,0.22709375
0,test_ba_100_05,ba,100,pool_random,-1,202,192,0.2359,0.23324375
0,test_ba_100_05,ba,100,pool_random,-1,303,96,0.226075,0.226565625
0,test_ba_100_05,ba,100,pool_random,-1,303,192,0.23185,0.2309875
0,test_ba_100_05,ba,100,random,-1,101,96,0.229675,0.228928125
0,test_ba_100_05,ba,100,random,-1,101,192,0.229675,0.228928125
0,test_ba_100_05,ba,100,random,-1,202,96,0.2234,0.22313125
0,test_ba_100_05,ba,100,random,-1,202,192,0.2275,0.22093125
0,test_ba_100_05,ba,100,random,-1,303,96,0.224075,0.22743125
0,test_ba_100_05,ba,100,random,-1,303,192,0.2256,0.22106875
0,test_ba_100_05,ba,100,ranknet,17,101,96,0.240025,0.233209375
0,test_ba_100_05,ba,100,ranknet,17,101,192,0.257075,0.25110625
0,test_ba_100_05,ba,100,ranknet,17,202,96,0.24625,0.232503125
0,test_ba_100_05,ba,100,ranknet,17,202,192,0.25715,0.25273125
0,test_ba_100_05,ba,100,ranknet,17,303,96,0.238375,0.241340625
0,test_ba_100_05,ba,100,ranknet,17,303,192,0.248225,0.245965625
0,test_ba_100_05,ba,100,ranknet,23,101,96,0.239925,0.24046875
0,test_ba_100_05,ba,100,ranknet,23,101,192,0.25395,0.250825
0,test_ba_100_05,ba,100,ranknet,23,202,96,0.2406,0.23931875
0,test_ba_100_05,ba,100,ranknet,23,202,192,0.25515,0.249921875
0,test_ba_100_05,ba,100,ranknet,23,303,96,0.24085,0.24285
0,test_ba_100_05,ba,100,ranknet,23,303,192,0.2547,0.2513625
0,test_ba_100_06,ba,100,ea,-1,101,96,0.242425,0.2407375
0,test_ba_100_06,ba,100,ea,-1,101,192,0.244675,0.240971875
0,test_ba_100_06,ba,100,ea,-1,202,96,0.24055,0.236690625
0,test_ba_100_06,ba,100,ea,-1,202,192,0.24325,0.237828125
0,test_ba_100_06,ba,100,ea,-1,303,96,0.23075,0.229109375
0,test_ba_100_06,ba,100,ea,-1,303,192,0.240725,0.237209375
0,test_ba_100_06,ba,100,global_log_mse,17,101,96,0.254975,0.249196875
0,test_ba_100_06,ba,100,global_log_mse,17,101,192,0.26295,0.252265625
0,test_ba_100_06,ba,100,global_log_mse,17,202,96,0.237875,0.23789375
0,test_ba_100_06,ba,100,global_log_mse,17,202,192,0.25055,0.2462375
0,test_ba_100_06,ba,100,global_log_mse,17,303,96,0.2416,0.239728125
0,test_ba_100_06,ba,100,global_log_mse,17,303,192,0.251775,0.244503125
0,test_ba_100_06,ba,100,global_log_mse,23,101,96,0.24945,0.243896875
0,test_ba_100_06,ba,100,global_log_mse,23,101,192,0.2617,0.250671875
0,test_ba_100_06,ba,100,global_log_mse,23,202,96,0.244825,0.240665625
0,test_ba_100_06,ba,100,global_log_mse,23,202,192,0.25265,0.252128125
0,test_ba_100_06,ba,100,global_log_mse,23,303,96,0.244275,0.2410375
0,test_ba_100_06,ba,100,global_log_mse,23,303,192,0.252925,0.245284375
0,test_ba_100_06,ba,100,global_mse,17,101,96,0.254075,0.247296875
0,test_ba_100_06,ba,100,global_mse,17,101,192,0.265125,0.25715
0,test_ba_100_06,ba,100,global_mse,17,202,96,0.239175,0.242053125
0,test_ba_100_06,ba,100,global_mse,17,202,192,0.2554,0.246696875
0,test_ba_100_06,ba,100,global_mse,17,303,96,0.240175,0.24060625
0,test_ba_100_06,ba,100,global_mse,17,303,192,0.24945,0.24656875
0,test_ba_100_06,ba,100,global_mse,23,101,96,0.241325,0.23719375
0,test_ba_100_06,ba,100,global_mse,23,101,192,0.249175,0.2446625
0,test_ba_100_06,ba,100,global_mse,23,202,96,0.2468,0.2467375
0,test_ba_100_06,ba,100,global_mse,23,202,192,0.25325,0.252259375
0,test_ba_100_06,ba,100,global_mse,23,303,96,0.23895,0.239
0,test_ba_100_06,ba,100,global_mse,23,303,192,0.252975,0.251253125
0,test_ba_100_06,ba,100,hillclimb,-1,101,96,0.2424,0.240003125
0,test_ba_100_06,ba,100,hillclimb,-1,101,192,0.2514,0.24590625
0,test_ba_100_06,ba,100,hillclimb,-1,202,96,0.242725,0.237884375
0,test_ba_100_06,ba,100,hillclimb,-1,202,192,0.25395,0.2491625
0,test_ba_100_06,ba,100,hillclimb,-1,303,96,0.2413,0.238975
0,test_ba_100_06,ba,100,hillclimb,-1,303,192,0.248125,0.247990625
0,test_ba_100_06,ba,100,log_mse,17,101,96,0.2459,0.240103125
0,test_ba_100_06,ba,100,log_mse,17,101,192,0.255475,0.245403125
0,test_ba_100_06,ba,100,log_mse,17,202,96,0.23955,0.23671875
0,test_ba_100_06,ba,100,log_mse,17,202,192,0.2507,0.247975
0,test_ba_100_06,ba,100,log_mse,17,303,96,0.243775,0.239571875
0,test_ba_100_06,ba,100,log_mse,17,303,192,0.2546,0.249809375
0,test_ba_100_06,ba,100,log_mse,23,101,96,0.255,0.24485
0,test_ba_100_06,ba,100,log_mse,23,101,192,0.262725,0.253584375
0,test_ba_100_06,ba,100,log_mse,23,202,96,0.245925,0.244965625
0,test_ba_100_06,ba,100,log_mse,23,202,192,0.255475,0.253521875
0,test_ba_100_06,ba,100,log_mse,23,303,96,0.24025,0.239965625
0,test_ba_100_06,ba,100,log_mse,23,303,192,0.252675,0.245828125
0,test_ba_100_06,ba,100,mse,17,101,96,0.254675,0.2493125
0,test_ba_100_06,ba,100,mse,17,101,192,0.262075,0.254503125
0,test_ba_100_06,ba,100,mse,17,202,96,0.246125,0.244028125
0,test_ba_100_06,ba,100,mse,17,202,192,0.252075,0.2513875
0,test_ba_100_06,ba,100,mse,17,303,96,0.24975,0.245315625
0,test_ba_100_06,ba,100,mse,17,303,192,0.262575,0.257396875
0,test_ba_100_06,ba,100,mse,23,101,96,0.254575,0.248196875
0,test_ba_100_06,ba,100,mse,23,101,192,0.259725,0.25209375
0,test_ba_100_06,ba,100,mse,23,202,96,0.239025,0.237809375
0,test_ba_100_06,ba,100,mse,23,202,192,0.253575,0.25625625
0,test_ba_100_06,ba,100,mse,23,303,96,0.2391,0.23736875
0,test_ba_100_06,ba,100,mse,23,303,192,0.2523,0.250353125
0,test_ba_100_06,ba,100,pool_random,-1,101,96,0.235925,0.232146875
0,test_ba_100_06,ba,100,pool_random,-1,101,192,0.24525,0.2378125
0,test_ba_100_06,ba,100,pool_random,-1,202,96,0.2314,0.229046875
0,test_ba_100_06,ba,100,pool_random,-1,202,192,0.244425,0.238234375
0,test_ba_100_06,ba,100,pool_random,-1,303,96,0.2364,0.232234375
0,test_ba_100_06,ba,100,pool_random,-1,303,192,0.24755,0.248546875
0,test_ba_100_06,ba,100,random,-1,101,96,0.23265,0.23311875
0,test_ba_100_06,ba,100,random,-1,101,192,0.235675,0.235565625
0,test_ba_100_06,ba,100,random,-1,202,96,0.230325,0.229534375
0,test_ba_100_06,ba,100,random,-1,202,192,0.232225,0.232578125
0,test_ba_100_06,ba,100,random,-1,303,96,0.232875,0.234628125
0,test_ba_100_06,ba,100,random,-1,303,192,0.233175,0.2324375
0,test_ba_100_06,ba,100,ranknet,17,101,96,0.26035,0.2526375
0,test_ba_100_06,ba,100,ranknet,17,101,192,0.263375,0.25641875
0,test_ba_100_06,ba,100,ranknet,17,202,96,0.249975,0.2404625
0,test_ba_100_06,ba,100,ranknet,17,202,192,0.26315,0.25505625
0,test_ba_100_06,ba,100,ranknet,17,303,96,0.253625,0.2491
0,test_ba_100_06,ba,100,ranknet,17,303,192,0.259775,0.259375
0,test_ba_100_06,ba,100,ranknet,23,101,96,0.255525,0.252015625
0,test_ba_100_06,ba,100,ranknet,23,101,192,0.260575,0.258009375
0,test_ba_100_06,ba,100,ranknet,23,202,96,0.241925,0.241053125
0,test_ba_100_06,ba,100,ranknet,23,202,192,0.252775,0.248534375
0,test_ba_100_06,ba,100,ranknet,23,303,96,0.250675,0.248571875
0,test_ba_100_06,ba,100,ranknet,23,303,192,0.2597,0.2516375
0,test_ba_100_07,ba,100,ea,-1,101,96,0.197025,0.196628125
0,test_ba_100_07,ba,100,ea,-1,101,192,0.20575,0.203334375
0,test_ba_100_07,ba,100,ea,-1,202,96,0.20665,0.200746875
0,test_ba_100_07,ba,100,ea,-1,202,192,0.212375,0.206959375
0,test_ba_100_07,ba,100,ea,-1,303,96,0.19995,0.19909375
0,test_ba_100_07,ba,100,ea,-1,303,192,0.20465,0.20175625
0,test_ba_100_07,ba,100,global_log_mse,17,101,96,0.19865,0.198575
0,test_ba_100_07,ba,100,global_log_mse,17,101,192,0.212075,0.20851875
0,test_ba_100_07,ba,100,global_log_mse,17,202,96,0.197825,0.195290625
0,test_ba_100_07,ba,100,global_log_mse,17,202,192,0.20215,0.199140625
0,test_ba_100_07,ba,100,global_log_mse,17,303,96,0.20585,0.20211875
0,test_ba_100_07,ba,100,global_log_mse,17,303,192,0.2129,0.209678125
0,test_ba_100_07,ba,100,global_log_mse,23,101,96,0.20335,0.19815
0,test_ba_100_07,ba,100,global_log_mse,23,101,192,0.215375,0.20651875
0,test_ba_100_07,ba,100,global_log_mse,23,202,96,0.2148,0.208453125
0,test_ba_100_07,ba,100,global_log_mse,23,202,192,0.218575,0.2121875
0,test_ba_100_07,ba,100,global_log_mse,23,303,96,0.201375,0.198884375
0,test_ba_100_07,ba,100,global_log_mse,23,303,192,0.204125,0.20194375
0,test_ba_100_07,ba,100,global_mse,17,101,96,0.204675,0.20165625
0,test_ba_100_07,ba,100,global_mse,17,101,192,0.224425,0.216975
0,test_ba_100_07,ba,100,global_mse,17,202,96,0.207375,0.2059375
0,test_ba_100_07,ba,100,global_mse,17,202,192,0.216525,0.213225
0,test_ba_100_07,ba,100,global_mse,17,303,96,0.2049,0.1982125
0,test_ba_100_07,ba,100,global_mse,17,303,192,0.216425,0.21205
0,test_ba_100_07,ba,100,global_mse,23,101,96,0.2062,0.204140625
0,test_ba_100_07,ba,100,global_mse,23,101,192,0.213475,0.2056
0,test_ba_100_07,ba,100,global_mse,23,202,96,0.203325,0.203971875
0,test_ba_100_07,ba,100,global_mse,23,202,192,0.210175,0.20879375
0,test_ba_100_07,ba,100,global_mse,23,303,96,0.201975,0.20098125
0,test_ba_100_07,ba,100,global_mse,23,303,192,0.213325,0.2113875
0,test_ba_100_07,ba,100,hillclimb,-1,101,96,0.211375,0.20599375
0,test_ba_100_07,ba,100,hillclimb,-1,101,192,0.2158,0.20794375
0,test_ba_100_07,ba,100,hillclimb,-1,202,96,0.21765,0.206465625
0,test_ba_100_07,ba,100,hillclimb,-1,202,192,0.220325,0.211584375
0,test_ba_100_07,ba,100,hillclimb,-1,303,96,0.207725,0.204734375
0,test_ba_100_07,ba,100,hillclimb,-1,303,192,0.2172,0.21708125
0,test_ba_100_07,ba,100,log_mse,17,101,96,0.20155,0.199540625
0,test_ba_100_07,ba,100,log_mse,17,101,192,0.21625,0.206103125
0,test_ba_100_07,ba,100,log_mse,17,202,96,0.216725,0.20778125
0,test_ba_100_07,ba,100,log_mse,17,202,192,0.217225,0.212240625
0,test_ba_100_07,ba,100,log_mse,17,303,96,0.21525,0.214178125
0,test_ba_100_07,ba,100,log_mse,17,303,192,0.222275,0.2181125
0,test_ba_100_07,ba,100,log_mse,23,101,96,0.21055,0.20850625
0,test_ba_100_07,ba,100,log_mse,23,101,192,0.21615,0.21835
0,test_ba_100_07,ba,100,log_mse,23,202,96,0.2149,0.2129375
0,test_ba_100_07,ba,100,log_mse,23,202,192,0.220975,0.2168875
0,test_ba_100_07,ba,100,log_mse,23,303,96,0.203025,0.20391875
0,test_ba_100_07,ba,100,log_mse,23,303,192,0.218775,0.2126125
0,test_ba_100_07,ba,100,mse,17,101,96,0.204325,0.204
0,test_ba_100_07,ba,100,mse,17,101,192,0.21445,0.214415625
0,test_ba_100_07,ba,100,mse,17,202,96,0.214125,0.209175
0,test_ba_100_07,ba,100,mse,17,202,192,0.2214,0.21599375
0,test_ba_100_07,ba,100,mse,17,303,96,0.210925,0.209053125
0,test_ba_100_07,ba,100,mse,17,303,192,0.219025,0.21708125
0,test_ba_100_07,ba,100,mse,23,101,96,0.209325,0.206540625
0,test_ba_100_07,ba,100,mse,23,101,192,0.214575,0.2071
0,test_ba_100_07,ba,100,mse,23,202,96,0.216175,0.2127625
0,test_ba_100_07,ba,100,mse,23,202,192,0.223625,0.215503125
0,test_ba_100_07,ba,100,mse,23,303,96,0.2034,0.20298125
0,test_ba_100_07,ba,100,mse,23,303,192,0.208075,0.20841875
0,test_ba_100_07,ba,100,pool_random,-1,101,96,0.204925,0.203690625
0,test_ba_100_07,ba,100,pool_random,-1,101,192,0.210225,0.20675625
0,test_ba_100_07,ba,100,pool_random,-1,202,96,0.2101,0.205059375
0,test_ba_100_07,ba,100,pool_random,-1,202,192,0.2101,0.205059375
0,test_ba_100_07,ba,100,pool_random,-1,303,96,0.1975,0.197203125
0,test_ba_100_07,ba,100,pool_random,-1,303,192,0.208775,0.206859375
0,test_ba_100_07,ba,100,random,-1,101,96,0.19435,0.190753125
0,test_ba_100_07,ba,100,random,-1,101,192,0.19435,0.190753125
0,test_ba_100_07,ba,100,random,-1,202,96,0.19595,0.189225
0,test_ba_100_07,ba,100,random,-1,202,192,0.19595,0.189225
0,test_ba_100_07,ba,100,random,-1,303,96,0.193025,0.193575
0,test_ba_100_07,ba,100,random,-1,303,192,0.193025,0.193575
0,test_ba_100_07,ba,100,ranknet,17,101,96,0.21145,0.2100875
0,test_ba_100_07,ba,100,ranknet,17,101,192,0.231975,0.225028125
0,test_ba_100_07,ba,100,ranknet,17,202,96,0.217175,0.21156875
0,test_ba_100_07,ba,100,ranknet,17,202,192,0.224625,0.223553125
0,test_ba_100_07,ba,100,ranknet,17,303,96,0.212,0.2126625
0,test_ba_100_07,ba,100,ranknet,17,303,192,0.22065,0.219359375
0,test_ba_100_07,ba,100,ranknet,23,101,96,0.209475,0.2109125
0,test_ba_100_07,ba,100,ranknet,23,101,192,0.21945,0.217503125
0,test_ba_100_07,ba,100,ranknet,23,202,96,0.220825,0.213278125
0,test_ba_100_07,ba,100,ranknet,23,202,192,0.226175,0.22025625
0,test_ba_100_07,ba,100,ranknet,23,303,96,0.21465,0.215859375
0,test_ba_100_07,ba,100,ranknet,23,303,192,0.22505,0.22355
0,test_ba_50_00,ba,50,ea,-1,101,96,0.2279,0.2258
0,test_ba_50_00,ba,50,ea,-1,101,192,0.2341,0.2356125
0,test_ba_50_00,ba,50,ea,-1,202,96,0.2342,0.2368375
0,test_ba_50_00,ba,50,ea,-1,202,192,0.2391,0.239675
0,test_ba_50_00,ba,50,ea,-1,303,96,0.2325,0.229
0,test_ba_50_00,ba,50,ea,-1,303,192,0.2407,0.2346875
0,test_ba_50_00,ba,50,global_log_mse,17,101,96,0.2425,0.2383125
0,test_ba_50_00,ba,50,global_log_mse,17,101,192,0.2643,0.25175
0,test_ba_50_00,ba,50,global_log_mse,17,202,96,0.2426,0.2379875
0,test_ba_50_00,ba,50,global_log_mse,17,202,192,0.2545,0.2508375
0,test_ba_50_00,ba,50,global_log_mse,17,303,96,0.2416,0.2296375
0,test_ba_50_00,ba,50,global_log_mse,17,303,192,0.2514,0.2517125
0,test_ba_50_00,ba,50,global_log_mse,23,101,96,0.249,0.2458625
0,test_ba_50_00,ba,50,global_log_mse,23,101,192,0.2568,0.2507375
0,test_ba_50_00,ba,50,global_log_mse,23,202,96,0.2458,0.2389375
0,test_ba_50_00,ba,50,global_log_mse,23,202,192,0.2583,0.2505125
0,test_ba_50_00,ba,50,global_log_mse,23,303,96,0.2519,0.245425
0,test_ba_50_00,ba,50,global_log_mse,23,303,192,0.2619,0.2599625
0,test_ba_50_00,ba,50,global_mse,17,101,96,0.2474,0.235575
0,test_ba_50_00,ba,50,global_mse,17,101,192,0.2561,0.2528
0,test_ba_50_00,ba,50,global_mse,17,202,96,0.2452,0.242125
0,test_ba_50_00,ba,50,global_mse,17,202,192,0.2509,0.24805
0,test_ba_50_00,ba,50,global_mse,17,303,96,0.2559,0.2478
0,test_ba_50_00,ba,50,global_mse,17,303,192,0.2615,0.2482625
0,test_ba_50_00,ba,50,global_mse,23,101,96,0.2452,0.2417125
0,test_ba_50_00,ba,50,global_mse,23,101,192,0.2614,0.2465875
0,test_ba_50_00,ba,50,global_mse,23,202,96,0.2433,0.2402625
0,test_ba_50_00,ba,50,global_mse,23,202,192,0.2578,0.255
0,test_ba_50_00,ba,50,global_mse,23,303,96,0.2361,0.2414875
0,test_ba_50_00,ba,50,global_mse,23,303,192,0.2578,0.25155
0,test_ba_50_00,ba,50,hillclimb,-1,101,96,0.2247,0.2185625
0,test_ba_50_00,ba,50,hillclimb,-1,101,192,0.2473,0.2455875
0,test_ba_50_00,ba,50,hillclimb,-1,202,96,0.2352,0.2269
0,test_ba_50_00,ba,50,hillclimb,-1,202,192,0.2444,0.2336125
0,test_ba_50_00,ba,50,hillclimb,-1,303,96,0.2401,0.238775
0,test_ba_50_00,ba,50,hillclimb,-1,303,192,0.2464,0.2452375
0,test_ba_50_00,ba,50,log_mse,17,101,96,0.239,0.2347625
0,test_ba_50_00,ba,50,log_mse,17,101,192,0.2459,0.242525
0,test_ba_50_00,ba,50,log_mse,17,202,96,0.2427,0.2411
0,test_ba_50_00,ba,50,log_mse,17,202,192,0.2461,0.2434
0,test_ba_50_00,ba,50,log_mse,17,303,96,0.2425,0.2391375
0,test_ba_50_00,ba,50,log_mse,17,303,192,0.2553,0.2534125
0,test_ba_50_00,ba,50,log_mse,23,101,96,0.2412,0.23435
0,test_ba_50_00,ba,50,log_mse,23,101,192,0.2575,0.2508625
0,test_ba_50_00,ba,50,log_mse,23,202,96,0.2486,0.24455
0,test_ba_50_00,ba,50,log_mse,23,202,192,0.2671,0.259675
0,test_ba_50_00,ba,50,log_mse,23,303,96,0.2373,0.2352875
0,test_ba_50_00,ba,50,log_mse,23,303,192,0.2614,0.2497125
0,test_ba_50_00,ba,50,mse,17,101,96,0.2356,0.2362125
0,test_ba_50_00,ba,50,mse,17,101,192,0.2448,0.2454875
0,test_ba_50_00,ba,50,mse,17,202,96,0.2504,0.2444125
0,test_ba_50_00,ba,50,mse,17,202,192,0.252,0.2486875
0,test_ba_50_00,ba,50,mse,17,303,96,0.2429,0.241175
0,test_ba_50_00,ba,50,mse,17,303,192,0.2611,0.2554375
0,test_ba_50_00,ba,50,mse,23,101,96,0.2494,0.247875
0,test_ba_50_00,ba,50,mse,23,101,192,0.264,0.261825
0,test_ba_50_00,ba,50,mse,23,202,96,0.2435,0.2396125
0,test_ba_50_00,ba,50,mse,23,202,192,0.2625,0.2575
0,test_ba_50_00,ba,50,mse,23,303,96,0.2476,0.2430875
0,test_ba_50_00,ba,50,mse,23,303,192,0.2552,0.2511875
0,test_ba_50_00,ba,50,pool_random,-1,101,96,0.224,0.2235875
0,test_ba_50_00,ba,50,pool_random,-1,101,192,0.2316,0.2313875
0,test_ba_50_00,ba,50,pool_random,-1,202,96,0.2405,0.2303625
0,test_ba_50_00,ba,50,pool_random,-1,202,192,0.2481,0.2445
0,test_ba_50_00,ba,50,pool_random,-1,303,96,0.2384,0.23435
0,test_ba_50_00,ba,50,pool_random,-1,303,192,0.2453,0.24115
0,test_ba_50_00,ba,50,random,-1,101,96,0.2361,0.2319
0,test_ba_50_00,ba,50,random,-1,101,192,0.2361,0.2319
0,test_ba_50_00,ba,50,random,-1,202,96,0.2268,0.2286125
0,test_ba_50_00,ba,50,random,-1,202,192,0.2268,0.2286125
0,test_ba_50_00,ba,50,random,-1,303,96,0.2292,0.2281125
0,test_ba_50_00,ba,50,random,-1,303,192,0.2293,0.2320125
0,test_ba_50_00,ba,50,ranknet,17,101,96,0.2477,0.247925
0,test_ba_50_00,ba,50,ranknet,17,101,192,0.2617,0.252625
0,test_ba_50_00,ba,50,ranknet,17,202,96,0.2479,0.2495625
0,test_ba_50_00,ba,50,ranknet,17,202,192,0.2687,0.26465
0,test_ba_50_00,ba,50,ranknet,17,303,96,0.243,0.2422875
0,test_ba_50_00,ba,50,ranknet,17,303,192,0.2632,0.25475
0,test_ba_50_00,ba,50,ranknet,23,101,96,0.2468,0.2438625
0,test_ba_50_00,ba,50,ranknet,23,101,192,0.2646,0.2625
0,test_ba_50_00,ba,50,ranknet,23,202,96,0.2581,0.246275
0,test_ba_50_00,ba,50,ranknet,23,202,192,0.2663,0.2592625
0,test_ba_50_00,ba,50,ranknet,23,303,96,0.2402,0.2373125
0,test_ba_50_00,ba,50,ranknet,23,303,192,0.2517,0.2490875
0,test_ba_50_01,ba,50,ea,-1,101,96,0.2629,0.25495
0,test_ba_50_01,ba,50,ea,-1,101,192,0.2689,0.256425
0,test_ba_50_01,ba,50,ea,-1,202,96,0.2613,0.2628875
0,test_ba_50_01,ba,50,ea,-1,202,192,0.2669,0.2636
0,test_ba_50_01,ba,50,ea,-1,303,96,0.2648,0.259725
0,test_ba_50_01,ba,50,ea,-1,303,192,0.2689,0.2546375
0,test_ba_50_01,ba,50,global_log_mse,17,101,96,0.2656,0.2627625
0,test_ba_50_01,ba,50,global_log_mse,17,101,192,0.2797,0.2714875
0,test_ba_50_01,ba,50,global_log_mse,17,202,96,0.2837,0.2786125
0,test_ba_50_01,ba,50,global_log_mse,17,202,192,0.2902,0.2868125
0,test_ba_50_01,ba,50,global_log_mse,17,303,96,0.2715,0.263
0,test_ba_50_01,ba,50,global_log_mse,17,303,192,0.2842,0.2765375
0,test_ba_50_01,ba,50,global_log_mse,23,101,96,0.27,0.2680375
0,test_ba_50_01,ba,50,global_log_mse,23,101,192,0.2868,0.2761375
0,test_ba_50_01,ba,50,global_log_mse,23,202,96,0.2766,0.278525
0,test_ba_50_01,ba,50,global_log_mse,23,202,192,0.2945,0.288225
0,test_ba_50_01,ba,50,global_log_mse,23,303,96,0.276,0.2723125
0,test_ba_50_01,ba,50,global_log_mse,23,303,192,0.2789,0.274475
0,test_ba_50_01,ba,50,global_mse,17,101,96,0.2644,0.2541625
0,test_ba_50_01,ba,50,global_mse,17,101,192,0.2827,0.28385
0,test_ba_50_01,ba,50,global_mse,17,202,96,0.2804,0.2726875
0,test_ba_50_01,ba,50,global_mse,17,202,192,0.291,0.28465
0,test_ba_50_01,ba,50,global_mse,17,303,96,0.2666,0.2644
0,test_ba_50_01,ba,50,global_mse,17,303,192,0.2801,0.272225
0,test_ba_50_01,ba,50,global_mse,23,101,96,0.2714,0.27395
0,test_ba_50_01,ba,50,global_mse,23,101,192,0.2893,0.2818625
0,test_ba_50_01,ba,50,global_mse,23,202,96,0.2735,0.2723875
0,test_ba_50_01,ba,50,global_mse,23,202,192,0.2849,0.276725
0,test_ba_50_01,ba,50,global_mse,23,303,96,0.2726,0.2666125
0,test_ba_50_01,ba,50,global_mse,23,303,192,0.2797,0.271075
0,test_ba_50_01,ba,50,hillclimb,-1,101,96,0.2731,0.2641375
0,test_ba_50_01,ba,50,hillclimb,-1,101,192,0.2791,0.2691875
0,test_ba_50_01,ba,50,hillclimb,-1,202,96,0.2614,0.2544125
0,test_ba_50_01,ba,50,hillclimb,-1,202,192,0.2681,0.2635875
0,test_ba_50_01,ba,50,hillclimb,-1,303,96,0.2596,0.25155
0,test_ba_50_01,ba,50,hillclimb,-1,303,192,0.2722,0.2615
0,test_ba_50_01,ba,50,log_mse,17,101,96,0.2746,0.26555
0,test_ba_50_01,ba,50,log_mse,17,101,192,0.2849,0.279325
0,test_ba_50_01,ba,50,log_mse,17,202,96,0.2762,0.2728
0,test_ba_50_01,ba,50,log_mse,17,202,192,0.2824,0.2842875
0,test_ba_50_01,ba,50,log_mse,17,303,96,0.2705,0.268625
0,test_ba_50_01,ba,50,log_mse,17,303,192,0.2906,0.285
0,test_ba_50_01,ba,50,log_mse,23,101,96,0.2652,0.2636
0,test_ba_50_01,ba,50,log_mse,23,101,192,0.2804,0.2750875
0,test_ba_50_01,ba,50,log_mse,23,202,96,0.2703,0.2721625
0,test_ba_50_01,ba,50,log_mse,23,202,192,0.281,0.2783625
0,test_ba_50_01,ba,50,log_mse,23,303,96,0.2741,0.269025
0,test_ba_50_01,ba,50,log_mse,23,303,192,0.2896,0.28835
0,test_ba_50_01,ba,50,mse,17,101,96,0.274,0.27245
0,test_ba_50_01,ba,50,mse,17,101,192,0.2793,0.2709625
0,test_ba_50_01,ba,50,mse,17,202,96,0.2739,0.265225
0,test_ba_50_01,ba,50,mse,17,202,192,0.2813,0.281825
0,test_ba_50_01,ba,50,mse,17,303,96,0.2745,0.2707875
0,test_ba_50_01,ba,50,mse,17,303,192,0.2844,0.281525
0,test_ba_50_01,ba,50,mse,23,101,96,0.2699,0.2735875
0,test_ba_50_01,ba,50,mse,23,101,192,0.2915,0.28315
0,test_ba_50_01,ba,50,mse,23,202,96,0.2823,0.27605
0,test_ba_50_01,ba,50,mse,23,202,192,0.2914,0.279325
0,test_ba_50_01,ba,50,mse,23,303,96,0.278,0.269325
0,test_ba_50_01,ba,50,mse,23,303,192,0.2845,0.2802375
0,test_ba_50_01,ba,50,pool_random,-1,101,96,0.2612,0.2562625
0,test_ba_50_01,ba,50,pool_random,-1,101,192,0.2709,0.262775
0,test_ba_50_01,ba,50,pool_random,-1,202,96,0.2613,0.2586875
0,test_ba_50_01,ba,50,pool_random,-1,202,192,0.2711,0.2665
0,test_ba_50_01,ba,50,pool_random,-1,303,96,0.2623,0.265125
0,test_ba_50_01,ba,50,pool_random,-1,303,192,0.2695,0.2664375
0,test_ba_50_01,ba,50,random,-1,101,96,0.2572,0.2548
0,test_ba_50_01,ba,50,random,-1,101,192,0.2572,0.2548
0,test_ba_50_01,ba,50,random,-1,202,96,0.2595,0.2548625
0,test_ba_50_01,ba,50,random,-1,202,192,0.2621,0.261125
0,test_ba_50_01,ba,50,random,-1,303,96,0.2542,0.256625
0,test_ba_50_01,ba,50,random,-1,303,192,0.2555,0.2556375
0,test_ba_50_01,ba,50,ranknet,17,101,96,0.2749,0.269775
0,test_ba_50_01,ba,50,ranknet,17,101,192,0.2806,0.2789875
0,test_ba_50_01,ba,50,ranknet,17,202,96,0.2812,0.2826625
0,test_ba_50_01,ba,50,ranknet,17,202,192,0.2914,0.286175
0,test_ba_50_01,ba,50,ranknet,17,303,96,0.2803,0.2738125
0,test_ba_50_01,ba,50,ranknet,17,303,192,0.2934,0.2900125
0,test_ba_50_01,ba,50,ranknet,23,101,96,0.2834,0.2757375
0,test_ba_50_01,ba,50,ranknet,23,101,192,0.2863,0.2800375
0,test_ba_50_01,ba,50,ranknet,23,202,96,0.2795,0.2806375
0,test_ba_50_01,ba,50,ranknet,23,202,192,0.292,0.2893625
0,test_ba_50_01,ba,50,ranknet,23,303,96,0.2852,0.28185
0,test_ba_50_01,ba,50,ranknet,23,303,192,0.2875,0.2754875
0,test_ba_50_02,ba,50,ea,-1,101,96,0.2704,0.2662875
0,test_ba_50_02,ba,50,ea,-1,101,192,0.2728,0.27095
0,test_ba_50_02,ba,50,ea,-1,202,96,0.2636,0.2592875
0,test_ba_50_02,ba,50,ea,-1,202,192,0.2722,0.2695
0,test_ba_50_02,ba,50,ea,-1,303,96,0.2546,0.2523125
0,test_ba_50_02,ba,50,ea,-1,303,192,0.2635,0.259925
0,test_ba_50_02,ba,50,global_log_mse,17,101,96,0.2746,0.2660375
0,test_ba_50_02,ba,50,global_log_mse,17,101,192,0.2833,0.2767625
0,test_ba_50_02,ba,50,global_log_mse,17,202,96,0.271,0.2690375
0,test_ba_50_02,ba,50,global_log_mse,17,202,192,0.28,0.2751875
0,test_ba_50_02,ba,50,global_log_mse,17,303,96,0.2729,0.2676
0,test_ba_50_02,ba,50,global_log_mse,17,303,192,0.2872,0.2802
0,test_ba_50_02,ba,50,global_log_mse,23,101,96,0.2692,0.2635
0,test_ba_50_02,ba,50,global_log_mse,23,101,192,0.2878,0.2853375
0,test_ba_50_02,ba,50,global_log_mse,23,202,96,0.2812,0.2697625
0,test_ba_50_02,ba,50,global_log_mse,23,202,192,0.2884,0.2772875
0,test_ba_50_02,ba,50,global_log_mse,23,303,96,0.2718,0.2695125
0,test_ba_50_02,ba,50,global_log_mse,23,303,192,0.2904,0.28165
0,test_ba_50_02,ba,50,global_mse,17,101,96,0.2734,0.2692375
0,test_ba_50_02,ba,50,global_mse,17,101,192,0.2807,0.272025
0,test_ba_50_02,ba,50,global_mse,17,202,96,0.269,0.2654875
0,test_ba_50_02,ba,50,global_mse,17,202,192,0.2756,0.2668875
0,test_ba_50_02,ba,50,global_mse,17,303,96,0.2687,0.263525
0,test_ba_50_02,ba,50,global_mse,17,303,192,0.2723,0.2657375
0,test_ba_50_02,ba,50,global_mse,23,101,96,0.2769,0.2701625
0,test_ba_50_02,ba,50,global_mse,23,101,192,0.2905,0.284325
0,test_ba_50_02,ba,50,global_mse,23,202,96,0.2794,0.2726
0,test_ba_50_02,ba,50,global_mse,23,202,192,0.2851,0.2735125
0,test_ba_50_02,ba,50,global_mse,23,303,96,0.2695,0.2634375
0,test_ba_50_02,ba,50,global_mse,23,303,192,0.2788,0.2715375
0,test_ba_50_02,ba,50,hillclimb,-1,101,96,0.2805,0.27525
0,test_ba_50_02,ba,50,hillclimb,-1,101,192,0.2855,0.27785
0,test_ba_50_02,ba,50,hillclimb,-1,202,96,0.2729,0.264
0,test_ba_50_02,ba,50,hillclimb,-1,202,192,0.2786,0.2625
0,test_ba_50_02,ba,50,hillclimb,-1,303,96,0.2713,0.264725
0,test_ba_50_02,ba,50,hillclimb,-1,303,192,0.2823,0.2743
0,test_ba_50_02,ba,50,log_mse,17,101,96,0.2723,0.26895
0,test_ba_50_02,ba,50,log_mse,17,101,192,0.2767,0.2735125
0,test_ba_50_02,ba,50,log_mse,17,202,96,0.2753,0.2716625
0,test_ba_50_02,ba,50,log_mse,17,202,192,0.2802,0.27505
0,test_ba_50_02,ba,50,log_mse,17,303,96,0.2708,0.2765
0,test_ba_50_02,ba,50,log_mse,17,303,192,0.2788,0.2739625
0,test_ba_50_02,ba,50,log_mse,23,101,96,0.2711,0.269325
0,test_ba_50_02,ba,50,log_mse,23,101,192,0.2836,0.2756875
0,test_ba_50_02,ba,50,log_mse,23,202,96,0.2706,0.260625
0,test_ba_50_02,ba,50,log_mse,23,202,192,0.2818,0.2730625
0,test_ba_50_02,ba,50,log_mse,23,303,96,0.2636,0.262925
0,test_ba_50_02,ba,50,log_mse,23,303,192,0.2749,0.269925
0,test_ba_50_02,ba,50,mse,17,101,96,0.276,0.27155
0,test_ba_50_02,ba,50,mse,17,101,192,0.283,0.275025
0,test_ba_50_02,ba,50,mse,17,202,96,0.2737,0.2693
0,test_ba_50_02,ba,50,mse,17,202,192,0.2776,0.271925
0,test_ba_50_02,ba,50,mse,17,303,96,0.2664,0.2641
0,test_ba_50_02,ba,50,mse,17,303,192,0.2749,0.2709625
0,test_ba_50_02,ba,50,mse,23,101,96,0.272,0.26275
0,test_ba_50_02,ba,50,mse,23,101,192,0.2822,0.2747625
0,test_ba_50_02,ba,50,mse,23,202,96,0.2709,0.2662625
0,test_ba_50_02,ba,50,mse,23,202,192,0.2813,0.274875
0,test_ba_50_02,ba,50,mse,23,303,96,0.2689,0.26945
0,test_ba_50_02,ba,50,mse,23,303,192,0.278,0.2731125
0,test_ba_50_02,ba,50,pool_random,-1,101,96,0.2664,0.2625125
0,test_ba_50_02,ba,50,pool_random,-1,101,192,0.2686,0.265625
0,test_ba_50_02,ba,50,pool_random,-1,202,96,0.2559,0.257225
0,test_ba_50_02,ba,50,pool_random,-1,202,192,0.2667,0.2648125
0,test_ba_50_02,ba,50,pool_random,-1,303,96,0.2584,0.2566875
0,test_ba_50_02,ba,50,pool_random,-1,303,192,0.263,0.2597875
0,test_ba_50_02,ba,50,random,-1,101,96,0.2619,0.2579875
0,test_ba_50_02,ba,50,random,-1,101,192,0.2677,0.2592125
0,test_ba_50_02,ba,50,random,-1,202,96,0.2522,0.2497875
0,test_ba_50_02,ba,50,random,-1,202,192,0.2543,0.257425
0,test_ba_50_02,ba,50,random,-1,303,96,0.2549,0.2526625
0,test_ba_50_02,ba,50,random,-1,303,192,0.2585,0.2614625
0,test_ba_50_02,ba,50,ranknet,17,101,96,0.2803,0.282775
0,test_ba_50_02,ba,50,ranknet,17,101,192,0.2884,0.277725
0,test_ba_50_02,ba,50,ranknet,17,202,96,0.2804,0.2777375
0,test_ba_50_02,ba,50,ranknet,17,202,192,0.2934,0.2816125
0,test_ba_50_02,ba,50,ranknet,17,303,96,0.2787,0.2757
0,test_ba_50_02,ba,50,ranknet,17,303,192,0.29,0.2860875
0,test_ba_50_02,ba,50,ranknet,23,101,96,0.2724,0.27085
0,test_ba_50_02,ba,50,ranknet,23,101,192,0.2803,0.2766
0,test_ba_50_02,ba,50,ranknet,23,202,96,0.2777,0.26845
0,test_ba_50_02,ba,50,ranknet,23,202,192,0.2833,0.2794875
0,test_ba_50_02,ba,50,ranknet,23,303,96,0.2785,0.263
0,test_ba_50_02,ba,50,ranknet,23,303,192,0.2827,0.269775
0,test_ba_50_03,ba,50,ea,-1,101,96,0.2443,0.2397875
0,test_ba_50_03,ba,50,ea,-1,101,192,0.2509,0.24845
0,test_ba_50_03,ba,50,ea,-1,202,96,0.2475,0.24395
0,test_ba_50_03,ba,50,ea,-1,202,192,0.2534,0.2528875
0,test_ba_50_03,ba,50,ea,-1,303,96,0.2455,0.2434125
0,test_ba_50_03,ba,50,ea,-1,303,192,0.252,0.2497875
0,test_ba_50_03,ba,50,global_log_mse,17,101,96,0.2672,0.26555
0,test_ba_50_03,ba,50,global_log_mse,17,101,192,0.2672,0.26555
0,test_ba_50_03,ba,50,global_log_mse,17,202,96,0.2521,0.2522625
0,test_ba_50_03,ba,50,global_log_mse,17,202,192,0.2638,0.25665
0,test_ba_50_03,ba,50,global_log_mse,17,303,96,0.2517,0.247725
0,test_ba_50_03,ba,50,global_log_mse,17,303,192,0.2621,0.263175
0,test_ba_50_03,ba,50,global_log_mse,23,101,96,0.2619,0.2589125
0,test_ba_50_03,ba,50,global_log_mse,23,101,192,0.2666,0.2637875
0,test_ba_50_03,ba,50,global_log_mse,23,202,96,0.2678,0.261975
0,test_ba_50_03,ba,50,global_log_mse,23,202,192,0.2753,0.26575
0,test_ba_50_03,ba,50,global_log_mse,23,303,96,0.2563,0.2544375
0,test_ba_50_03,ba,50,global_log_mse,23,303,192,0.2619,0.2585375
0,test_ba_50_03,ba,50,global_mse,17,101,96,0.2592,0.258825
0,test_ba_50_03,ba,50,global_mse,17,101,192,0.2733,0.2669125
0,test_ba_50_03,ba,50,global_mse,17,202,96,0.2574,0.2471
0,test_ba_50_03,ba,50,global_mse,17,202,192,0.273,0.2717875
0,test_ba_50_03,ba,50,global_mse,17,303,96,0.2664,0.2592375
0,test_ba_50_03,ba,50,global_mse,17,303,192,0.2723,0.273225
0,test_ba_50_03,ba,50,global_mse,23,101,96,0.2493,0.2482
0,test_ba_50_03,ba,50,global_mse,23,101,192,0.2677,0.25615
0,test_ba_50_03,ba,50,global_mse,23,202,96,0.2659,0.2601
0,test_ba_50_03,ba,50,global_mse,23,202,192,0.2746,0.2696125
0,test_ba_50_03,ba,50,global_mse,23,303,96,0.2486,0.2432375
0,test_ba_50_03,ba,50,global_mse,23,303,192,0.2657,0.2623625
0,test_ba_50_03,ba,50,hillclimb,-1,101,96,0.2537,0.250425
0,test_ba_50_03,ba,50,hillclimb,-1,101,192,0.2644,0.2630875
0,test_ba_50_03,ba,50,hillclimb,-1,202,96,0.2548,0.2521125
0,test_ba_50_03,ba,50,hillclimb,-1,202,192,0.2621,0.2592875
0,test_ba_50_03,ba,50,hillclimb,-1,303,96,0.2609,0.2556875
0,test_ba_50_03,ba,50,hillclimb,-1,303,192,0.2695,0.261425
0,test_ba_50_03,ba,50,log_mse,17,101,96,0.2483,0.249775
0,test_ba_50_03,ba,50,log_mse,17,101,192,0.2574,0.2563625
0,test_ba_50_03,ba,50,log_mse,17,202,96,0.2567,0.2548875
0,test_ba_50_03,ba,50,log_mse,17,202,192,0.2719,0.2720625
0,test_ba_50_03,ba,50,log_mse,17,303,96,0.2486,0.2537
0,test_ba_50_03,ba,50,log_mse,17,303,192,0.2614,0.25455
0,test_ba_50_03,ba,50,log_mse,23,101,96,0.2485,0.24855
0,test_ba_50_03,ba,50,log_mse,23,101,192,0.2609,0.25515
0,test_ba_50_03,ba,50,log_mse,23,202,96,0.2624,0.2544125
0,test_ba_50_03,ba,50,log_mse,23,202,192,0.2666,0.2628125
0,test_ba_50_03,ba,50,log_mse,23,303,96,0.2578,0.2568625
0,test_ba_50_03,ba,50,log_mse,23,303,192,0.2656,0.260425
0,test_ba_50_03,ba,50,mse,17,101,96,0.2547,0.2552875
0,test_ba_50_03,ba,50,mse,17,101,192,0.2574,0.2554625
0,test_ba_50_03,ba,50,mse,17,202,96,0.2584,0.2564625
0,test_ba_50_03,ba,50,mse,17,202,192,0.2679,0.26415
0,test_ba_50_03,ba,50,mse,17,303,96,0.2551,0.2541125
0,test_ba_50_03,ba,50,mse,17,303,192,0.2581,0.254975
0,test_ba_50_03,ba,50,mse,23,101,96,0.2571,0.2554375
0,test_ba_50_03,ba,50,mse,23,101,192,0.2628,0.2575625
0,test_ba_50_03,ba,50,mse,23,202,96,0.2604,0.2563375
0,test_ba_50_03,ba,50,mse,23,202,192,0.2685,0.264425
0,test_ba_50_03,ba,50,mse,23,303,96,0.2603,0.256525
0,test_ba_50_03,ba,50,mse,23,303,192,0.2639,0.2595625
0,test_ba_50_03,ba,50,pool_random,-1,101,96,0.2473,0.2424375
0,test_ba_50_03,ba,50,pool_random,-1,101,192,0.2501,0.2499125
0,test_ba_50_03,ba,50,pool_random,-1,202,96,0.2475,0.2473125
0,test_ba_50_03,ba,50,pool_random,-1,202,192,0.2533,0.250375
0,test_ba_50_03,ba,50,pool_random,-1,303,96,0.2453,0.2399875
0,test_ba_50_03,ba,50,pool_random,-1,303,192,0.2532,0.249825
0,test_ba_50_03,ba,50,random,-1,101,96,0.2354,0.237975
0,test_ba_50_03,ba,50,random,-1,101,192,0.2421,0.240325
0,test_ba_50_03,ba,50,random,-1,202,96,0.2404,0.2361625
0,test_ba_50_03,ba,50,random,-1,202,192,0.246,0.2463625
0,test_ba_50_03,ba,50,random,-1,303,96,0.2429,0.2442625
0,test_ba_50_03,ba,50,random,-1,303,192,0.2429,0.2442625
0,test_ba_50_03,ba,50,ranknet,17,101,96,0.2728,0.2630375
0,test_ba_50_03,ba,50,ranknet,17,101,192,0.274,0.2678625
0,test_ba_50_03,ba,50,ranknet,17,202,96,0.2671,0.263075
0,test_ba_50_03,ba,50,ranknet,17,202,192,0.2874,0.277175
0,test_ba_50_03,ba,50,ranknet,17,303,96,0.2659,0.2637
0,test_ba_50_03,ba,50,ranknet,17,303,192,0.2734,0.2673
0,test_ba_50_03,ba,50,ranknet,23,101,96,0.2683,0.2607125
0,test_ba_50_03,ba,50,ranknet,23,101,192,0.2752,0.2739625
0,test_ba_50_03,ba,50,ranknet,23,202,96,0.2711,0.26305
0,test_ba_50_03,ba,50,ranknet,23,202,192,0.2726,0.2642375
0,test_ba_50_03,ba,50,ranknet,23,303,96,0.2663,0.26515
0,test_ba_50_03,ba,50,ranknet,23,303,192,0.2797,0.2708875
0,test_ba_50_04,ba,50,ea,-1,101,96,0.2287,0.225175
0,test_ba_50_04,ba,50,ea,-1,101,192,0.2362,0.235275
0,test_ba_50_04,ba,50,ea,-1,202,96,0.2416,0.2395125
0,test_ba_50_04,ba,50,ea,-1,202,192,0.2515,0.2498375
0,test_ba_50_04,ba,50,ea,-1,303,96,0.2374,0.235375
0,test_ba_50_04,ba,50,ea,-1,303,192,0.243,0.2423125
0,test_ba_50_04,ba,50,global_log_mse,17,101,96,0.2494,0.2485125
0,test_ba_50_04,ba,50,global_log_mse,17,101,192,0.252,0.2490125
0,test_ba_50_04,ba,50,global_log_mse,17,202,96,0.2596,0.2559625
0,test_ba_50_04,ba,50,global_log_mse,17,202,192,0.2622,0.2518625
0,test_ba_50_04,ba,50,global_log_mse,17,303,96,0.242,0.2444875
0,test_ba_50_04,ba,50,global_log_mse,17,303,192,0.2515,0.2500375
0,test_ba_50_04,ba,50,global_log_mse,23,101,96,0.257,0.25645
0,test_ba_50_04,ba,50,global_log_mse,23,101,192,0.2614,0.2564625
0,test_ba_50_04,ba,50,global_log_mse,23,202,96,0.2614,0.2594625
0,test_ba_50_04,ba,50,global_log_mse,23,202,192,0.2614,0.2594625
0,test_ba_50_04,ba,50,global_log_mse,23,303,96,0.2438,0.242825
0,test_ba_50_04,ba,50,global_log_mse,23,303,192,0.257,0.2567375
0,test_ba_50_04,ba,50,global_mse,17,101,96,0.2368,0.2362875
0,test_ba_50_04,ba,50,global_mse,17,101,192,0.2407,0.243175
0,test_ba_50_04,ba,50,global_mse,17,202,96,0.252,0.2437375
0,test_ba_50_04,ba,50,global_mse,17,202,192,0.2541,0.247225
0,test_ba_50_04,ba,50,global_mse,17,303,96,0.2441,0.242225
0,test_ba_50_04,ba,50,global_mse,17,303,192,0.2595,0.2547125
0,test_ba_50_04,ba,50,global_mse,23,101,96,0.2489,0.246275
0,test_ba_50_04,ba,50,global_mse,23,101,192,0.2592,0.2558625
0,test_ba_50_04,ba,50,global_mse,23,202,96,0.2485,0.2441875
0,test_ba_50_04,ba,50,global_mse,23,202,192,0.2599,0.2581875
0,test_ba_50_04,ba,50,global_mse,23,303,96,0.2489,0.2484375
0,test_ba_50_04,ba,50,global_mse,23,303,192,0.2563,0.2488375
0,test_ba_50_04,ba,50,hillclimb,-1,101,96,0.2425,0.2403
0,test_ba_50_04,ba,50,hillclimb,-1,101,192,0.2535,0.2492
0,test_ba_50_04,ba,50,hillclimb,-1,202,96,0.2598,0.2526
0,test_ba_50_04,ba,50,hillclimb,-1,202,192,0.267,0.2544125
0,test_ba_50_04,ba,50,hillclimb,-1,303,96,0.2369,0.2336
0,test_ba_50_04,ba,50,hillclimb,-1,303,192,0.246,0.2463125
0,test_ba_50_04,ba,50,log_mse,17,101,96,0.2327,0.23365
0,test_ba_50_04,ba,50,log_mse,17,101,192,0.2619,0.2604625
0,test_ba_50_04,ba,50,log_mse,17,202,96,0.2505,0.250775
0,test_ba_50_04,ba,50,log_mse,17,202,192,0.2667,0.2606
0,test_ba_50_04,ba,50,log_mse,17,303,96,0.2451,0.245975
0,test_ba_50_04,ba,50,log_mse,17,303,192,0.2539,0.251375
0,test_ba_50_04,ba,50,log_mse,23,101,96,0.2483,0.2447375
0,test_ba_50_04,ba,50,log_mse,23,101,192,0.2573,0.252575
0,test_ba_50_04,ba,50,log_mse,23,202,96,0.2554,0.2530375
0,test_ba_50_04,ba,50,log_mse,23,202,192,0.2635,0.2556375
0,test_ba_50_04,ba,50,log_mse,23,303,96,0.2544,0.253175
0,test_ba_50_04,ba,50,log_mse,23,303,192,0.2611,0.2594
0,test_ba_50_04,ba,50,mse,17,101,96,0.2443,0.2449625
0,test_ba_50_04,ba,50,mse,17,101,192,0.2547,0.2519
0,test_ba_50_04,ba,50,mse,17,202,96,0.2546,0.2534375
0,test_ba_50_04,ba,50,mse,17,202,192,0.2601,0.25735
0,test_ba_50_04,ba,50,mse,17,303,96,0.2462,0.2441375
0,test_ba_50_04,ba,50,mse,17,303,192,0.2541,0.25085
0,test_ba_50_04,ba,50,mse,23,101,96,0.2459,0.245075
0,test_ba_50_04,ba,50,mse,23,101,192,0.2699,0.2665375
0,test_ba_50_04,ba,50,mse,23,202,96,0.2523,0.249525
0,test_ba_50_04,ba,50,mse,23,202,192,0.2588,0.2577
0,test_ba_50_04,ba,50,mse,23,303,96,0.2564,0.2564375
0,test_ba_50_04,ba,50,mse,23,303,192,0.2614,0.25615
0,test_ba_50_04,ba,50,pool_random,-1,101,96,0.238,0.236025
0,test_ba_50_04,ba,50,pool_random,-1,101,192,0.2458,0.244325
0,test_ba_50_04,ba,50,pool_random,-1,202,96,0.2463,0.2394375
0,test_ba_50_04,ba,50,pool_random,-1,202,192,0.2514,0.2498125
0,test_ba_50_04,ba,50,pool_random,-1,303,96,0.2326,0.2303625
0,test_ba_50_04,ba,50,pool_random,-1,303,192,0.2451,0.2406
0,test_ba_50_04,ba,50,random,-1,101,96,0.2272,0.2277125
0,test_ba_50_04,ba,50,random,-1,101,192,0.2272,0.2277125
0,test_ba_50_04,ba,50,random,-1,202,96,0.2396,0.236475
0,test_ba_50_04,ba,50,random,-1,202,192,0.2396,0.236475
0,test_ba_50_04,ba,50,random,-1,303,96,0.2345,0.2278875
0,test_ba_50_04,ba,50,random,-1,303,192,0.2345,0.2278875
0,test_ba_50_04,ba,50,ranknet,17,101,96,0.2612,0.2556125
0,test_ba_50_04,ba,50,ranknet,17,101,192,0.2678,0.261275
0,test_ba_50_04,ba,50,ranknet,17,202,96,0.2576,0.253
0,test_ba_50_04,ba,50,ranknet,17,202,192,0.2646,0.2585375
0,test_ba_50_04,ba,50,ranknet,17,303,96,0.2593,0.26065
0,test_ba_50_04,ba,50,ranknet,17,303,192,0.2716,0.2628
0,test_ba_50_04,ba,50,ranknet,23,101,96,0.2536,0.25205
0,test_ba_50_04,ba,50,ranknet,23,101,192,0.2676,0.2636375
0,test_ba_50_04,ba,50,ranknet,23,202,96,0.2612,0.25585
0,test_ba_50_04,ba,50,ranknet,23,202,192,0.2699,0.2579125
0,test_ba_50_04,ba,50,ranknet,23,303,96,0.2546,0.2545375
0,test_ba_50_04,ba,50,ranknet,23,303,192,0.2642,0.2610125
0,test_ba_50_05,ba,50,ea,-1,101,96,0.2671,0.267425
0,test_ba_50_05,ba,50,ea,-1,101,192,0.2778,0.2683125
0,test_ba_50_05,ba,50,ea,-1,202,96,0.2707,0.2710375
0,test_ba_50_05,ba,50,ea,-1,202,192,0.2773,0.27385
0,test_ba_50_05,ba,50,ea,-1,303,96,0.2672,0.262525
0,test_ba_50_05,ba,50,ea,-1,303,192,0.2777,0.2729625
0,test_ba_50_05,ba,50,global_log_mse,17,101,96,0.2664,0.2686125
0,test_ba_50_05,ba,50,global_log_mse,17,101,192,0.2815,0.27895
0,test_ba_50_05,ba,50,global_log_mse,17,202,96,0.2768,0.27325
0,test_ba_50_05,ba,50,global_log_mse,17,202,192,0.2815,0.2786
0,test_ba_50_05,ba,50,global_log_mse,17,303,96,0.2846,0.27835
0,test_ba_50_05,ba,50,global_log_mse,17,303,192,0.2878,0.2834875
0,test_ba_50_05,ba,50,global_log_mse,23,101,96,0.2848,0.279025
0,test_ba_50_05,ba,50,global_log_mse,23,101,192,0.2922,0.2870875
0,test_ba_50_05,ba,50,global_log_mse,23,202,96,0.2747,0.2717625
0,test_ba_50_05,ba,50,global_log_mse,23,202,192,0.2875,0.2831125
0,test_ba_50_05,ba,50,global_log_mse,23,303,96,0.2782,0.2768875
0,test_ba_50_05,ba,50,global_log_mse,23,303,192,0.2919,0.2852125
0,test_ba_50_05,ba,50,global_mse,17,101,96,0.2711,0.2658125
0,test_ba_50_05,ba,50,global_mse,17,101,192,0.2959,0.290275
0,test_ba_50_05,ba,50,global_mse,17,202,96,0.28,0.2719
0,test_ba_50_05,ba,50,global_mse,17,202,192,0.2905,0.28385
0,test_ba_50_05,ba,50,global_mse,17,303,96,0.2797,0.281775
0,test_ba_50_05,ba,50,global_mse,17,303,192,0.2891,0.2859125
0,test_ba_50_05,ba,50,global_mse,23,101,96,0.274,0.2742375
0,test_ba_50_05,ba,50,global_mse,23,101,192,0.2887,0.277025
0,test_ba_50_05,ba,50,global_mse,23,202,96,0.2801,0.27745
0,test_ba_50_05,ba,50,global_mse,23,202,192,0.2849,0.278675
0,test_ba_50_05,ba,50,global_mse,23,303,96,0.2708,0.2690125
0,test_ba_50_05,ba,50,global_mse,23,303,192,0.2803,0.273525
0,test_ba_50_05,ba,50,hillclimb,-1,101,96,0.28,0.274
0,test_ba_50_05,ba,50,hillclimb,-1,101,192,0.2926,0.2797
0,test_ba_50_05,ba,50,hillclimb,-1,202,96,0.2825,0.2763875
0,test_ba_50_05,ba,50,hillclimb,-1,202,192,0.2894,0.280025
0,test_ba_50_05,ba,50,hillclimb,-1,303,96,0.2823,0.2785
0,test_ba_50_05,ba,50,hillclimb,-1,303,192,0.2846,0.2797
0,test_ba_50_05,ba,50,log_mse,17,101,96,0.2705,0.265625
0,test_ba_50_05,ba,50,log_mse,17,101,192,0.2778,0.2720625
0,test_ba_50_05,ba,50,log_mse,17,202,96,0.2722,0.2700375
0,test_ba_50_05,ba,50,log_mse,17,202,192,0.2866,0.2826375
0,test_ba_50_05,ba,50,log_mse,17,303,96,0.2656,0.2625375
0,test_ba_50_05,ba,50,log_mse,17,303,192,0.2769,0.275525
0,test_ba_50_05,ba,50,log_mse,23,101,96,0.2806,0.27665
0,test_ba_50_05,ba,50,log_mse,23,101,192,0.284,0.2792
0,test_ba_50_05,ba,50,log_mse,23,202,96,0.2726,0.275025
0,test_ba_50_05,ba,50,log_mse,23,202,192,0.2848,0.2808875
0,test_ba_50_05,ba,50,log_mse,23,303,96,0.2688,0.2700375
0,test_ba_50_05,ba,50,log_mse,23,303,192,0.2812,0.27505
0,test_ba_50_05,ba,50,mse,17,101,96,0.2723,0.271125
0,test_ba_50_05,ba,50,mse,17,101,192,0.2796,0.271475
0,test_ba_50_05,ba,50,mse,17,202,96,0.2716,0.274075
0,test_ba_50_05,ba,50,mse,17,202,192,0.2833,0.279675
0,test_ba_50_05,ba,50,mse,17,303,96,0.2699,0.2727125
0,test_ba_50_05,ba,50,mse,17,303,192,0.2946,0.2909125
0,test_ba_50_05,ba,50,mse,23,101,96,0.2792,0.2749
0,test_ba_50_05,ba,50,mse,23,101,192,0.2927,0.28145
0,test_ba_50_05,ba,50,mse,23,202,96,0.2697,0.26835
0,test_ba_50_05,ba,50,mse,23,202,192,0.2858,0.2783875
0,test_ba_50_05,ba,50,mse,23,303,96,0.2692,0.2672375
0,test_ba_50_05,ba,50,mse,23,303,192,0.2798,0.2763625
0,test_ba_50_05,ba,50,pool_random,-1,101,96,0.2649,0.2690125
0,test_ba_50_05,ba,50,pool_random,-1,101,192,0.2779,0.2737125
0,test_ba_50_05,ba,50,pool_random,-1,202,96,0.2721,0.2684875
0,test_ba_50_05,ba,50,pool_random,-1,202,192,0.2742,0.2719375
0,test_ba_50_05,ba,50,pool_random,-1,303,96,0.2657,0.262225
0,test_ba_50_05,ba,50,pool_random,-1,303,192,0.2853,0.282225
0,test_ba_50_05,ba,50,random,-1,101,96,0.2651,0.265225
0,test_ba_50_05,ba,50,random,-1,101,192,0.2732,0.2730375
0,test_ba_50_05,ba,50,random,-1,202,96,0.2649,0.261825
0,test_ba_50_05,ba,50,random,-1,202,192,0.2649,0.261825
0,test_ba_50_05,ba,50,random,-1,303,96,0.2633,0.2636875
0,test_ba_50_05,ba,50,random,-1,303,192,0.2671,0.2649125
0,test_ba_50_05,ba,50,ranknet,17,101,96,0.2837,0.2793125
0,test_ba_50_05,ba,50,ranknet,17,101,192,0.294,0.2898125
0,test_ba_50_05,ba,50,ranknet,17,202,96,0.2862,0.2844125
0,test_ba_50_05,ba,50,ranknet,17,202,192,0.2966,0.2888
0,test_ba_50_05,ba,50,ranknet,17,303,96,0.2891,0.2796625
0,test_ba_50_05,ba,50,ranknet,17,303,192,0.2903,0.2854
0,test_ba_50_05,ba,50,ranknet,23,101,96,0.2906,0.2853625
0,test_ba_50_05,ba,50,ranknet,23,101,192,0.2946,0.28805
0,test_ba_50_05,ba,50,ranknet,23,202,96,0.2866,0.282375
0,test_ba_50_05,ba,50,ranknet,23,202,192,0.2923,0.2882625
0,test_ba_50_05,ba,50,ranknet,23,303,96,0.2847,0.2810625
0,test_ba_50_05,ba,50,ranknet,23,303,192,0.2972,0.2922125
0,test_ba_50_06,ba,50,ea,-1,101,96,0.2496,0.2488
0,test_ba_50_06,ba,50,ea,-1,101,192,0.2631,0.2599875
0,test_ba_50_06,ba,50,ea,-1,202,96,0.2563,0.2537875
0,test_ba_50_06,ba,50,ea,-1,202,192,0.2733,0.2646625
0,test_ba_50_06,ba,50,ea,-1,303,96,0.2663,0.2599625
0,test_ba_50_06,ba,50,ea,-1,303,192,0.2689,0.2550375
0,test_ba_50_06,ba,50,global_log_mse,17,101,96,0.2679,0.2643375
0,test_ba_50_06,ba,50,global_log_mse,17,101,192,0.2773,0.270175
0,test_ba_50_06,ba,50,global_log_mse,17,202,96,0.2652,0.2623125
0,test_ba_50_06,ba,50,global_log_mse,17,202,192,0.2777,0.2666
0,test_ba_50_06,ba,50,global_log_mse,17,303,96,0.2536,0.2524125
0,test_ba_50_06,ba,50,global_log_mse,17,303,192,0.2741,0.2743
0,test_ba_50_06,ba,50,global_log_mse,23,101,96,0.2605,0.25855
0,test_ba_50_06,ba,50,global_log_mse,23,101,192,0.2742,0.264675
0,test_ba_50_06,ba,50,global_log_mse,23,202,96,0.2686,0.270725
0,test_ba_50_06,ba,50,global_log_mse,23,202,192,0.2848,0.278
0,test_ba_50_06,ba,50,global_log_mse,23,303,96,0.2638,0.2601625
0,test_ba_50_06,ba,50,global_log_mse,23,303,192,0.2684,0.2595
0,test_ba_50_06,ba,50,global_mse,17,101,96,0.2684,0.2698875
0,test_ba_50_06,ba,50,global_mse,17,101,192,0.2798,0.2751125
0,test_ba_50_06,ba,50,global_mse,17,202,96,0.2661,0.2657125
0,test_ba_50_06,ba,50,global_mse,17,202,192,0.2806,0.2731
0,test_ba_50_06,ba,50,global_mse,17,303,96,0.2685,0.2689
0,test_ba_50_06,ba,50,global_mse,17,303,192,0.2822,0.2705
0,test_ba_50_06,ba,50,global_mse,23,101,96,0.2694,0.25865
0,test_ba_50_06,ba,50,global_mse,23,101,192,0.2863,0.2776125
0,test_ba_50_06,ba,50,global_mse,23,202,96,0.2705,0.2659875
0,test_ba_50_06,ba,50,global_mse,23,202,192,0.2784,0.2736
0,test_ba_50_06,ba,50,global_mse,23,303,96,0.2609,0.2584
0,test_ba_50_06,ba,50,global_mse,23,303,192,0.2775,0.2764875
0,test_ba_50_06,ba,50,hillclimb,-1,101,96,0.2507,0.2466
0,test_ba_50_06,ba,50,hillclimb,-1,101,192,0.2633,0.2594
0,test_ba_50_06,ba,50,hillclimb,-1,202,96,0.2622,0.2598
0,test_ba_50_06,ba,50,hillclimb,-1,202,192,0.2757,0.2646875
0,test_ba_50_06,ba,50,hillclimb,-1,303,96,0.2692,0.2663375
0,test_ba_50_06,ba,50,hillclimb,-1,303,192,0.2728,0.2696625
0,test_ba_50_06,ba,50,log_mse,17,101,96,0.27,0.2670375
0,test_ba_50_06,ba,50,log_mse,17,101,192,0.2752,0.2690375
0,test_ba_50_06,ba,50,log_mse,17,202,96,0.2669,0.2630375
0,test_ba_50_06,ba,50,log_mse,17,202,192,0.28,0.2675625
0,test_ba_50_06,ba,50,log_mse,17,303,96,0.2588,0.259625
0,test_ba_50_06,ba,50,log_mse,17,303,192,0.2723,0.2699125
0,test_ba_50_06,ba,50,log_mse,23,101,96,0.2663,0.2642
0,test_ba_50_06,ba,50,log_mse,23,101,192,0.2736,0.266225
0,test_ba_50_06,ba,50,log_mse,23,202,96,0.2817,0.2774875
0,test_ba_50_06,ba,50,log_mse,23,202,192,0.2826,0.2767
0,test_ba_50_06,ba,50,log_mse,23,303,96,0.269,0.2653375
0,test_ba_50_06,ba,50,log_mse,23,303,192,0.2763,0.2661125
0,test_ba_50_06,ba,50,mse,17,101,96,0.2666,0.2640875
0,test_ba_50_06,ba,50,mse,17,101,192,0.2757,0.2698875
0,test_ba_50_06,ba,50,mse,17,202,96,0.2742,0.27575
0,test_ba_50_06,ba,50,mse,17,202,192,0.2859,0.27875
0,test_ba_50_06,ba,50,mse,17,303,96,0.2656,0.2627
0,test_ba_50_06,ba,50,mse,17,303,192,0.2771,0.2654125
0,test_ba_50_06,ba,50,mse,23,101,96,0.2653,0.259825
0,test_ba_50_06,ba,50,mse,23,101,192,0.2744,0.2714625
0,test_ba_50_06,ba,50,mse,23,202,96,0.2707,0.2625
0,test_ba_50_06,ba,50,mse,23,202,192,0.2802,0.2711
0,test_ba_50_06,ba,50,mse,23,303,96,0.2671,0.262025
0,test_ba_50_06,ba,50,mse,23,303,192,0.2776,0.2737
0,test_ba_50_06,ba,50,pool_random,-1,101,96,0.2544,0.25215
0,test_ba_50_06,ba,50,pool_random,-1,101,192,0.2691,0.2653375
0,test_ba_50_06,ba,50,pool_random,-1,202,96,0.2604,0.263325
0,test_ba_50_06,ba,50,pool_random,-1,202,192,0.2639,0.2636
0,test_ba_50_06,ba,50,pool_random,-1,303,96,0.265,0.26325
0,test_ba_50_06,ba,50,pool_random,-1,303,192,0.2663,0.2656625
0,test_ba_50_06,ba,50,random,-1,101,96,0.249,0.24465
0,test_ba_50_06,ba,50,random,-1,101,192,0.2497,0.2490875
0,test_ba_50_06,ba,50,random,-1,202,96,0.2445,0.242625
0,test_ba_50_06,ba,50,random,-1,202,192,0.2516,0.2508375
0,test_ba_50_06,ba,50,random,-1,303,96,0.2504,0.245975
0,test_ba_50_06,ba,50,random,-1,303,192,0.2506,0.2452875
0,test_ba_50_06,ba,50,ranknet,17,101,96,0.2698,0.266575
0,test_ba_50_06,ba,50,ranknet,17,101,192,0.2792,0.2777875
0,test_ba_50_06,ba,50,ranknet,17,202,96,0.2783,0.275775
0,test_ba_50_06,ba,50,ranknet,17,202,192,0.281,0.278225
0,test_ba_50_06,ba,50,ranknet,17,303,96,0.2754,0.2633375
0,test_ba_50_06,ba,50,ranknet,17,303,192,0.2805,0.2772
0,test_ba_50_06,ba,50,ranknet,23,101,96,0.2757,0.2712125
0,test_ba_50_06,ba,50,ranknet,23,101,192,0.2854,0.2777625
0,test_ba_50_06,ba,50,ranknet,23,202,96,0.2826,0.276925
0,test_ba_50_06,ba,50,ranknet,23,202,192,0.2898,0.2823875
0,test_ba_50_06,ba,50,ranknet,23,303,96,0.2744,0.2680875
0,test_ba_50_06,ba,50,ranknet,23,303,192,0.2865,0.2790125
0,test_ba_50_07,ba,50,ea,-1,101,96,0.2476,0.245925
0,test_ba_50_07,ba,50,ea,-1,101,192,0.259,0.2434
0,test_ba_50_07,ba,50,ea,-1,202,96,0.2359,0.23585
0,test_ba_50_07,ba,50,ea,-1,202,192,0.2501,0.2447625
0,test_ba_50_07,ba,50,ea,-1,303,96,0.2444,0.2415375
0,test_ba_50_07,ba,50,ea,-1,303,192,0.2499,0.2498375
0,test_ba_50_07,ba,50,global_log_mse,17,101,96,0.252,0.2488
0,test_ba_50_07,ba,50,global_log_mse,17,101,192,0.2597,0.257725
0,test_ba_50_07,ba,50,global_log_mse,17,202,96,0.258,0.2594
0,test_ba_50_07,ba,50,global_log_mse,17,202,192,0.2736,0.2715375
0,test_ba_50_07,ba,50,global_log_mse,17,303,96,0.2494,0.24415
0,test_ba_50_07,ba,50,global_log_mse,17,303,192,0.2597,0.2537375
0,test_ba_50_07,ba,50,global_log_mse,23,101,96,0.2589,0.2484625
0,test_ba_50_07,ba,50,global_log_mse,23,101,192,0.268,0.2676375
0,test_ba_50_07,ba,50,global_log_mse,23,202,96,0.2469,0.2469
0,test_ba_50_07,ba,50,global_log_mse,23,202,192,0.2646,0.2612125
0,test_ba_50_07,ba,50,global_log_mse,23,303,96,0.2658,0.2558375
0,test_ba_50_07,ba,50,global_log_mse,23,303,192,0.2691,0.2622625
0,test_ba_50_07,ba,50,global_mse,17,101,96,0.2554,0.25655
0,test_ba_50_07,ba,50,global_mse,17,101,192,0.2683,0.2620875
0,test_ba_50_07,ba,50,global_mse,17,202,96,0.2569,0.2533125
0,test_ba_50_07,ba,50,global_mse,17,202,192,0.2599,0.2563625
0,test_ba_50_07,ba,50,global_mse,17,303,96,0.2493,0.246275
0,test_ba_50_07,ba,50,global_mse,17,303,192,0.2648,0.262275
0,test_ba_50_07,ba,50,global_mse,23,101,96,0.2504,0.243475
0,test_ba_50_07,ba,50,global_mse,23,101,192,0.2661,0.26225
0,test_ba_50_07,ba,50,global_mse,23,202,96,0.2526,0.245325
0,test_ba_50_07,ba,50,global_mse,23,202,192,0.2701,0.2616625
0,test_ba_50_07,ba,50,global_mse,23,303,96,0.2555,0.2491875
0,test_ba_50_07,ba,50,global_mse,23,303,192,0.2619,0.26095
0,test_ba_50_07,ba,50,hillclimb,-1,101,96,0.2535,0.25105
0,test_ba_50_07,ba,50,hillclimb,-1,101,192,0.2597,0.2526375
0,test_ba_50_07,ba,50,hillclimb,-1,202,96,0.248,0.246525
0,test_ba_50_07,ba,50,hillclimb,-1,202,192,0.2561,0.2483125
0,test_ba_50_07,ba,50,hillclimb,-1,303,96,0.2566,0.24995
0,test_ba_50_07,ba,50,hillclimb,-1,303,192,0.2649,0.2596375
0,test_ba_50_07,ba,50,log_mse,17,101,96,0.244,0.2416625
0,test_ba_50_07,ba,50,log_mse,17,101,192,0.2649,0.2610625
0,test_ba_50_07,ba,50,log_mse,17,202,96,0.2549,0.2523625
0,test_ba_50_07,ba,50,log_mse,17,202,192,0.2604,0.25415
0,test_ba_50_07,ba,50,log_mse,17,303,96,0.2597,0.256375
0,test_ba_50_07,ba,50,log_mse,17,303,192,0.2654,0.264625
0,test_ba_50_07,ba,50,log_mse,23,101,96,0.2516,0.24615
0,test_ba_50_07,ba,50,log_mse,23,101,192,0.2635,0.264725
0,test_ba_50_07,ba,50,log_mse,23,202,96,0.2631,0.265425
0,test_ba_50_07,ba,50,log_mse,23,202,192,0.2777,0.2727625
0,test_ba_50_07,ba,50,log_mse,23,303,96,0.2484,0.23955
0,test_ba_50_07,ba,50,log_mse,23,303,192,0.2624,0.2609875
0,test_ba_50_07,ba,50,mse,17,101,96,0.261,0.256975
0,test_ba_50_07,ba,50,mse,17,101,192,0.2726,0.2715125
0,test_ba_50_07,ba,50,mse,17,202,96,0.2598,0.257275
0,test_ba_50_07,ba,50,mse,17,202,192,0.2689,0.2658875
0,test_ba_50_07,ba,50,mse,17,303,96,0.2517,0.254975
0,test_ba_50_07,ba,50,mse,17,303,192,0.2691,0.2611125
0,test_ba_50_07,ba,50,mse,23,101,96,0.2578,0.2477375
0,test_ba_50_07,ba,50,mse,23,101,192,0.2661,0.2632875
0,test_ba_50_07,ba,50,mse,23,202,96,0.2585,0.2579125
0,test_ba_50_07,ba,50,mse,23,202,192,0.2706,0.265625
0,test_ba_50_07,ba,50,mse,23,303,96,0.2612,0.2621125
0,test_ba_50_07,ba,50,mse,23,303,192,0.2687,0.266075
0,test_ba_50_07,ba,50,pool_random,-1,101,96,0.2325,0.233025
0,test_ba_50_07,ba,50,pool_random,-1,101,192,0.2444,0.2436
0,test_ba_50_07,ba,50,pool_random,-1,202,96,0.2541,0.25335
0,test_ba_50_07,ba,50,pool_random,-1,202,192,0.261,0.25715
0,test_ba_50_07,ba,50,pool_random,-1,303,96,0.2456,0.2408
0,test_ba_50_07,ba,50,pool_random,-1,303,192,0.2496,0.2493625
0,test_ba_50_07,ba,50,random,-1,101,96,0.2369,0.236225
0,test_ba_50_07,ba,50,random,-1,101,192,0.2436,0.2399625
0,test_ba_50_07,ba,50,random,-1,202,96,0.2459,0.239075
0,test_ba_50_07,ba,50,random,-1,202,192,0.2459,0.239075
0,test_ba_50_07,ba,50,random,-1,303,96,0.2437,0.244475
0,test_ba_50_07,ba,50,random,-1,303,192,0.2496,0.2441125
0,test_ba_50_07,ba,50,ranknet,17,101,96,0.265,0.2669
0,test_ba_50_07,ba,50,ranknet,17,101,192,0.2757,0.271025
0,test_ba_50_07,ba,50,ranknet,17,202,96,0.2683,0.2653
0,test_ba_50_07,ba,50,ranknet,17,202,192,0.2777,0.2688875
0,test_ba_50_07,ba,50,ranknet,17,303,96,0.2699,0.26545
0,test_ba_50_07,ba,50,ranknet,17,303,192,0.2769,0.2675625
0,test_ba_50_07,ba,50,ranknet,23,101,96,0.2668,0.2619125
0,test_ba_50_07,ba,50,ranknet,23,101,192,0.2724,0.26725
0,test_ba_50_07,ba,50,ranknet,23,202,96,0.2533,0.2519
0,test_ba_50_07,ba,50,ranknet,23,202,192,0.2728,0.2549
0,test_ba_50_07,ba,50,ranknet,23,303,96,0.2576,0.253175
0,test_ba_50_07,ba,50,ranknet,23,303,192,0.2668,0.267475
0,test_er_100_00,er,100,ea,-1,101,96,0.31165,0.307375
0,test_er_100_00,er,100,ea,-1,101,192,0.313575,0.3036
0,test_er_100_00,er,100,ea,-1,202,96,0.314525,0.311578125
0,test_er_100_00,er,100,ea,-1,202,192,0.3183,0.312278125
0,test_er_100_00,er,100,ea,-1,303,96,0.3095,0.305028125
0,test_er_100_00,er,100,ea,-1,303,192,0.314225,0.30798125
0,test_er_100_00,er,100,global_log_mse,17,101,96,0.3133,0.31009375
0,test_er_100_00,er,100,global_log_mse,17,101,192,0.31715,0.3077375
0,test_er_100_00,er,100,global_log_mse,17,202,96,0.31075,0.313040625
0,test_er_100_00,er,100,global_log_mse,17,202,192,0.31715,0.310125
0,test_er_100_00,er,100,global_log_mse,17,303,96,0.3118,0.3087375
0,test_er_100_00,er,100,global_log_mse,17,303,192,0.3161,0.306559375
0,test_er_100_00,er,100,global_log_mse,23,101,96,0.31195,0.3052125
0,test_er_100_00,er,100,global_log_mse,23,101,192,0.320925,0.313184375
0,test_er_100_00,er,100,global_log_mse,23,202,96,0.3192,0.31486875
0,test_er_100_00,er,100,global_log_mse,23,202,192,0.3241,0.3168625
0,test_er_100_00,er,100,global_log_mse,23,303,96,0.322025,0.318071875
0,test_er_100_00,er,100,global_log_mse,23,303,192,0.32875,0.322109375
0,test_er_100_00,er,100,global_mse,17,101,96,0.31325,0.30898125
0,test_er_100_00,er,100,global_mse,17,101,192,0.32165,0.31833125
0,test_er_100_00,er,100,global_mse,17,202,96,0.320875,0.316409375
0,test_er_100_00,er,100,global_mse,17,202,192,0.324375,0.317203125
0,test_er_100_00,er,100,global_mse,17,303,96,0.3128,0.310225
0,test_er_100_00,er,100,global_mse,17,303,192,0.321625,0.313934375
0,test_er_100_00,er,100,global_mse,23,101,96,0.3152,0.306159375
0,test_er_100_00,er,100,global_mse,23,101,192,0.3197,0.3138125
0,test_er_100_00,er,100,global_mse,23,202,96,0.31705,0.314478125
0,test_er_100_00,er,100,global_mse,23,202,192,0.3255,0.317125
0,test_er_100_00,er,100,global_mse,23,303,96,0.319275,0.313459375
0,test_er_100_00,er,100,global_mse,23,303,192,0.324675,0.320353125
0,test_er_100_00,er,100,hillclimb,-1,101,96,0.31715,0.313365625
0,test_er_100_00,er,100,hillclimb,-1,101,192,0.324575,0.314546875
0,test_er_100_00,er,100,hillclimb,-1,202,96,0.3191,0.312309375
0,test_er_100_00,er,100,hillclimb,-1,202,192,0.324525,0.311609375
0,test_er_100_00,er,100,hillclimb,-1,303,96,0.309075,0.300975
0,test_er_100_00,er,100,hillclimb,-1,303,192,0.315325,0.3075375
0,test_er_100_00,er,100,log_mse,17,101,96,0.3156,0.312903125
0,test_er_100_00,er,100,log_mse,17,101,192,0.32555,0.31846875
0,test_er_100_00,er,100,log_mse,17,202,96,0.31675,0.31174375
0,test_er_100_00,er,100,log_mse,17,202,192,0.32235,0.318503125
0,test_er_100_00,er,100,log_mse,17,303,96,0.320875,0.315109375
0,test_er_100_00,er,100,log_mse,17,303,192,0.323525,0.31896875
0,test_er_100_00,er,100,log_mse,23,101,96,0.31725,0.310665625
0,test_er_100_00,er,100,log_mse,23,101,192,0.32215,0.31600625
0,test_er_100_00,er,100,log_mse,23,202,96,0.31895,0.317346875
0,test_er_100_00,er,100,log_mse,23,202,192,0.325325,0.317734375
0,test_er_100_00,er,100,log_mse,23,303,96,0.316125,0.316453125
0,test_er_100_00,er,100,log_mse,23,303,192,0.327275,0.319784375
0,test_er_100_00,er,100,mse,17,101,96,0.3199,0.314671875
0,test_er_100_00,er,100,mse,17,101,192,0.325375,0.317153125
0,test_er_100_00,er,100,mse,17,202,96,0.320625,0.3164875
0,test_er_100_00,er,100,mse,17,202,192,0.32485,0.3170375
0,test_er_100_00,er,100,mse,17,303,96,0.319825,0.3132625
0,test_er_100_00,er,100,mse,17,303,192,0.32735,0.315653125
0,test_er_100_00,er,100,mse,23,101,96,0.3187,0.314228125
0,test_er_100_00,er,100,mse,23,101,192,0.320975,0.312221875
0,test_er_100_00,er,100,mse,23,202,96,0.316375,0.312425
0,test_er_100_00,er,100,mse,23,202,192,0.323775,0.321003125
0,test_er_100_00,er,100,mse,23,303,96,0.316875,0.311975
0,test_er_100_00,er,100,mse,23,303,192,0.3266,0.314975
0,test_er_100_00,er,100,pool_random,-1,101,96,0.30975,0.305309375
0,test_er_100_00,er,100,pool_random,-1,101,192,0.31295,0.305109375
0,test_er_100_00,er,100,pool_random,-1,202,96,0.31335,0.30965
0,test_er_100_00,er,100,pool_random,-1,202,192,0.31555,0.311209375
0,test_er_100_00,er,100,pool_random,-1,303,96,0.314225,0.311021875
0,test_er_100_00,er,100,pool_random,-1,303,192,0.31975,0.312646875
0,test_er_100_00,er,100,random,-1,101,96,0.3063,0.29876875
0,test_er_100_00,er,100,random,-1,101,192,0.3089,0.3072875
0,test_er_100_00,er,100,random,-1,202,96,0.309725,0.307878125
0,test_er_100_00,er,100,random,-1,202,192,0.311,0.30729375
0,test_er_100_00,er,100,random,-1,303,96,0.305675,0.303
0,test_er_100_00,er,100,random,-1,303,192,0.30735,0.3071
0,test_er_100_00,er,100,ranknet,17,101,96,0.322025,0.315353125
0,test_er_100_00,er,100,ranknet,17,101,192,0.325375,0.317653125
0,test_er_100_00,er,100,ranknet,17,202,96,0.319325,0.313815625
0,test_er_100_00,er,100,ranknet,17,202,192,0.3251,0.31945625
0,test_er_100_00,er,100,ranknet,17,303,96,0.31875,0.314434375
0,test_er_100_00,er,100,ranknet,17,303,192,0.32545,0.31755625
0,test_er_100_00,er,100,ranknet,23,101,96,0.317675,0.313528125
0,test_er_100_00,er,100,ranknet,23,101,192,0.32585,0.320021875
0,test_er_100_00,er,100,ranknet,23,202,96,0.31895,0.310240625
0,test_er_100_00,er,100,ranknet,23,202,192,0.3251,0.3189375
0,test_er_100_00,er,100,ranknet,23,303,96,0.321675,0.319728125
0,test_er_100_00,er,100,ranknet,23,303,192,0.32855,0.323775
0,test_er_100_01,er,100,ea,-1,101,96,0.3208,0.314625
0,test_er_100_01,er,100,ea,-1,101,192,0.32205,0.3148125
0,test_er_100_01,er,100,ea,-1,202,96,0.315675,0.312396875
0,test_er_100_01,er,100,ea,-1,202,192,0.319375,0.312684375
0,test_er_100_01,er,100,ea,-1,303,96,0.315325,0.3133
0,test_er_100_01,er,100,ea,-1,303,192,0.3188,0.315015625
0,test_er_100_01,er,100,global_log_mse,17,101,96,0.319075,0.3176625
0,test_er_100_01,er,100,global_log_mse,17,101,192,0.3251,0.319284375
0,test_er_100_01,er,100,global_log_mse,17,202,96,0.323625,0.321625
0,test_er_100_01,er,100,global_log_mse,17,202,192,0.332575,0.322928125
0,test_er_100_01,er,100,global_log_mse,17,303,96,0.31735,0.311078125
0,test_er_100_01,er,100,global_log_mse,17,303,192,0.3272,0.3183
0,test_er_100_01,er,100,global_log_mse,23,101,96,0.319175,0.31635625
0,test_er_100_01,er,100,global_log_mse,23,101,192,0.326425,0.322571875
0,test_er_100_01,er,100,global_log_mse,23,202,96,0.325825,0.32185625
0,test_er_100_01,er,100,global_log_mse,23,202,192,0.327525,0.322878125
0,test_er_100_01,er,100,global_log_mse,23,303,96,0.316225,0.3162625
0,test_er_100_01,er,100,global_log_mse,23,303,192,0.323825,0.318403125
0,test_er_100_01,er,100,global_mse,17,101,96,0.318425,0.312459375
0,test_er_100_01,er,100,global_mse,17,101,192,0.3257,0.31661875
0,test_er_100_01,er,100,global_mse,17,202,96,0.320775,0.320440625
0,test_er_100_01,er,100,global_mse,17,202,192,0.3255,0.31943125
0,test_er_100_01,er,100,global_mse,17,303,96,0.317175,0.312353125
0,test_er_100_01,er,100,global_mse,17,303,192,0.3251,0.32031875
0,test_er_100_01,er,100,global_mse,23,101,96,0.320275,0.31528125
0,test_er_100_01,er,100,global_mse,23,101,192,0.322475,0.319559375
0,test_er_100_01,er,100,global_mse,23,202,96,0.3216,0.321871875
0,test_er_100_01,er,100,global_mse,23,202,192,0.32915,0.325921875
0,test_er_100_01,er,100,global_mse,23,303,96,0.32115,0.315259375
0,test_er_100_01,er,100,global_mse,23,303,192,0.325775,0.31949375
0,test_er_100_01,er,100,hillclimb,-1,101,96,0.321425,0.31044375
0,test_er_100_01,er,100,hillclimb,-1,101,192,0.327275,0.31516875
0,test_er_100_01,er,100,hillclimb,-1,202,96,0.3238,0.316278125
0,test_er_100_01,er,100,hillclimb,-1,202,192,0.328775,0.320621875
0,test_er_100_01,er,100,hillclimb,-1,303,96,0.32265,0.3165625
0,test_er_100_01,er,100,hillclimb,-1,303,192,0.3262,0.320559375
0,test_er_100_01,er,100,log_mse,17,101,96,0.32535,0.3187
0,test_er_100_01,er,100,log_mse,17,101,192,0.330975,0.324340625
0,test_er_100_01,er,100,log_mse,17,202,96,0.32125,0.317546875
0,test_er_100_01,er,100,log_mse,17,202,192,0.326825,0.322159375
0,test_er_100_01,er,100,log_mse,17,303,96,0.324425,0.316684375
0,test_er_100_01,er,100,log_mse,17,303,192,0.330525,0.324621875
0,test_er_100_01,er,100,log_mse,23,101,96,0.3226,0.319571875
0,test_er_100_01,er,100,log_mse,23,101,192,0.329225,0.32368125
0,test_er_100_01,er,100,log_mse,23,202,96,0.323275,0.321040625
0,test_er_100_01,er,100,log_mse,23,202,192,0.326425,0.321790625
0,test_er_100_01,er,100,log_mse,23,303,96,0.324625,0.32098125
0,test_er_100_01,er,100,log_mse,23,303,192,0.333225,0.327409375
0,test_er_100_01,er,100,mse,17,101,96,0.3225,0.317
0,test_er_100_01,er,100,mse,17,101,192,0.3282,0.324103125
0,test_er_100_01,er,100,mse,17,202,96,0.323975,0.3191125
0,test_er_100_01,er,100,mse,17,202,192,0.32945,0.32309375
0,test_er_100_01,er,100,mse,17,303,96,0.326275,0.317034375
0,test_er_100_01,er,100,mse,17,303,192,0.331525,0.321259375
0,test_er_100_01,er,100,mse,23,101,96,0.3231,0.316846875
0,test_er_100_01,er,100,mse,23,101,192,0.3291,0.32046875
0,test_er_100_01,er,100,mse,23,202,96,0.32175,0.31906875
0,test_er_100_01,er,100,mse,23,202,192,0.327675,0.32385625
0,test_er_100_01,er,100,mse,23,303,96,0.323875,0.319028125
0,test_er_100_01,er,100,mse,23,303,192,0.3286,0.3251625
0,test_er_100_01,er,100,pool_random,-1,101,96,0.317825,0.31305625
0,test_er_100_01,er,100,pool_random,-1,101,192,0.326025,0.31689375
0,test_er_100_01,er,100,pool_random,-1,202,96,0.317225,0.313853125
0,test_er_100_01,er,100,pool_random,-1,202,192,0.32325,0.31656875
0,test_er_100_01,er,100,pool_random,-1,303,96,0.316025,0.310609375
0,test_er_100_01,er,100,pool_random,-1,303,192,0.321675,0.3120875
0,test_er_100_01,er,100,random,-1,101,96,0.316,0.3088375
0,test_er_100_01,er,100,random,-1,101,192,0.317,0.313628125
0,test_er_100_01,er,100,random,-1,202,96,0.315225,0.3123875
0,test_er_100_01,er,100,random,-1,202,192,0.315875,0.309725
0,test_er_100_01,er,100,random,-1,303,96,0.313475,0.309315625
0,test_er_100_01,er,100,random,-1,303,192,0.315975,0.314165625
0,test_er_100_01,er,100,ranknet,17,101,96,0.32685,0.3197125
0,test_er_100_01,er,100,ranknet,17,101,192,0.33095,0.321046875
0,test_er_100_01,er,100,ranknet,17,202,96,0.32755,0.31939375
0,test_er_100_01,er,100,ranknet,17,202,192,0.33315,0.326634375
0,test_er_100_01,er,100,ranknet,17,303,96,0.319475,0.31524375
0,test_er_100_01,er,100,ranknet,17,303,192,0.329425,0.3238875
0,test_er_100_01,er,100,ranknet,23,101,96,0.32325,0.31890625
0,test_er_100_01,er,100,ranknet,23,101,192,0.3295,0.320109375
0,test_er_100_01,er,100,ranknet,23,202,96,0.323625,0.317175
0,test_er_100_01,er,100,ranknet,23,202,192,0.33055,0.324240625
0,test_er_100_01,er,100,ranknet,23,303,96,0.322325,0.3211
0,test_er_100_01,er,100,ranknet,23,303,192,0.3301,0.325121875
0,test_er_100_02,er,100,ea,-1,101,96,0.312175,0.308503125
0,test_er_100_02,er,100,ea,-1,101,192,0.315925,0.312259375
0,test_er_100_02,er,100,ea,-1,202,96,0.309775,0.30424375
0,test_er_100_02,er,100,ea,-1,202,192,0.31805,0.312159375
0,test_er_100_02,er,100,ea,-1,303,96,0.31275,0.30834375
0,test_er_100_02,er,100,ea,-1,303,192,0.3173,0.312828125
0,test_er_100_02,er,100,global_log_mse,17,101,96,0.32055,0.3161125
0,test_er_100_02,er,100,global_log_mse,17,101,192,0.323775,0.31711875
0,test_er_100_02,er,100,global_log_mse,17,202,96,0.318025,0.310359375
0,test_er_100_02,er,100,global_log_mse,17,202,192,0.32435,0.31546875
0,test_er_100_02,er,100,global_log_mse,17,303,96,0.312975,0.314184375
0,test_er_100_02,er,100,global_log_mse,17,303,192,0.32775,0.31726875
0,test_er_100_02,er,100,global_log_mse,23,101,96,0.3151,0.316296875
0,test_er_100_02,er,100,global_log_mse,23,101,192,0.329475,0.323559375
0,test_er_100_02,er,100,global_log_mse,23,202,96,0.317,0.3132375
0,test_er_100_02,er,100,global_log_mse,23,202,192,0.3249,0.31816875
0,test_er_100_02,er,100,global_log_mse,23,303,96,0.319375,0.314953125
0,test_er_100_02,er,100,global_log_mse,23,303,192,0.33025,0.323471875
0,test_er_100_02,er,100,global_mse,17,101,96,0.315075,0.309028125
0,test_er_100_02,er,100,global_mse,17,101,192,0.319925,0.313684375
0,test_er_100_02,er,100,global_mse,17,202,96,0.3153,0.31286875
0,test_er_100_02,er,100,global_mse,17,202,192,0.322175,0.31654375
0,test_er_100_02,er,100,global_mse,17,303,96,0.317375,0.3150125
0,test_er_100_02,er,100,global_mse,17,303,192,0.3237,0.31925
0,test_er_100_02,er,100,global_mse,23,101,96,0.321175,0.31345625
0,test_er_100_02,er,100,global_mse,23,101,192,0.325375,0.31629375
0,test_er_100_02,er,100,global_mse,23,202,96,0.31975,0.315934375
0,test_er_100_02,er,100,global_mse,23,202,192,0.3207,0.31285625
0,test_er_100_02,er,100,global_mse,23,303,96,0.32045,0.315425
0,test_er_100_02,er,100,global_mse,23,303,192,0.329375,0.321615625
0,test_er_100_02,er,100,hillclimb,-1,101,96,0.32225,0.310121875
0,test_er_100_02,er,100,hillclimb,-1,101,192,0.32615,0.314059375
0,test_er_100_02,er,100,hillclimb,-1,202,96,0.315825,0.305371875
0,test_er_100_02,er,100,hillclimb,-1,202,192,0.3221,0.31209375
0,test_er_100_02,er,100,hillclimb,-1,303,96,0.3206,0.31166875
0,test_er_100_02,er,100,hillclimb,-1,303,192,0.321975,0.314996875
0,test_er_100_02,er,100,log_mse,17,101,96,0.321625,0.316478125
0,test_er_100_02,er,100,log_mse,17,101,192,0.325375,0.318409375
0,test_er_100_02,er,100,log_mse,17,202,96,0.31095,0.309165625
0,test_er_100_02,er,100,log_mse,17,202,192,0.32395,0.318725
0,test_er_100_02,er,100,log_mse,17,303,96,0.323025,0.316321875
0,test_er_100_02,er,100,log_mse,17,303,192,0.329725,0.3216125
0,test_er_100_02,er,100,log_mse,23,101,96,0.323875,0.31539375
0,test_er_100_02,er,100,log_mse,23,101,192,0.3265,0.32164375
0,test_er_100_02,er,100,log_mse,23,202,96,0.325,0.31588125
0,test_er_100_02,er,100,log_mse,23,202,192,0.32975,0.322340625
0,test_er_100_02,er,100,log_mse,23,303,96,0.319525,0.317828125
0,test_er_100_02,er,100,log_mse,23,303,192,0.3278,0.3238625
0,test_er_100_02,er,100,mse,17,101,96,0.3187,0.31783125
0,test_er_100_02,er,100,mse,17,101,192,0.325675,0.31521875
0,test_er_100_02,er,100,mse,17,202,96,0.315075,0.31083125
0,test_er_100_02,er,100,mse,17,202,192,0.324225,0.31821875
0,test_er_100_02,er,100,mse,17,303,96,0.318275,0.310978125
0,test_er_100_02,er,100,mse,17,303,192,0.32975,0.3222625
0,test_er_100_02,er,100,mse,23,101,96,0.3206,0.31911875
0,test_er_100_02,er,100,mse,23,101,192,0.326025,0.321853125
0,test_er_100_02,er,100,mse,23,202,96,0.320425,0.31646875
0,test_er_100_02,er,100,mse,23,202,192,0.3311,0.324040625
0,test_er_100_02,er,100,mse,23,303,96,0.32205,0.321171875
0,test_er_100_02,er,100,mse,23,303,192,0.326525,0.32059375
0,test_er_100_02,er,100,pool_random,-1,101,96,0.3153,0.308296875
0,test_er_100_02,er,100,pool_random,-1,101,192,0.317925,0.31223125
0,test_er_100_02,er,100,pool_random,-1,202,96,0.3092,0.302340625
0,test_er_100_02,er,100,pool_random,-1,202,192,0.312625,0.307759375
0,test_er_100_02,er,100,pool_random,-1,303,96,0.30925,0.30701875
0,test_er_100_02,er,100,pool_random,-1,303,192,0.317275,0.308125
0,test_er_100_02,er,100,random,-1,101,96,0.30975,0.304878125
0,test_er_100_02,er,100,random,-1,101,192,0.3145,0.309275
0,test_er_100_02,er,100,random,-1,202,96,0.3067,0.30318125
0,test_er_100_02,er,100,random,-1,202,192,0.3104,0.308409375
0,test_er_100_02,er,100,random,-1,303,96,0.309225,0.30576875
0,test_er_100_02,er,100,random,-1,303,192,0.31135,0.309034375
0,test_er_100_02,er,100,ranknet,17,101,96,0.31775,0.314640625
0,test_er_100_02,er,100,ranknet,17,101,192,0.3263,0.3191625
0,test_er_100_02,er,100,ranknet,17,202,96,0.318325,0.316978125
0,test_er_100_02,er,100,ranknet,17,202,192,0.333075,0.326240625
0,test_er_100_02,er,100,ranknet,17,303,96,0.326125,0.321815625
0,test_er_100_02,er,100,ranknet,17,303,192,0.33005,0.3229
0,test_er_100_02,er,100,ranknet,23,101,96,0.319675,0.31469375
0,test_er_100_02,er,100,ranknet,23,101,192,0.32515,0.316209375
0,test_er_100_02,er,100,ranknet,23,202,96,0.320625,0.31901875
0,test_er_100_02,er,100,ranknet,23,202,192,0.328375,0.321215625
0,test_er_100_02,er,100,ranknet,23,303,96,0.328125,0.317690625
0,test_er_100_02,er,100,ranknet,23,303,192,0.329925,0.3214375
0,test_er_100_03,er,100,ea,-1,101,96,0.301425,0.297265625
0,test_er_100_03,er,100,ea,-1,101,192,0.304225,0.30003125
0,test_er_100_03,er,100,ea,-1,202,96,0.305075,0.299271875
0,test_er_100_03,er,100,ea,-1,202,192,0.308425,0.3057375
0,test_er_100_03,er,100,ea,-1,303,96,0.3039,0.298271875
0,test_er_100_03,er,100,ea,-1,303,192,0.3064,0.30338125
0,test_er_100_03,er,100,global_log_mse,17,101,96,0.30445,0.29931875
0,test_er_100_03,er,100,global_log_mse,17,101,192,0.31535,0.310865625
0,test_er_100_03,er,100,global_log_mse,17,202,96,0.3088,0.3024625
0,test_er_100_03,er,100,global_log_mse,17,202,192,0.315075,0.308446875
0,test_er_100_03,er,100,global_log_mse,17,303,96,0.30685,0.301996875
0,test_er_100_03,er,100,global_log_mse,17,303,192,0.3108,0.308615625
0,test_er_100_03,er,100,global_log_mse,23,101,96,0.305375,0.296578125
0,test_er_100_03,er,100,global_log_mse,23,101,192,0.316475,0.30525625
0,test_er_100_03,er,100,global_log_mse,23,202,96,0.3139,0.311790625
0,test_er_100_03,er,100,global_log_mse,23,202,192,0.323025,0.3196
0,test_er_100_03,er,100,global_log_mse,23,303,96,0.3091,0.304125
0,test_er_100_03,er,100,global_log_mse,23,303,192,0.317825,0.309621875
0,test_er_100_03,er,100,global_mse,17,101,96,0.308725,0.30915625
0,test_er_100_03,er,100,global_mse,17,101,192,0.31555,0.3132
0,test_er_100_03,er,100,global_mse,17,202,96,0.309475,0.304884375
0,test_er_100_03,er,100,global_mse,17,202,192,0.3245,0.32109375
0,test_er_100_03,er,100,global_mse,17,303,96,0.31155,0.310146875
0,test_er_100_03,er,100,global_mse,17,303,192,0.31335,0.307578125
0,test_er_100_03,er,100,global_mse,23,101,96,0.314975,0.30674375
0,test_er_100_03,er,100,global_mse,23,101,192,0.3186,0.310853125
0,test_er_100_03,er,100,global_mse,23,202,96,0.31115,0.308509375
0,test_er_100_03,er,100,global_mse,23,202,192,0.32025,0.31371875
0,test_er_100_03,er,100,global_mse,23,303,96,0.30675,0.29950625
0,test_er_100_03,er,100,global_mse,23,303,192,0.310625,0.30851875
0,test_er_100_03,er,100,hillclimb,-1,101,96,0.308525,0.303409375
0,test_er_100_03,er,100,hillclimb,-1,101,192,0.314175,0.305234375
0,test_er_100_03,er,100,hillclimb,-1,202,96,0.317075,0.304075
0,test_er_100_03,er,100,hillclimb,-1,202,192,0.324675,0.31103125
0,test_er_100_03,er,100,hillclimb,-1,303,96,0.302025,0.2971625
0,test_er_100_03,er,100,hillclimb,-1,303,192,0.30995,0.30011875
0,test_er_100_03,er,100,log_mse,17,101,96,0.31195,0.306821875
0,test_er_100_03,er,100,log_mse,17,101,192,0.322425,0.314521875
0,test_er_100_03,er,100,log_mse,17,202,96,0.30975,0.307059375
0,test_er_100_03,er,100,log_mse,17,202,192,0.31645,0.3114
0,test_er_100_03,er,100,log_mse,17,303,96,0.31055,0.3008375
0,test_er_100_03,er,100,log_mse,17,303,192,0.317275,0.313528125
0,test_er_100_03,er,100,log_mse,23,101,96,0.31175,0.308234375
0,test_er_100_03,er,100,log_mse,23,101,192,0.3189,0.312596875
0,test_er_100_03,er,100,log_mse,23,202,96,0.312475,0.310828125
0,test_er_100_03,er,100,log_mse,23,202,192,0.318025,0.313475
0,test_er_100_03,er,100,log_mse,23,303,96,0.308325,0.3067375
0,test_er_100_03,er,100,log_mse,23,303,192,0.31955,0.315946875
0,test_er_100_03,er,100,mse,17,101,96,0.30815,0.300259375
0,test_er_100_03,er,100,mse,17,101,192,0.318,0.3128625
0,test_er_100_03,er,100,mse,17,202,96,0.30675,0.308475
0,test_er_100_03,er,100,mse,17,202,192,0.318525,0.31284375
0,test_er_100_03,er,100,mse,17,303,96,0.309125,0.308078125
0,test_er_100_03,er,100,mse,17,303,192,0.324275,0.317190625
0,test_er_100_03,er,100,mse,23,101,96,0.312175,0.31356875
0,test_er_100_03,er,100,mse,23,101,192,0.324025,0.319865625
0,test_er_100_03,er,100,mse,23,202,96,0.313675,0.30980625
0,test_er_100_03,er,100,mse,23,202,192,0.321575,0.314653125
0,test_er_100_03,er,100,mse,23,303,96,0.3115,0.307628125
0,test_er_100_03,er,100,mse,23,303,192,0.319475,0.314440625
0,test_er_100_03,er,100,pool_random,-1,101,96,0.302225,0.29784375
0,test_er_100_03,er,100,pool_random,-1,101,192,0.308775,0.298884375
0,test_er_100_03,er,100,pool_random,-1,202,96,0.30495,0.2988375
0,test_er_100_03,er,100,pool_random,-1,202,192,0.309425,0.302790625
0,test_er_100_03,er,100,pool_random,-1,303,96,0.301975,0.295840625
0,test_er_100_03,er,100,pool_random,-1,303,192,0.3048,0.30011875
0,test_er_100_03,er,100,random,-1,101,96,0.298925,0.298678125
0,test_er_100_03,er,100,random,-1,101,192,0.302025,0.297515625
0,test_er_100_03,er,100,random,-1,202,96,0.3009,0.2975
0,test_er_100_03,er,100,random,-1,202,192,0.3009,0.2975
0,test_er_100_03,er,100,random,-1,303,96,0.3029,0.303315625
0,test_er_100_03,er,100,random,-1,303,192,0.3029,0.303315625
0,test_er_100_03,er,100,ranknet,17,101,96,0.305775,0.302634375
0,test_er_100_03,er,100,ranknet,17,101,192,0.32205,0.3148625
0,test_er_100_03,er,100,ranknet,17,202,96,0.321475,0.3144
0,test_er_100_03,er,100,ranknet,17,202,192,0.32615,0.320090625
0,test_er_100_03,er,100,ranknet,17,303,96,0.309625,0.31184375
0,test_er_100_03,er,100,ranknet,17,303,192,0.32225,0.316775
0,test_er_100_03,er,100,ranknet,23,101,96,0.31195,0.3088875
0,test_er_100_03,er,100,ranknet,23,101,192,0.31575,0.31345
0,test_er_100_03,er,100,ranknet,23,202,96,0.31265,0.312334375
0,test_er_100_03,er,100,ranknet,23,202,192,0.316875,0.311828125
0,test_er_100_03,er,100,ranknet,23,303,96,0.3156,0.311765625
0,test_er_100_03,er,100,ranknet,23,303,192,0.3244,0.32080625
0,test_er_100_04,er,100,ea,-1,101,96,0.313525,0.30660625
0,test_er_100_04,er,100,ea,-1,101,192,0.3224,0.313096875
0,test_er_100_04,er,100,ea,-1,202,96,0.311325,0.30688125
0,test_er_100_04,er,100,ea,-1,202,192,0.319125,0.31269375
0,test_er_100_04,er,100,ea,-1,303,96,0.3121,0.310778125
0,test_er_100_04,er,100,ea,-1,303,192,0.320725,0.31316875
0,test_er_100_04,er,100,global_log_mse,17,101,96,0.3261,0.31823125
0,test_er_100_04,er,100,global_log_mse,17,101,192,0.326325,0.32009375
0,test_er_100_04,er,100,global_log_mse,17,202,96,0.317725,0.31248125
0,test_er_100_04,er,100,global_log_mse,17,202,192,0.324125,0.32098125
0,test_er_100_04,er,100,global_log_mse,17,303,96,0.3154,0.313896875
0,test_er_100_04,er,100,global_log_mse,17,303,192,0.32515,0.319296875
0,test_er_100_04,er,100,global_log_mse,23,101,96,0.31715,0.3138
0,test_er_100_04,er,100,global_log_mse,23,101,192,0.325125,0.320315625
0,test_er_100_04,er,100,global_log_mse,23,202,96,0.316625,0.315334375
0,test_er_100_04,er,100,global_log_mse,23,202,192,0.328525,0.325190625
0,test_er_100_04,er,100,global_log_mse,23,303,96,0.314825,0.30786875
0,test_er_100_04,er,100,global_log_mse,23,303,192,0.321325,0.315903125
0,test_er_100_04,er,100,global_mse,17,101,96,0.32345,0.316853125
0,test_er_100_04,er,100,global_mse,17,101,192,0.3303,0.3265625
0,test_er_100_04,er,100,global_mse,17,202,96,0.313,0.304315625
0,test_er_100_04,er,100,global_mse,17,202,192,0.31695,0.314165625
0,test_er_100_04,er,100,global_mse,17,303,96,0.3169,0.312446875
0,test_er_100_04,er,100,global_mse,17,303,192,0.3259,0.317609375
0,test_er_100_04,er,100,global_mse,23,101,96,0.3225,0.317990625
0,test_er_100_04,er,100,global_mse,23,101,192,0.326125,0.32266875
0,test_er_100_04,er,100,global_mse,23,202,96,0.317875,0.3136625
0,test_er_100_04,er,100,global_mse,23,202,192,0.3264,0.32090625
0,test_er_100_04,er,100,global_mse,23,303,96,0.31535,0.314596875
0,test_er_100_04,er,100,global_mse,23,303,192,0.32225,0.318325
0,test_er_100_04,er,100,hillclimb,-1,101,96,0.315225,0.307071875
0,test_er_100_04,er,100,hillclimb,-1,101,192,0.31895,0.310165625
0,test_er_100_04,er,100,hillclimb,-1,202,96,0.3145,0.311190625
0,test_er_100_04,er,100,hillclimb,-1,202,192,0.3273,0.31888125
0,test_er_100_04,er,100,hillclimb,-1,303,96,0.3192,0.312415625
0,test_er_100_04,er,100,hillclimb,-1,303,192,0.321275,0.312915625
0,test_er_100_04,er,100,log_mse,17,101,96,0.320475,0.314934375
0,test_er_100_04,er,100,log_mse,17,101,192,0.32635,0.32198125
0,test_er_100_04,er,100,log_mse,17,202,96,0.321625,0.319059375
0,test_er_100_04,er,100,log_mse,17,202,192,0.327775,0.320028125
0,test_er_100_04,er,100,log_mse,17,303,96,0.324375,0.32055
0,test_er_100_04,er,100,log_mse,17,303,192,0.326925,0.318096875
0,test_er_100_04,er,100,log_mse,23,101,96,0.324275,0.31763125
0,test_er_100_04,er,100,log_mse,23,101,192,0.3285,0.3219625
0,test_er_100_04,er,100,log_mse,23,202,96,0.322675,0.31653125
0,test_er_100_04,er,100,log_mse,23,202,192,0.3312,0.327484375
0,test_er_100_04,er,100,log_mse,23,303,96,0.318325,0.312528125
0,test_er_100_04,er,100,log_mse,23,303,192,0.32435,0.317646875
0,test_er_100_04,er,100,mse,17,101,96,0.32185,0.315675
0,test_er_100_04,er,100,mse,17,101,192,0.331425,0.3197
0,test_er_100_04,er,100,mse,17,202,96,0.324075,0.31646875
0,test_er_100_04,er,100,mse,17,202,192,0.329125,0.3226875
0,test_er_100_04,er,100,mse,17,303,96,0.31885,0.31638125
0,test_er_100_04,er,100,mse,17,303,192,0.3235,0.317303125
0,test_er_100_04,er,100,mse,23,101,96,0.315675,0.3103
0,test_er_100_04,er,100,mse,23,101,192,0.321675,0.317528125
0,test_er_100_04,er,100,mse,23,202,96,0.322425,0.317984375
0,test_er_100_04,er,100,mse,23,202,192,0.328525,0.3233875
0,test_er_100_04,er,100,mse,23,303,96,0.3182,0.314690625
0,test_er_100_04,er,100,mse,23,303,192,0.323325,0.322296875
0,test_er_100_04,er,100,pool_random,-1,101,96,0.3124,0.309975
0,test_er_100_04,er,100,pool_random,-1,101,192,0.316475,0.30818125
0,test_er_100_04,er,100,pool_random,-1,202,96,0.310575,0.31033125
0,test_er_100_04,er,100,pool_random,-1,202,192,0.317725,0.310475
0,test_er_100_04,er,100,pool_random,-1,303,96,0.31305,0.30896875
0,test_er_100_04,er,100,pool_random,-1,303,192,0.314575,0.3096125
0,test_er_100_04,er,100,random,-1,101,96,0.31185,0.312284375
0,test_er_100_04,er,100,random,-1,101,192,0.31185,0.312284375
0,test_er_100_04,er,100,random,-1,202,96,0.3114,0.309115625
0,test_er_100_04,er,100,random,-1,202,192,0.3114,0.309115625
0,test_er_100_04,er,100,random,-1,303,96,0.3086,0.305790625
0,test_er_100_04,er,100,random,-1,303,192,0.310425,0.305596875
0,test_er_100_04,er,100,ranknet,17,101,96,0.3199,0.3141375
0,test_er_100_04,er,100,ranknet,17,101,192,0.3306,0.324546875
0,test_er_100_04,er,100,ranknet,17,202,96,0.318925,0.31816875
0,test_er_100_04,er,100,ranknet,17,202,192,0.327475,0.320221875
0,test_er_100_04,er,100,ranknet,17,303,96,0.319925,0.315384375
0,test_er_100_04,er,100,ranknet,17,303,192,0.326625,0.319896875
0,test_er_100_04,er,100,ranknet,23,101,96,0.3234,0.3204
0,test_er_100_04,er,100,ranknet,23,101,192,0.330625,0.322065625
0,test_er_100_04,er,100,ranknet,23,202,96,0.322675,0.314853125
0,test_er_100_04,er,100,ranknet,23,202,192,0.32675,0.31975625
0,test_er_100_04,er,100,ranknet,23,303,96,0.318725,0.313459375
0,test_er_100_04,er,100,ranknet,23,303,192,0.325475,0.32141875
0,test_er_100_05,er,100,ea,-1,101,96,0.313775,0.306365625
0,test_er_100_05,er,100,ea,-1,101,192,0.32125,0.31045
0,test_er_100_05,er,100,ea,-1,202,96,0.313725,0.309684375
0,test_er_100_05,er,100,ea,-1,202,192,0.3159,0.309225
0,test_er_100_05,er,100,ea,-1,303,96,0.313575,0.3044625
0,test_er_100_05,er,100,ea,-1,303,192,0.3141,0.306946875
0,test_er_100_05,er,100,global_log_mse,17,101,96,0.31045,0.304234375
0,test_er_100_05,er,100,global_log_mse,17,101,192,0.31965,0.315771875
0,test_er_100_05,er,100,global_log_mse,17,202,96,0.31975,0.3058125
0,test_er_100_05,er,100,global_log_mse,17,202,192,0.31975,0.3058125
0,test_er_100_05,er,100,global_log_mse,17,303,96,0.31265,0.306921875
0,test_er_100_05,er,100,global_log_mse,17,303,192,0.31965,0.31366875
0,test_er_100_05,er,100,global_log_mse,23,101,96,0.316725,0.3087
0,test_er_100_05,er,100,global_log_mse,23,101,192,0.327625,0.319515625
0,test_er_100_05,er,100,global_log_mse,23,202,96,0.3131,0.307684375
0,test_er_100_05,er,100,global_log_mse,23,202,192,0.3223,0.313109375
0,test_er_100_05,er,100,global_log_mse,23,303,96,0.31425,0.31071875
0,test_er_100_05,er,100,global_log_mse,23,303,192,0.32085,0.313715625
0,test_er_100_05,er,100,global_mse,17,101,96,0.317,0.312515625
0,test_er_100_05,er,100,global_mse,17,101,192,0.3229,0.31614375
0,test_er_100_05,er,100,global_mse,17,202,96,0.314925,0.30593125
0,test_er_100_05,er,100,global_mse,17,202,192,0.322425,0.31205
0,test_er_100_05,er,100,global_mse,17,303,96,0.314425,0.3078625
0,test_er_100_05,er,100,global_mse,17,303,192,0.321875,0.310390625
0,test_er_100_05,er,100,global_mse,23,101,96,0.31765,0.314225
0,test_er_100_05,er,100,global_mse,23,101,192,0.3222,0.3129
0,test_er_100_05,er,100,global_mse,23,202,96,0.31855,0.316190625
0,test_er_100_05,er,100,global_mse,23,202,192,0.32115,0.3166875
0,test_er_100_05,er,100,global_mse,23,303,96,0.311325,0.30923125
0,test_er_100_05,er,100,global_mse,23,303,192,0.316025,0.31101875
0,test_er_100_05,er,100,hillclimb,-1,101,96,0.318325,0.30525
0,test_er_100_05,er,100,hillclimb,-1,101,192,0.322825,0.313171875
0,test_er_100_05,er,100,hillclimb,-1,202,96,0.317325,0.310665625
0,test_er_100_05,er,100,hillclimb,-1,202,192,0.323325,0.314190625
0,test_er_100_05,er,100,hillclimb,-1,303,96,0.313875,0.30354375
0,test_er_100_05,er,100,hillclimb,-1,303,192,0.318675,0.308028125
0,test_er_100_05,er,100,log_mse,17,101,96,0.3217,0.31436875
0,test_er_100_05,er,100,log_mse,17,101,192,0.327275,0.315040625
0,test_er_100_05,er,100,log_mse,17,202,96,0.3192,0.31460625
0,test_er_100_05,er,100,log_mse,17,202,192,0.32435,0.317375
0,test_er_100_05,er,100,log_mse,17,303,96,0.317475,0.314965625
0,test_er_100_05,er,100,log_mse,17,303,192,0.32885,0.320840625
0,test_er_100_05,er,100,log_mse,23,101,96,0.3206,0.312871875
0,test_er_100_05,er,100,log_mse,23,101,192,0.3266,0.32230625
0,test_er_100_05,er,100,log_mse,23,202,96,0.315375,0.311115625
0,test_er_100_05,er,100,log_mse,23,202,192,0.321975,0.313715625
0,test_er_100_05,er,100,log_mse,23,303,96,0.31685,0.314325
0,test_er_100_05,er,100,log_mse,23,303,192,0.322425,0.320521875
0,test_er_100_05,er,100,mse,17,101,96,0.321875,0.30913125
0,test_er_100_05,er,100,mse,17,101,192,0.3266,0.31885
0,test_er_100_05,er,100,mse,17,202,96,0.316325,0.313046875
0,test_er_100_05,er,100,mse,17,202,192,0.324275,0.31373125
0,test_er_100_05,er,100,mse,17,303,96,0.31505,0.31298125
0,test_er_100_05,er,100,mse,17,303,192,0.321325,0.316921875
0,test_er_100_05,er,100,mse,23,101,96,0.314825,0.311359375
0,test_er_100_05,er,100,mse,23,101,192,0.325325,0.321396875
0,test_er_100_05,er,100,mse,23,202,96,0.3178,0.311796875
0,test_er_100_05,er,100,mse,23,202,192,0.323975,0.31625
0,test_er_100_05,er,100,mse,23,303,96,0.317725,0.314925
0,test_er_100_05,er,100,mse,23,303,192,0.32495,0.3199125
0,test_er_100_05,er,100,pool_random,-1,101,96,0.31345,0.309128125
0,test_er_100_05,er,100,pool_random,-1,101,192,0.317775,0.312
0,test_er_100_05,er,100,pool_random,-1,202,96,0.311225,0.306875
0,test_er_100_05,er,100,pool_random,-1,202,192,0.3162,0.31070625
0,test_er_100_05,er,100,pool_random,-1,303,96,0.308275,0.299928125
0,test_er_100_05,er,100,pool_random,-1,303,192,0.309725,0.306228125
0,test_er_100_05,er,100,random,-1,101,96,0.3089,0.297678125
0,test_er_100_05,er,100,random,-1,101,192,0.3089,0.297678125
0,test_er_100_05,er,100,random,-1,202,96,0.3123,0.3044375
0,test_er_100_05,er,100,random,-1,202,192,0.3123,0.3044375
0,test_er_100_05,er,100,random,-1,303,96,0.30865,0.305521875
0,test_er_100_05,er,100,random,-1,303,192,0.312875,0.309696875
0,test_er_100_05,er,100,ranknet,17,101,96,0.3224,0.319875
0,test_er_100_05,er,100,ranknet,17,101,192,0.327975,0.32369375
0,test_er_100_05,er,100,ranknet,17,202,96,0.317225,0.31311875
0,test_er_100_05,er,100,ranknet,17,202,192,0.326275,0.31825625
0,test_er_100_05,er,100,ranknet,17,303,96,0.316325,0.314334375
0,test_er_100_05,er,100,ranknet,17,303,192,0.323325,0.318803125
0,test_er_100_05,er,100,ranknet,23,101,96,0.322,0.319778125
0,test_er_100_05,er,100,ranknet,23,101,192,0.3297,0.3241
0,test_er_100_05,er,100,ranknet,23,202,96,0.3189,0.31418125
0,test_er_100_05,er,100,ranknet,23,202,192,0.3257,0.31828125
0,test_er_100_05,er,100,ranknet,23,303,96,0.315425,0.311009375
0,test_er_100_05,er,100,ranknet,23,303,192,0.3266,0.3201
0,test_er_100_06,er,100,ea,-1,101,96,0.315975,0.30618125
0,test_er_100_06,er,100,ea,-1,101,192,0.3189,0.311921875
0,test_er_100_06,er,100,ea,-1,202,96,0.316425,0.312153125
0,test_er_100_06,er,100,ea,-1,202,192,0.31965,0.32076875
0,test_er_100_06,er,100,ea,-1,303,96,0.3178,0.312646875
0,test_er_100_06,er,100,ea,-1,303,192,0.324775,0.32155625
0,test_er_100_06,er,100,global_log_mse,17,101,96,0.3215,0.319396875
0,test_er_100_06,er,100,global_log_mse,17,101,192,0.329275,0.320790625
0,test_er_100_06,er,100,global_log_mse,17,202,96,0.32275,0.317703125
0,test_er_100_06,er,100,global_log_mse,17,202,192,0.336,0.327959375
0,test_er_100_06,er,100,global_log_mse,17,303,96,0.320025,0.315371875
0,test_er_100_06,er,100,global_log_mse,17,303,192,0.328975,0.320190625
0,test_er_100_06,er,100,global_log_mse,23,101,96,0.322125,0.3140625
0,test_er_100_06,er,100,global_log_mse,23,101,192,0.331825,0.324946875
0,test_er_100_06,er,100,global_log_mse,23,202,96,0.327725,0.321246875
0,test_er_100_06,er,100,global_log_mse,23,202,192,0.332375,0.3207625
0,test_er_100_06,er,100,global_log_mse,23,303,96,0.3241,0.31930625
0,test_er_100_06,er,100,global_log_mse,23,303,192,0.33045,0.324090625
0,test_er_100_06,er,100,global_mse,17,101,96,0.319525,0.318221875
0,test_er_100_06,er,100,global_mse,17,101,192,0.32995,0.324096875
0,test_er_100_06,er,100,global_mse,17,202,96,0.328375,0.318071875
0,test_er_100_06,er,100,global_mse,17,202,192,0.33045,0.32605625
0,test_er_100_06,er,100,global_mse,17,303,96,0.325675,0.318346875
0,test_er_100_06,er,100,global_mse,17,303,192,0.332425,0.32251875
0,test_er_100_06,er,100,global_mse,23,101,96,0.3207,0.319825
0,test_er_100_06,er,100,global_mse,23,101,192,0.33105,0.3241
0,test_er_100_06,er,100,global_mse,23,202,96,0.320125,0.315771875
0,test_er_100_06,er,100,global_mse,23,202,192,0.328425,0.321740625
0,test_er_100_06,er,100,global_mse,23,303,96,0.3259,0.3158
0,test_er_100_06,er,100,global_mse,23,303,192,0.329325,0.324109375
0,test_er_100_06,er,100,hillclimb,-1,101,96,0.32095,0.312528125
0,test_er_100_06,er,100,hillclimb,-1,101,192,0.32575,0.314821875
0,test_er_100_06,er,100,hillclimb,-1,202,96,0.32355,0.313990625
0,test_er_100_06,er,100,hillclimb,-1,202,192,0.330575,0.315990625
0,test_er_100_06,er,100,hillclimb,-1,303,96,0.31865,0.3139875
0,test_er_100_06,er,100,hillclimb,-1,303,192,0.3244,0.318234375
0,test_er_100_06,er,100,log_mse,17,101,96,0.319475,0.31895625
0,test_er_100_06,er,100,log_mse,17,101,192,0.33025,0.323278125
0,test_er_100_06,er,100,log_mse,17,202,96,0.3243,0.3207875
0,test_er_100_06,er,100,log_mse,17,202,192,0.332975,0.325078125
0,test_er_100_06,er,100,log_mse,17,303,96,0.325725,0.3194
0,test_er_100_06,er,100,log_mse,17,303,192,0.331275,0.32719375
0,test_er_100_06,er,100,log_mse,23,101,96,0.323925,0.321384375
0,test_er_100_06,er,100,log_mse,23,101,192,0.329375,0.321775
0,test_er_100_06,er,100,log_mse,23,202,96,0.328075,0.32839375
0,test_er_100_06,er,100,log_mse,23,202,192,0.333075,0.327853125
0,test_er_100_06,er,100,log_mse,23,303,96,0.32255,0.318071875
0,test_er_100_06,er,100,log_mse,23,303,192,0.32925,0.325615625
0,test_er_100_06,er,100,mse,17,101,96,0.325675,0.32150625
0,test_er_100_06,er,100,mse,17,101,192,0.3339,0.32735625
0,test_er_100_06,er,100,mse,17,202,96,0.322375,0.3139875
0,test_er_100_06,er,100,mse,17,202,192,0.33045,0.31976875
0,test_er_100_06,er,100,mse,17,303,96,0.32545,0.320153125
0,test_er_100_06,er,100,mse,17,303,192,0.3307,0.3238125
0,test_er_100_06,er,100,mse,23,101,96,0.31845,0.31555
0,test_er_100_06,er,100,mse,23,101,192,0.32915,0.32333125
0,test_er_100_06,er,100,mse,23,202,96,0.3267,0.32500625
0,test_er_100_06,er,100,mse,23,202,192,0.333325,0.32965625
0,test_er_100_06,er,100,mse,23,303,96,0.32615,0.3251625
0,test_er_100_06,er,100,mse,23,303,192,0.331675,0.32361875
0,test_er_100_06,er,100,pool_random,-1,101,96,0.315625,0.3083
0,test_er_100_06,er,100,pool_random,-1,101,192,0.316625,0.30959375
0,test_er_100_06,er,100,pool_random,-1,202,96,0.31585,0.311975
0,test_er_100_06,er,100,pool_random,-1,202,192,0.321625,0.317071875
0,test_er_100_06,er,100,pool_random,-1,303,96,0.31735,0.311040625
0,test_er_100_06,er,100,pool_random,-1,303,192,0.3221,0.319309375
0,test_er_100_06,er,100,random,-1,101,96,0.31455,0.308375
0,test_er_100_06,er,100,random,-1,101,192,0.3151,0.305109375
0,test_er_100_06,er,100,random,-1,202,96,0.3149,0.314028125
0,test_er_100_06,er,100,random,-1,202,192,0.3149,0.314028125
0,test_er_100_06,er,100,random,-1,303,96,0.31665,0.3085375
0,test_er_100_06,er,100,random,-1,303,192,0.31665,0.3085375
0,test_er_100_06,er,100,ranknet,17,101,96,0.32655,0.31826875
0,test_er_100_06,er,100,ranknet,17,101,192,0.3297,0.324471875
0,test_er_100_06,er,100,ranknet,17,202,96,0.327875,0.319809375
0,test_er_100_06,er,100,ranknet,17,202,192,0.334825,0.32931875
0,test_er_100_06,er,100,ranknet,17,303,96,0.324975,0.32049375
0,test_er_100_06,er,100,ranknet,17,303,192,0.332125,0.323321875
0,test_er_100_06,er,100,ranknet,23,101,96,0.3266,0.319175
0,test_er_100_06,er,100,ranknet,23,101,192,0.331225,0.316203125
0,test_er_100_06,er,100,ranknet,23,202,96,0.328425,0.322596875
0,test_er_100_06,er,100,ranknet,23,202,192,0.33655,0.330715625
0,test_er_100_06,er,100,ranknet,23,303,96,0.3279,0.320078125
0,test_er_100_06,er,100,ranknet,23,303,192,0.338075,0.3268125
0,test_er_100_07,er,100,ea,-1,101,96,0.324,0.31759375
0,test_er_100_07,er,100,ea,-1,101,192,0.32515,0.316028125
0,test_er_100_07,er,100,ea,-1,202,96,0.32225,0.319271875
0,test_er_100_07,er,100,ea,-1,202,192,0.32485,0.320790625
0,test_er_100_07,er,100,ea,-1,303,96,0.32555,0.318271875
0,test_er_100_07,er,100,ea,-1,303,192,0.325925,0.318584375
0,test_er_100_07,er,100,global_log_mse,17,101,96,0.32915,0.321109375
0,test_er_100_07,er,100,global_log_mse,17,101,192,0.33065,0.32095625
0,test_er_100_07,er,100,global_log_mse,17,202,96,0.32565,0.321315625
0,test_er_100_07,er,100,global_log_mse,17,202,192,0.336775,0.32769375
0,test_er_100_07,er,100,global_log_mse,17,303,96,0.3268,0.3182875
0,test_er_100_07,er,100,global_log_mse,17,303,192,0.330725,0.32146875
0,test_er_100_07,er,100,global_log_mse,23,101,96,0.330475,0.323071875
0,test_er_100_07,er,100,global_log_mse,23,101,192,0.336,0.326453125
0,test_er_100_07,er,100,global_log_mse,23,202,96,0.32765,0.31990625
0,test_er_100_07,er,100,global_log_mse,23,202,192,0.33115,0.320053125
0,test_er_100_07,er,100,global_log_mse,23,303,96,0.33035,0.324096875
0,test_er_100_07,er,100,global_log_mse,23,303,192,0.33285,0.326546875
0,test_er_100_07,er,100,global_mse,17,101,96,0.33055,0.32104375
0,test_er_100_07,er,100,global_mse,17,101,192,0.3335,0.32805625
0,test_er_100_07,er,100,global_mse,17,202,96,0.329775,0.330325
0,test_er_100_07,er,100,global_mse,17,202,192,0.3342,0.329278125
0,test_er_100_07,er,100,global_mse,17,303,96,0.32655,0.321365625
0,test_er_100_07,er,100,global_mse,17,303,192,0.330425,0.322959375
0,test_er_100_07,er,100,global_mse,23,101,96,0.328325,0.32206875
0,test_er_100_07,er,100,global_mse,23,101,192,0.335225,0.330778125
0,test_er_100_07,er,100,global_mse,23,202,96,0.325375,0.31793125
0,test_er_100_07,er,100,global_mse,23,202,192,0.330775,0.324109375
0,test_er_100_07,er,100,global_mse,23,303,96,0.327875,0.32295625
0,test_er_100_07,er,100,global_mse,23,303,192,0.339625,0.329234375
0,test_er_100_07,er,100,hillclimb,-1,101,96,0.3268,0.320890625
0,test_er_100_07,er,100,hillclimb,-1,101,192,0.3341,0.32233125
0,test_er_100_07,er,100,hillclimb,-1,202,96,0.3351,0.325228125
0,test_er_100_07,er,100,hillclimb,-1,202,192,0.338875,0.326125
0,test_er_100_07,er,100,hillclimb,-1,303,96,0.328575,0.31991875
0,test_er_100_07,er,100,hillclimb,-1,303,192,0.332625,0.319953125
0,test_er_100_07,er,100,log_mse,17,101,96,0.33425,0.32496875
0,test_er_100_07,er,100,log_mse,17,101,192,0.3354,0.3268375
0,test_er_100_07,er,100,log_mse,17,202,96,0.333875,0.325784375
0,test_er_100_07,er,100,log_mse,17,202,192,0.339825,0.3294
0,test_er_100_07,er,100,log_mse,17,303,96,0.3346,0.326503125
0,test_er_100_07,er,100,log_mse,17,303,192,0.336425,0.328953125
0,test_er_100_07,er,100,log_mse,23,101,96,0.333425,0.326546875
0,test_er_100_07,er,100,log_mse,23,101,192,0.334025,0.3249625
0,test_er_100_07,er,100,log_mse,23,202,96,0.3327,0.324625
0,test_er_100_07,er,100,log_mse,23,202,192,0.337275,0.32580625
0,test_er_100_07,er,100,log_mse,23,303,96,0.329825,0.324571875
0,test_er_100_07,er,100,log_mse,23,303,192,0.3373,0.32794375
0,test_er_100_07,er,100,mse,17,101,96,0.330075,0.324034375
0,test_er_100_07,er,100,mse,17,101,192,0.3351,0.32971875
0,test_er_100_07,er,100,mse,17,202,96,0.328525,0.32428125
0,test_er_100_07,er,100,mse,17,202,192,0.33575,0.331075
0,test_er_100_07,er,100,mse,17,303,96,0.327925,0.324665625
0,test_er_100_07,er,100,mse,17,303,192,0.33435,0.329715625
0,test_er_100_07,er,100,mse,23,101,96,0.33065,0.323434375
0,test_er_100_07,er,100,mse,23,101,192,0.33385,0.325275
0,test_er_100_07,er,100,mse,23,202,96,0.3307,0.327603125
0,test_er_100_07,er,100,mse,23,202,192,0.332675,0.325590625
0,test_er_100_07,er,100,mse,23,303,96,0.328675,0.321165625
0,test_er_100_07,er,100,mse,23,303,192,0.336,0.32155
0,test_er_100_07,er,100,pool_random,-1,101,96,0.322375,0.31785625
0,test_er_100_07,er,100,pool_random,-1,101,192,0.326025,0.316290625
0,test_er_100_07,er,100,pool_random,-1,202,96,0.32485,0.3188125
0,test_er_100_07,er,100,pool_random,-1,202,192,0.3281,0.32085625
0,test_er_100_07,er,100,pool_random,-1,303,96,0.325525,0.3166875
0,test_er_100_07,er,100,pool_random,-1,303,192,0.3276,0.3195875
0,test_er_100_07,er,100,random,-1,101,96,0.32375,0.3227375
0,test_er_100_07,er,100,random,-1,101,192,0.32405,0.3215375
0,test_er_100_07,er,100,random,-1,202,96,0.32205,0.318684375
0,test_er_100_07,er,100,random,-1,202,192,0.32315,0.31363125
0,test_er_100_07,er,100,random,-1,303,96,0.324475,0.3237625
0,test_er_100_07,er,100,random,-1,303,192,0.324475,0.3237625
0,test_er_100_07,er,100,ranknet,17,101,96,0.333825,0.32963125
0,test_er_100_07,er,100,ranknet,17,101,192,0.339275,0.326828125
0,test_er_100_07,er,100,ranknet,17,202,96,0.3318,0.32358125
0,test_er_100_07,er,100,ranknet,17,202,192,0.340475,0.333175
0,test_er_100_07,er,100,ranknet,17,303,96,0.33155,0.320128125
0,test_er_100_07,er,100,ranknet,17,303,192,0.338875,0.32875625
0,test_er_100_07,er,100,ranknet,23,101,96,0.3309,0.32505
0,test_er_100_07,er,100,ranknet,23,101,192,0.3371,0.333025
0,test_er_100_07,er,100,ranknet,23,202,96,0.3289,0.32101875
0,test_er_100_07,er,100,ranknet,23,202,192,0.33745,0.32705625
0,test_er_100_07,er,100,ranknet,23,303,96,0.334925,0.325353125
0,test_er_100_07,er,100,ranknet,23,303,192,0.336375,0.32929375
0,test_er_50_00,er,50,ea,-1,101,96,0.3327,0.3224625
0,test_er_50_00,er,50,ea,-1,101,192,0.3461,0.3335625
0,test_er_50_00,er,50,ea,-1,202,96,0.3312,0.322625
0,test_er_50_00,er,50,ea,-1,202,192,0.3394,0.3247
0,test_er_50_00,er,50,ea,-1,303,96,0.3346,0.3297125
0,test_er_50_00,er,50,ea,-1,303,192,0.3381,0.33415
0,test_er_50_00,er,50,global_log_mse,17,101,96,0.3359,0.3328625
0,test_er_50_00,er,50,global_log_mse,17,101,192,0.3402,0.3368
0,test_er_50_00,er,50,global_log_mse,17,202,96,0.3436,0.3387625
0,test_er_50_00,er,50,global_log_mse,17,202,192,0.3503,0.3393875
0,test_er_50_00,er,50,global_log_mse,17,303,96,0.3417,0.3363375
0,test_er_50_00,er,50,global_log_mse,17,303,192,0.3476,0.332525
0,test_er_50_00,er,50,global_log_mse,23,101,96,0.3432,0.33765
0,test_er_50_00,er,50,global_log_mse,23,101,192,0.3475,0.3390875
0,test_er_50_00,er,50,global_log_mse,23,202,96,0.3371,0.33025
0,test_er_50_00,er,50,global_log_mse,23,202,192,0.3463,0.3382625
0,test_er_50_00,er,50,global_log_mse,23,303,96,0.3366,0.3283625
0,test_er_50_00,er,50,global_log_mse,23,303,192,0.3444,0.3390125
0,test_er_50_00,er,50,global_mse,17,101,96,0.3358,0.3347625
0,test_er_50_00,er,50,global_mse,17,101,192,0.3461,0.3391875
0,test_er_50_00,er,50,global_mse,17,202,96,0.3417,0.3322625
0,test_er_50_00,er,50,global_mse,17,202,192,0.3455,0.3344125
0,test_er_50_00,er,50,global_mse,17,303,96,0.3384,0.328775
0,test_er_50_00,er,50,global_mse,17,303,192,0.3468,0.3377
0,test_er_50_00,er,50,global_mse,23,101,96,0.3372,0.3359875
0,test_er_50_00,er,50,global_mse,23,101,192,0.3487,0.341925
0,test_er_50_00,er,50,global_mse,23,202,96,0.3372,0.33375
0,test_er_50_00,er,50,global_mse,23,202,192,0.3444,0.33065
0,test_er_50_00,er,50,global_mse,23,303,96,0.3399,0.3339375
0,test_er_50_00,er,50,global_mse,23,303,192,0.3457,0.3413125
0,test_er_50_00,er,50,hillclimb,-1,101,96,0.3384,0.3318
0,test_er_50_00,er,50,hillclimb,-1,101,192,0.3453,0.3391625
0,test_er_50_00,er,50,hillclimb,-1,202,96,0.3441,0.333625
0,test_er_50_00,er,50,hillclimb,-1,202,192,0.3454,0.333725
0,test_er_50_00,er,50,hillclimb,-1,303,96,0.334,0.328275
0,test_er_50_00,er,50,hillclimb,-1,303,192,0.3446,0.3300375
0,test_er_50_00,er,50,log_mse,17,101,96,0.3378,0.335025
0,test_er_50_00,er,50,log_mse,17,101,192,0.3479,0.33625
0,test_er_50_00,er,50,log_mse,17,202,96,0.3398,0.336075
0,test_er_50_00,er,50,log_mse,17,202,192,0.3427,0.3343625
0,test_er_50_00,er,50,log_mse,17,303,96,0.3349,0.3279625
0,test_er_50_00,er,50,log_mse,17,303,192,0.3428,0.33565
0,test_er_50_00,er,50,log_mse,23,101,96,0.3511,0.3429
0,test_er_50_00,er,50,log_mse,23,101,192,0.3535,0.3484625
0,test_er_50_00,er,50,log_mse,23,202,96,0.3425,0.336775
0,test_er_50_00,er,50,log_mse,23,202,192,0.3486,0.3384375
0,test_er_50_00,er,50,log_mse,23,303,96,0.339,0.33395
0,test_er_50_00,er,50,log_mse,23,303,192,0.3493,0.3458875
0,test_er_50_00,er,50,mse,17,101,96,0.3387,0.3351625
0,test_er_50_00,er,50,mse,17,101,192,0.347,0.34295
0,test_er_50_00,er,50,mse,17,202,96,0.3419,0.3341625
0,test_er_50_00,er,50,mse,17,202,192,0.3465,0.338275
0,test_er_50_00,er,50,mse,17,303,96,0.3412,0.33815
0,test_er_50_00,er,50,mse,17,303,192,0.3502,0.3438375
0,test_er_50_00,er,50,mse,23,101,96,0.3442,0.339675
0,test_er_50_00,er,50,mse,23,101,192,0.3473,0.34165
0,test_er_50_00,er,50,mse,23,202,96,0.3376,0.3309625
0,test_er_50_00,er,50,mse,23,202,192,0.3452,0.3448625
0,test_er_50_00,er,50,mse,23,303,96,0.3421,0.34035
0,test_er_50_00,er,50,mse,23,303,192,0.3511,0.344425
0,test_er_50_00,er,50,pool_random,-1,101,96,0.3322,0.3262375
0,test_er_50_00,er,50,pool_random,-1,101,192,0.3388,0.3332
0,test_er_50_00,er,50,pool_random,-1,202,96,0.3346,0.324075
0,test_er_50_00,er,50,pool_random,-1,202,192,0.3346,0.324075
0,test_er_50_00,er,50,pool_random,-1,303,96,0.3339,0.3332875
0,test_er_50_00,er,50,pool_random,-1,303,192,0.3414,0.3377875
0,test_er_50_00,er,50,random,-1,101,96,0.3303,0.33165
0,test_er_50_00,er,50,random,-1,101,192,0.3303,0.33165
0,test_er_50_00,er,50,random,-1,202,96,0.3283,0.3260625
0,test_er_50_00,er,50,random,-1,202,192,0.3295,0.3237
0,test_er_50_00,er,50,random,-1,303,96,0.3301,0.3284625
0,test_er_50_00,er,50,random,-1,303,192,0.336,0.3258375
0,test_er_50_00,er,50,ranknet,17,101,96,0.3394,0.338025
0,test_er_50_00,er,50,ranknet,17,101,192,0.3491,0.3423125
0,test_er_50_00,er,50,ranknet,17,202,96,0.3452,0.3424
0,test_er_50_00,er,50,ranknet,17,202,192,0.3507,0.342375
0,test_er_50_00,er,50,ranknet,17,303,96,0.3455,0.334275
0,test_er_50_00,er,50,ranknet,17,303,192,0.3506,0.3388125
0,test_er_50_00,er,50,ranknet,23,101,96,0.3485,0.3412
0,test_er_50_00,er,50,ranknet,23,101,192,0.3521,0.3442125
0,test_er_50_00,er,50,ranknet,23,202,96,0.3405,0.3357625
0,test_er_50_00,er,50,ranknet,23,202,192,0.3461,0.33535
0,test_er_50_00,er,50,ranknet,23,303,96,0.3454,0.336675
0,test_er_50_00,er,50,ranknet,23,303,192,0.3482,0.3339375
0,test_er_50_01,er,50,ea,-1,101,96,0.3319,0.326
0,test_er_50_01,er,50,ea,-1,101,192,0.3369,0.3293875
0,test_er_50_01,er,50,ea,-1,202,96,0.3338,0.3291875
0,test_er_50_01,er,50,ea,-1,202,192,0.3365,0.3252375
0,test_er_50_01,er,50,ea,-1,303,96,0.3313,0.3282625
0,test_er_50_01,er,50,ea,-1,303,192,0.336,0.331
0,test_er_50_01,er,50,global_log_mse,17,101,96,0.3319,0.3232
0,test_er_50_01,er,50,global_log_mse,17,101,192,0.3373,0.3300875
0,test_er_50_01,er,50,global_log_mse,17,202,96,0.3375,0.3307625
0,test_er_50_01,er,50,global_log_mse,17,202,192,0.3439,0.334975
0,test_er_50_01,er,50,global_log_mse,17,303,96,0.339,0.3329875
0,test_er_50_01,er,50,global_log_mse,17,303,192,0.352,0.33755
0,test_er_50_01,er,50,global_log_mse,23,101,96,0.332,0.3272875
0,test_er_50_01,er,50,global_log_mse,23,101,192,0.3424,0.3369
0,test_er_50_01,er,50,global_log_mse,23,202,96,0.3479,0.338475
0,test_er_50_01,er,50,global_log_mse,23,202,192,0.3512,0.3391625
0,test_er_50_01,er,50,global_log_mse,23,303,96,0.3427,0.3330625
0,test_er_50_01,er,50,global_log_mse,23,303,192,0.3427,0.3330625
0,test_er_50_01,er,50,global_mse,17,101,96,0.3375,0.333225
0,test_er_50_01,er,50,global_mse,17,101,192,0.3498,0.34155
0,test_er_50_01,er,50,global_mse,17,202,96,0.3464,0.3384875
0,test_er_50_01,er,50,global_mse,17,202,192,0.3465,0.3382125
0,test_er_50_01,er,50,global_mse,17,303,96,0.3384,0.33645
0,test_er_50_01,er,50,global_mse,17,303,192,0.3409,0.3343625
0,test_er_50_01,er,50,global_mse,23,101,96,0.3433,0.3332625
0,test_er_50_01,er,50,global_mse,23,101,192,0.3474,0.337775
0,test_er_50_01,er,50,global_mse,23,202,96,0.3404,0.3304375
0,test_er_50_01,er,50,global_mse,23,202,192,0.3477,0.3381625
0,test_er_50_01,er,50,global_mse,23,303,96,0.3376,0.3305625
0,test_er_50_01,er,50,global_mse,23,303,192,0.3451,0.3378125
0,test_er_50_01,er,50,hillclimb,-1,101,96,0.3373,0.3254625
0,test_er_50_01,er,50,hillclimb,-1,101,192,0.3441,0.3264125
0,test_er_50_01,er,50,hillclimb,-1,202,96,0.3359,0.327525
0,test_er_50_01,er,50,hillclimb,-1,202,192,0.3435,0.3276875
0,test_er_50_01,er,50,hillclimb,-1,303,96,0.3399,0.3261625
0,test_er_50_01,er,50,hillclimb,-1,303,192,0.3416,0.329775
0,test_er_50_01,er,50,log_mse,17,101,96,0.3354,0.3277125
0,test_er_50_01,er,50,log_mse,17,101,192,0.3439,0.3356875
0,test_er_50_01,er,50,log_mse,17,202,96,0.3371,0.3283625
0,test_er_50_01,er,50,log_mse,17,202,192,0.3407,0.332475
0,test_er_50_01,er,50,log_mse,17,303,96,0.3406,0.3329125
0,test_er_50_01,er,50,log_mse,17,303,192,0.3475,0.338275
0,test_er_50_01,er,50,log_mse,23,101,96,0.3348,0.329575
0,test_er_50_01,er,50,log_mse,23,101,192,0.3399,0.33695
0,test_er_50_01,er,50,log_mse,23,202,96,0.336,0.3312875
0,test_er_50_01,er,50,log_mse,23,202,192,0.3407,0.335275
0,test_er_50_01,er,50,log_mse,23,303,96,0.3374,0.336525
0,test_er_50_01,er,50,log_mse,23,303,192,0.3462,0.3399375
0,test_er_50_01,er,50,mse,17,101,96,0.3412,0.331475
0,test_er_50_01,er,50,mse,17,101,192,0.3465,0.334375
0,test_er_50_01,er,50,mse,17,202,96,0.3355,0.32735
0,test_er_50_01,er,50,mse,17,202,192,0.3464,0.336
0,test_er_50_01,er,50,mse,17,303,96,0.3365,0.3299125
0,test_er_50_01,er,50,mse,17,303,192,0.3474,0.3408125
0,test_er_50_01,er,50,mse,23,101,96,0.337,0.330825
0,test_er_50_01,er,50,mse,23,101,192,0.3419,0.3352375
0,test_er_50_01,er,50,mse,23,202,96,0.3404,0.3313125
0,test_er_50_01,er,50,mse,23,202,192,0.3508,0.340175
0,test_er_50_01,er,50,mse,23,303,96,0.3457,0.3349375
0,test_er_50_01,er,50,mse,23,303,192,0.3505,0.3385125
0,test_er_50_01,er,50,pool_random,-1,101,96,0.3265,0.32075
0,test_er_50_01,er,50,pool_random,-1,101,192,0.3322,0.3254875
0,test_er_50_01,er,50,pool_random,-1,202,96,0.3318,0.3279125
0,test_er_50_01,er,50,pool_random,-1,202,192,0.3375,0.328275
0,test_er_50_01,er,50,pool_random,-1,303,96,0.3347,0.3299375
0,test_er_50_01,er,50,pool_random,-1,303,192,0.3379,0.3283125
0,test_er_50_01,er,50,random,-1,101,96,0.3289,0.3269125
0,test_er_50_01,er,50,random,-1,101,192,0.3304,0.322875
0,test_er_50_01,er,50,random,-1,202,96,0.3266,0.321925
0,test_er_50_01,er,50,random,-1,202,192,0.3287,0.319825
0,test_er_50_01,er,50,random,-1,303,96,0.334,0.326375
0,test_er_50_01,er,50,random,-1,303,192,0.334,0.326375
0,test_er_50_01,er,50,ranknet,17,101,96,0.3367,0.3304625
0,test_er_50_01,er,50,ranknet,17,101,192,0.3485,0.340425
0,test_er_50_01,er,50,ranknet,17,202,96,0.3388,0.334625
0,test_er_50_01,er,50,ranknet,17,202,192,0.3478,0.3380875
0,test_er_50_01,er,50,ranknet,17,303,96,0.3381,0.3326875
0,test_er_50_01,er,50,ranknet,17,303,192,0.3462,0.3359125
0,test_er_50_01,er,50,ranknet,23,101,96,0.3399,0.3307625
0,test_er_50_01,er,50,ranknet,23,101,192,0.3482,0.340975
0,test_er_50_01,er,50,ranknet,23,202,96,0.3416,0.3353875
0,test_er_50_01,er,50,ranknet,23,202,192,0.3507,0.3395125
0,test_er_50_01,er,50,ranknet,23,303,96,0.3396,0.3312375
0,test_er_50_01,er,50,ranknet,23,303,192,0.3457,0.335025
0,test_er_50_02,er,50,ea,-1,101,96,0.3328,0.3254
0,test_er_50_02,er,50,ea,-1,101,192,0.3339,0.3278875
0,test_er_50_02,er,50,ea,-1,202,96,0.3398,0.3344625
0,test_er_50_02,er,50,ea,-1,202,192,0.348,0.33695
0,test_er_50_02,er,50,ea,-1,303,96,0.3361,0.3301125
0,test_er_50_02,er,50,ea,-1,303,192,0.344,0.3417375
0,test_er_50_02,er,50,global_log_mse,17,101,96,0.3415,0.3343125
0,test_er_50_02,er,50,global_log_mse,17,101,192,0.346,0.33925
0,test_er_50_02,er,50,global_log_mse,17,202,96,0.3447,0.3384875
0,test_er_50_02,er,50,global_log_mse,17,202,192,0.3534,0.343575
0,test_er_50_02,er,50,global_log_mse,17,303,96,0.3479,0.3374
0,test_er_50_02,er,50,global_log_mse,17,303,192,0.3555,0.3453125
0,test_er_50_02,er,50,global_log_mse,23,101,96,0.3443,0.335375
0,test_er_50_02,er,50,global_log_mse,23,101,192,0.3546,0.345025
0,test_er_50_02,er,50,global_log_mse,23,202,96,0.344,0.3371125
0,test_er_50_02,er,50,global_log_mse,23,202,192,0.3473,0.34105
0,test_er_50_02,er,50,global_log_mse,23,303,96,0.3401,0.330525
0,test_er_50_02,er,50,global_log_mse,23,303,192,0.3465,0.3352625
0,test_er_50_02,er,50,global_mse,17,101,96,0.3506,0.3312375
0,test_er_50_02,er,50,global_mse,17,101,192,0.3506,0.3312375
0,test_er_50_02,er,50,global_mse,17,202,96,0.3372,0.3340625
0,test_er_50_02,er,50,global_mse,17,202,192,0.3489,0.3427375
0,test_er_50_02,er,50,global_mse,17,303,96,0.3451,0.3351125
0,test_er_50_02,er,50,global_mse,17,303,192,0.3531,0.341875
0,test_er_50_02,er,50,global_mse,23,101,96,0.3469,0.338175
0,test_er_50_02,er,50,global_mse,23,101,192,0.3528,0.3422
0,test_er_50_02,er,50,global_mse,23,202,96,0.3375,0.3329125
0,test_er_50_02,er,50,global_mse,23,202,192,0.3527,0.341925
0,test_er_50_02,er,50,global_mse,23,303,96,0.3352,0.3293625
0,test_er_50_02,er,50,global_mse,23,303,192,0.3455,0.3415625
0,test_er_50_02,er,50,hillclimb,-1,101,96,0.3501,0.3346375
0,test_er_50_02,er,50,hillclimb,-1,101,192,0.3518,0.3376875
0,test_er_50_02,er,50,hillclimb,-1,202,96,0.3489,0.3355375
0,test_er_50_02,er,50,hillclimb,-1,202,192,0.352,0.33775
0,test_er_50_02,er,50,hillclimb,-1,303,96,0.348,0.3384
0,test_er_50_02,er,50,hillclimb,-1,303,192,0.3536,0.3360375
0,test_er_50_02,er,50,log_mse,17,101,96,0.3492,0.346475
0,test_er_50_02,er,50,log_mse,17,101,192,0.3532,0.3455
0,test_er_50_02,er,50,log_mse,17,202,96,0.3467,0.3381375
0,test_er_50_02,er,50,log_mse,17,202,192,0.3489,0.3426875
0,test_er_50_02,er,50,log_mse,17,303,96,0.3396,0.3329875
0,test_er_50_02,er,50,log_mse,17,303,192,0.3463,0.3408625
0,test_er_50_02,er,50,log_mse,23,101,96,0.3456,0.342
0,test_er_50_02,er,50,log_mse,23,101,192,0.3518,0.349025
0,test_er_50_02,er,50,log_mse,23,202,96,0.3441,0.3389125
0,test_er_50_02,er,50,log_mse,23,202,192,0.3522,0.3456375
0,test_er_50_02,er,50,log_mse,23,303,96,0.3468,0.33895
0,test_er_50_02,er,50,log_mse,23,303,192,0.354,0.348075
0,test_er_50_02,er,50,mse,17,101,96,0.3511,0.3435625
0,test_er_50_02,er,50,mse,17,101,192,0.3554,0.3464875
0,test_er_50_02,er,50,mse,17,202,96,0.341,0.332275
0,test_er_50_02,er,50,mse,17,202,192,0.3505,0.3413125
0,test_er_50_02,er,50,mse,17,303,96,0.3506,0.3444375
0,test_er_50_02,er,50,mse,17,303,192,0.3547,0.343875
0,test_er_50_02,er,50,mse,23,101,96,0.3433,0.341
0,test_er_50_02,er,50,mse,23,101,192,0.3538,0.349725
0,test_er_50_02,er,50,mse,23,202,96,0.348,0.3389125
0,test_er_50_02,er,50,mse,23,202,192,0.3525,0.3452375
0,test_er_50_02,er,50,mse,23,303,96,0.3475,0.3449875
0,test_er_50_02,er,50,mse,23,303,192,0.3515,0.34275
0,test_er_50_02,er,50,pool_random,-1,101,96,0.3369,0.3306
0,test_er_50_02,er,50,pool_random,-1,101,192,0.3441,0.3379875
0,test_er_50_02,er,50,pool_random,-1,202,96,0.3398,0.3281625
0,test_er_50_02,er,50,pool_random,-1,202,192,0.3435,0.33415
0,test_er_50_02,er,50,pool_random,-1,303,96,0.3387,0.3320875
0,test_er_50_02,er,50,pool_random,-1,303,192,0.3442,0.3412375
0,test_er_50_02,er,50,random,-1,101,96,0.3329,0.321225
0,test_er_50_02,er,50,random,-1,101,192,0.334,0.33015
0,test_er_50_02,er,50,random,-1,202,96,0.3351,0.3284125
0,test_er_50_02,er,50,random,-1,202,192,0.3351,0.3284125
0,test_er_50_02,er,50,random,-1,303,96,0.33,0.326525
0,test_er_50_02,er,50,random,-1,303,192,0.3315,0.327475
0,test_er_50_02,er,50,ranknet,17,101,96,0.3475,0.3317375
0,test_er_50_02,er,50,ranknet,17,101,192,0.3494,0.3422875
0,test_er_50_02,er,50,ranknet,17,202,96,0.3448,0.3389875
0,test_er_50_02,er,50,ranknet,17,202,192,0.3525,0.340725
0,test_er_50_02,er,50,ranknet,17,303,96,0.3494,0.33915
0,test_er_50_02,er,50,ranknet,17,303,192,0.3534,0.3412875
0,test_er_50_02,er,50,ranknet,23,101,96,0.3441,0.3397
0,test_er_50_02,er,50,ranknet,23,101,192,0.3544,0.3446875
0,test_er_50_02,er,50,ranknet,23,202,96,0.3492,0.3419
0,test_er_50_02,er,50,ranknet,23,202,192,0.3492,0.3419
0,test_er_50_02,er,50,ranknet,23,303,96,0.3485,0.3436625
0,test_er_50_02,er,50,ranknet,23,303,192,0.3533,0.346875
0,test_er_50_03,er,50,ea,-1,101,96,0.3265,0.3131875
0,test_er_50_03,er,50,ea,-1,101,192,0.3339,0.3169625
0,test_er_50_03,er,50,ea,-1,202,96,0.3258,0.32015
0,test_er_50_03,er,50,ea,-1,202,192,0.3387,0.330525
0,test_er_50_03,er,50,ea,-1,303,96,0.3272,0.3180625
0,test_er_50_03,er,50,ea,-1,303,192,0.337,0.3280875
0,test_er_50_03,er,50,global_log_mse,17,101,96,0.3333,0.3228625
0,test_er_50_03,er,50,global_log_mse,17,101,192,0.3397,0.33365
0,test_er_50_03,er,50,global_log_mse,17,202,96,0.3289,0.32545
0,test_er_50_03,er,50,global_log_mse,17,202,192,0.337,0.3240875
0,test_er_50_03,er,50,global_log_mse,17,303,96,0.3394,0.3301375
0,test_er_50_03,er,50,global_log_mse,17,303,192,0.3416,0.3324375
0,test_er_50_03,er,50,global_log_mse,23,101,96,0.3312,0.3194875
0,test_er_50_03,er,50,global_log_mse,23,101,192,0.3381,0.33045
0,test_er_50_03,er,50,global_log_mse,23,202,96,0.3356,0.3277125
0,test_er_50_03,er,50,global_log_mse,23,202,192,0.34,0.3335875
0,test_er_50_03,er,50,global_log_mse,23,303,96,0.3373,0.32685
0,test_er_50_03,er,50,global_log_mse,23,303,192,0.3431,0.33065
0,test_er_50_03,er,50,global_mse,17,101,96,0.3363,0.3294
0,test_er_50_03,er,50,global_mse,17,101,192,0.3412,0.3240625
0,test_er_50_03,er,50,global_mse,17,202,96,0.3312,0.3198125
0,test_er_50_03,er,50,global_mse,17,202,192,0.3342,0.32505
0,test_er_50_03,er,50,global_mse,17,303,96,0.3375,0.3240375
0,test_er_50_03,er,50,global_mse,17,303,192,0.3424,0.3259875
0,test_er_50_03,er,50,global_mse,23,101,96,0.3366,0.329725
0,test_er_50_03,er,50,global_mse,23,101,192,0.3416,0.331125
0,test_er_50_03,er,50,global_mse,23,202,96,0.3346,0.32375
0,test_er_50_03,er,50,global_mse,23,202,192,0.339,0.3267
0,test_er_50_03,er,50,global_mse,23,303,96,0.3428,0.32845
0,test_er_50_03,er,50,global_mse,23,303,192,0.347,0.3331
0,test_er_50_03,er,50,hillclimb,-1,101,96,0.3363,0.3073
0,test_er_50_03,er,50,hillclimb,-1,101,192,0.3428,0.322575
0,test_er_50_03,er,50,hillclimb,-1,202,96,0.3313,0.3178
0,test_er_50_03,er,50,hillclimb,-1,202,192,0.341,0.3240125
0,test_er_50_03,er,50,hillclimb,-1,303,96,0.3376,0.327125
0,test_er_50_03,er,50,hillclimb,-1,303,192,0.3407,0.3276875
0,test_er_50_03,er,50,log_mse,17,101,96,0.3319,0.3307625
0,test_er_50_03,er,50,log_mse,17,101,192,0.3439,0.3350375
0,test_er_50_03,er,50,log_mse,17,202,96,0.331,0.33175
0,test_er_50_03,er,50,log_mse,17,202,192,0.3386,0.3302
0,test_er_50_03,er,50,log_mse,17,303,96,0.3356,0.3315125
0,test_er_50_03,er,50,log_mse,17,303,192,0.3391,0.3322625
0,test_er_50_03,er,50,log_mse,23,101,96,0.3356,0.327175
0,test_er_50_03,er,50,log_mse,23,101,192,0.3445,0.3342625
0,test_er_50_03,er,50,log_mse,23,202,96,0.3366,0.3329
0,test_er_50_03,er,50,log_mse,23,202,192,0.3461,0.3372875
0,test_er_50_03,er,50,log_mse,23,303,96,0.335,0.3306875
0,test_er_50_03,er,50,log_mse,23,303,192,0.3402,0.3335875
0,test_er_50_03,er,50,mse,17,101,96,0.3333,0.3328375
0,test_er_50_03,er,50,mse,17,101,192,0.3425,0.3360125
0,test_er_50_03,er,50,mse,17,202,96,0.3346,0.3275375
0,test_er_50_03,er,50,mse,17,202,192,0.3424,0.3345875
0,test_er_50_03,er,50,mse,17,303,96,0.3391,0.3269625
0,test_er_50_03,er,50,mse,17,303,192,0.3391,0.3269625
0,test_er_50_03,er,50,mse,23,101,96,0.3343,0.32985
0,test_er_50_03,er,50,mse,23,101,192,0.3389,0.33195
0,test_er_50_03,er,50,mse,23,202,96,0.3322,0.326025
0,test_er_50_03,er,50,mse,23,202,192,0.3413,0.336425
0,test_er_50_03,er,50,mse,23,303,96,0.3389,0.3295875
0,test_er_50_03,er,50,mse,23,303,192,0.3443,0.332875
0,test_er_50_03,er,50,pool_random,-1,101,96,0.3283,0.313675
0,test_er_50_03,er,50,pool_random,-1,101,192,0.3304,0.310575
0,test_er_50_03,er,50,pool_random,-1,202,96,0.3295,0.319175
0,test_er_50_03,er,50,pool_random,-1,202,192,0.3333,0.3222
0,test_er_50_03,er,50,pool_random,-1,303,96,0.3262,0.315625
0,test_er_50_03,er,50,pool_random,-1,303,192,0.3318,0.3149375
0,test_er_50_03,er,50,random,-1,101,96,0.3244,0.3125
0,test_er_50_03,er,50,random,-1,101,192,0.3244,0.3125
0,test_er_50_03,er,50,random,-1,202,96,0.3265,0.314825
0,test_er_50_03,er,50,random,-1,202,192,0.3265,0.314825
0,test_er_50_03,er,50,random,-1,303,96,0.3262,0.3164
0,test_er_50_03,er,50,random,-1,303,192,0.3262,0.3164
0,test_er_50_03,er,50,ranknet,17,101,96,0.3358,0.331975
0,test_er_50_03,er,50,ranknet,17,101,192,0.3458,0.335275
0,test_er_50_03,er,50,ranknet,17,202,96,0.3349,0.331175
0,test_er_50_03,er,50,ranknet,17,202,192,0.3424,0.335625
0,test_er_50_03,er,50,ranknet,17,303,96,0.3452,0.336125
0,test_er_50_03,er,50,ranknet,17,303,192,0.3468,0.339475
0,test_er_50_03,er,50,ranknet,23,101,96,0.3347,0.31995
0,test_er_50_03,er,50,ranknet,23,101,192,0.3403,0.3303625
0,test_er_50_03,er,50,ranknet,23,202,96,0.3342,0.327275
0,test_er_50_03,er,50,ranknet,23,202,192,0.3396,0.32935
0,test_er_50_03,er,50,ranknet,23,303,96,0.3389,0.3288875
0,test_er_50_03,er,50,ranknet,23,303,192,0.3442,0.3353875
0,test_er_50_04,er,50,ea,-1,101,96,0.3229,0.3187
0,test_er_50_04,er,50,ea,-1,101,192,0.3317,0.3305375
0,test_er_50_04,er,50,ea,-1,202,96,0.3273,0.3262625
0,test_er_50_04,er,50,ea,-1,202,192,0.3314,0.3257875
0,test_er_50_04,er,50,ea,-1,303,96,0.3255,0.3200375
0,test_er_50_04,er,50,ea,-1,303,192,0.327,0.3181
0,test_er_50_04,er,50,global_log_mse,17,101,96,0.3369,0.335225
0,test_er_50_04,er,50,global_log_mse,17,101,192,0.3401,0.3346375
0,test_er_50_04,er,50,global_log_mse,17,202,96,0.3327,0.3273125
0,test_er_50_04,er,50,global_log_mse,17,202,192,0.3369,0.3269125
0,test_er_50_04,er,50,global_log_mse,17,303,96,0.3256,0.3219125
0,test_er_50_04,er,50,global_log_mse,17,303,192,0.3384,0.327175
0,test_er_50_04,er,50,global_log_mse,23,101,96,0.3359,0.331125
0,test_er_50_04,er,50,global_log_mse,23,101,192,0.3426,0.3318875
0,test_er_50_04,er,50,global_log_mse,23,202,96,0.3322,0.32745
0,test_er_50_04,er,50,global_log_mse,23,202,192,0.3441,0.33675
0,test_er_50_04,er,50,global_log_mse,23,303,96,0.3342,0.3255375
0,test_er_50_04,er,50,global_log_mse,23,303,192,0.3407,0.336325
0,test_er_50_04,er,50,global_mse,17,101,96,0.3394,0.330675
0,test_er_50_04,er,50,global_mse,17,101,192,0.347,0.33565
0,test_er_50_04,er,50,global_mse,17,202,96,0.3284,0.3202125
0,test_er_50_04,er,50,global_mse,17,202,192,0.3402,0.33515
0,test_er_50_04,er,50,global_mse,17,303,96,0.3339,0.32495
0,test_er_50_04,er,50,global_mse,17,303,192,0.3411,0.335525
0,test_er_50_04,er,50,global_mse,23,101,96,0.3287,0.324875
0,test_er_50_04,er,50,global_mse,23,101,192,0.3393,0.3317875
0,test_er_50_04,er,50,global_mse,23,202,96,0.3399,0.3301125
0,test_er_50_04,er,50,global_mse,23,202,192,0.3399,0.3301125
0,test_er_50_04,er,50,global_mse,23,303,96,0.3296,0.322075
0,test_er_50_04,er,50,global_mse,23,303,192,0.3372,0.3309
0,test_er_50_04,er,50,hillclimb,-1,101,96,0.3332,0.332275
0,test_er_50_04,er,50,hillclimb,-1,101,192,0.3382,0.3309375
0,test_er_50_04,er,50,hillclimb,-1,202,96,0.3322,0.3233125
0,test_er_50_04,er,50,hillclimb,-1,202,192,0.3374,0.3228375
0,test_er_50_04,er,50,hillclimb,-1,303,96,0.3257,0.3140625
0,test_er_50_04,er,50,hillclimb,-1,303,192,0.3279,0.3169875
0,test_er_50_04,er,50,log_mse,17,101,96,0.333,0.3233375
0,test_er_50_04,er,50,log_mse,17,101,192,0.3374,0.3372375
0,test_er_50_04,er,50,log_mse,17,202,96,0.3302,0.3275
0,test_er_50_04,er,50,log_mse,17,202,192,0.3316,0.3250875
0,test_er_50_04,er,50,log_mse,17,303,96,0.3327,0.3270125
0,test_er_50_04,er,50,log_mse,17,303,192,0.3327,0.3270125
0,test_er_50_04,er,50,log_mse,23,101,96,0.3397,0.3311375
0,test_er_50_04,er,50,log_mse,23,101,192,0.3442,0.332575
0,test_er_50_04,er,50,log_mse,23,202,96,0.331,0.3248
0,test_er_50_04,er,50,log_mse,23,202,192,0.34,0.329925
0,test_er_50_04,er,50,log_mse,23,303,96,0.3298,0.322275
0,test_er_50_04,er,50,log_mse,23,303,192,0.3378,0.323425
0,test_er_50_04,er,50,mse,17,101,96,0.3369,0.33045
0,test_er_50_04,er,50,mse,17,101,192,0.339,0.3308875
0,test_er_50_04,er,50,mse,17,202,96,0.3307,0.32745
0,test_er_50_04,er,50,mse,17,202,192,0.3377,0.3326875
0,test_er_50_04,er,50,mse,17,303,96,0.3382,0.32785
0,test_er_50_04,er,50,mse,17,303,192,0.3403,0.328325
0,test_er_50_04,er,50,mse,23,101,96,0.3446,0.3269875
0,test_er_50_04,er,50,mse,23,101,192,0.3463,0.33445
0,test_er_50_04,er,50,mse,23,202,96,0.3285,0.325875
0,test_er_50_04,er,50,mse,23,202,192,0.3425,0.3309625
0,test_er_50_04,er,50,mse,23,303,96,0.3338,0.3353125
0,test_er_50_04,er,50,mse,23,303,192,0.3416,0.3390375
0,test_er_50_04,er,50,pool_random,-1,101,96,0.3248,0.3170125
0,test_er_50_04,er,50,pool_random,-1,101,192,0.3317,0.3281875
0,test_er_50_04,er,50,pool_random,-1,202,96,0.323,0.318225
0,test_er_50_04,er,50,pool_random,-1,202,192,0.327,0.3231625
0,test_er_50_04,er,50,pool_random,-1,303,96,0.3294,0.3198875
0,test_er_50_04,er,50,pool_random,-1,303,192,0.3294,0.3198875
0,test_er_50_04,er,50,random,-1,101,96,0.3229,0.3187
0,test_er_50_04,er,50,random,-1,101,192,0.3229,0.3187
0,test_er_50_04,er,50,random,-1,202,96,0.3212,0.3219625
0,test_er_50_04,er,50,random,-1,202,192,0.3232,0.320225
0,test_er_50_04,er,50,random,-1,303,96,0.3183,0.3143625
0,test_er_50_04,er,50,random,-1,303,192,0.3228,0.311825
0,test_er_50_04,er,50,ranknet,17,101,96,0.338,0.3324
0,test_er_50_04,er,50,ranknet,17,101,192,0.3433,0.3333
0,test_er_50_04,er,50,ranknet,17,202,96,0.3313,0.325475
0,test_er_50_04,er,50,ranknet,17,202,192,0.3384,0.3305125
0,test_er_50_04,er,50,ranknet,17,303,96,0.3333,0.32655
0,test_er_50_04,er,50,ranknet,17,303,192,0.3415,0.3343
0,test_er_50_04,er,50,ranknet,23,101,96,0.3383,0.3333875
0,test_er_50_04,er,50,ranknet,23,101,192,0.3442,0.3351875
0,test_er_50_04,er,50,ranknet,23,202,96,0.3293,0.3257875
0,test_er_50_04,er,50,ranknet,23,202,192,0.3371,0.3297125
0,test_er_50_04,er,50,ranknet,23,303,96,0.3319,0.3247125
0,test_er_50_04,er,50,ranknet,23,303,192,0.3398,0.32815
0,test_er_50_05,er,50,ea,-1,101,96,0.3405,0.33815
0,test_er_50_05,er,50,ea,-1,101,192,0.347,0.3429875
0,test_er_50_05,er,50,ea,-1,202,96,0.3437,0.335025
0,test_er_50_05,er,50,ea,-1,202,192,0.3488,0.33565
0,test_er_50_05,er,50,ea,-1,303,96,0.3432,0.34115
0,test_er_50_05,er,50,ea,-1,303,192,0.3494,0.3433125
0,test_er_50_05,er,50,global_log_mse,17,101,96,0.3413,0.331725
0,test_er_50_05,er,50,global_log_mse,17,101,192,0.3516,0.3425
0,test_er_50_05,er,50,global_log_mse,17,202,96,0.3462,0.3389625
0,test_er_50_05,er,50,global_log_mse,17,202,192,0.3476,0.3422375
0,test_er_50_05,er,50,global_log_mse,17,303,96,0.346,0.337025
0,test_er_50_05,er,50,global_log_mse,17,303,192,0.3502,0.3462875
0,test_er_50_05,er,50,global_log_mse,23,101,96,0.3505,0.33835
0,test_er_50_05,er,50,global_log_mse,23,101,192,0.3533,0.345875
0,test_er_50_05,er,50,global_log_mse,23,202,96,0.3463,0.342775
0,test_er_50_05,er,50,global_log_mse,23,202,192,0.3555,0.3472
0,test_er_50_05,er,50,global_log_mse,23,303,96,0.3493,0.3453125
0,test_er_50_05,er,50,global_log_mse,23,303,192,0.3572,0.350625
0,test_er_50_05,er,50,global_mse,17,101,96,0.3463,0.345625
0,test_er_50_05,er,50,global_mse,17,101,192,0.3521,0.34175
0,test_er_50_05,er,50,global_mse,17,202,96,0.3462,0.3448875
0,test_er_50_05,er,50,global_mse,17,202,192,0.3566,0.3529
0,test_er_50_05,er,50,global_mse,17,303,96,0.3498,0.3417625
0,test_er_50_05,er,50,global_mse,17,303,192,0.353,0.33735
0,test_er_50_05,er,50,global_mse,23,101,96,0.35,0.33955
0,test_er_50_05,er,50,global_mse,23,101,192,0.3527,0.3390875
0,test_er_50_05,er,50,global_mse,23,202,96,0.3394,0.337475
0,test_er_50_05,er,50,global_mse,23,202,192,0.3543,0.343325
0,test_er_50_05,er,50,global_mse,23,303,96,0.3469,0.3425875
0,test_er_50_05,er,50,global_mse,23,303,192,0.3532,0.3436125
0,test_er_50_05,er,50,hillclimb,-1,101,96,0.3444,0.34045
0,test_er_50_05,er,50,hillclimb,-1,101,192,0.3524,0.3431375
0,test_er_50_05,er,50,hillclimb,-1,202,96,0.348,0.3343125
0,test_er_50_05,er,50,hillclimb,-1,202,192,0.3517,0.332975
0,test_er_50_05,er,50,hillclimb,-1,303,96,0.3503,0.3394375
0,test_er_50_05,er,50,hillclimb,-1,303,192,0.3587,0.344425
0,test_er_50_05,er,50,log_mse,17,101,96,0.3512,0.3406
0,test_er_50_05,er,50,log_mse,17,101,192,0.357,0.3480375
0,test_er_50_05,er,50,log_mse,17,202,96,0.3465,0.3414125
0,test_er_50_05,er,50,log_mse,17,202,192,0.3573,0.34415
0,test_er_50_05,er,50,log_mse,17,303,96,0.3492,0.3408625
0,test_er_50_05,er,50,log_mse,17,303,192,0.3577,0.3465875
0,test_er_50_05,er,50,log_mse,23,101,96,0.3489,0.338275
0,test_er_50_05,er,50,log_mse,23,101,192,0.3542,0.3393125
0,test_er_50_05,er,50,log_mse,23,202,96,0.3457,0.3409625
0,test_er_50_05,er,50,log_mse,23,202,192,0.3512,0.3427
0,test_er_50_05,er,50,log_mse,23,303,96,0.3503,0.3451
0,test_er_50_05,er,50,log_mse,23,303,192,0.3555,0.3456375
0,test_er_50_05,er,50,mse,17,101,96,0.355,0.346825
0,test_er_50_05,er,50,mse,17,101,192,0.3565,0.3427875
0,test_er_50_05,er,50,mse,17,202,96,0.3486,0.344225
0,test_er_50_05,er,50,mse,17,202,192,0.3502,0.346625
0,test_er_50_05,er,50,mse,17,303,96,0.3509,0.3401125
0,test_er_50_05,er,50,mse,17,303,192,0.3589,0.3405
0,test_er_50_05,er,50,mse,23,101,96,0.3461,0.3325
0,test_er_50_05,er,50,mse,23,101,192,0.3502,0.3367125
0,test_er_50_05,er,50,mse,23,202,96,0.3475,0.3381375
0,test_er_50_05,er,50,mse,23,202,192,0.351,0.3502125
0,test_er_50_05,er,50,mse,23,303,96,0.3563,0.3365875
0,test_er_50_05,er,50,mse,23,303,192,0.3579,0.3472375
0,test_er_50_05,er,50,pool_random,-1,101,96,0.3405,0.33815
0,test_er_50_05,er,50,pool_random,-1,101,192,0.3465,0.3402
0,test_er_50_05,er,50,pool_random,-1,202,96,0.3387,0.33195
0,test_er_50_05,er,50,pool_random,-1,202,192,0.3436,0.33425
0,test_er_50_05,er,50,pool_random,-1,303,96,0.3528,0.3430625
0,test_er_50_05,er,50,pool_random,-1,303,192,0.3528,0.3430625
0,test_er_50_05,er,50,random,-1,101,96,0.3405,0.33815
0,test_er_50_05,er,50,random,-1,101,192,0.3405,0.33815
0,test_er_50_05,er,50,random,-1,202,96,0.3375,0.3298875
0,test_er_50_05,er,50,random,-1,202,192,0.3375,0.3298875
0,test_er_50_05,er,50,random,-1,303,96,0.3384,0.3327875
0,test_er_50_05,er,50,random,-1,303,192,0.3387,0.335175
0,test_er_50_05,er,50,ranknet,17,101,96,0.3465,0.342875
0,test_er_50_05,er,50,ranknet,17,101,192,0.3516,0.348825
0,test_er_50_05,er,50,ranknet,17,202,96,0.3536,0.3422375
0,test_er_50_05,er,50,ranknet,17,202,192,0.3577,0.3415125
0,test_er_50_05,er,50,ranknet,17,303,96,0.3566,0.3431875
0,test_er_50_05,er,50,ranknet,17,303,192,0.3587,0.3481125
0,test_er_50_05,er,50,ranknet,23,101,96,0.3506,0.3428625
0,test_er_50_05,er,50,ranknet,23,101,192,0.3559,0.3524625
0,test_er_50_05,er,50,ranknet,23,202,96,0.3478,0.33975
0,test_er_50_05,er,50,ranknet,23,202,192,0.354,0.3492625
0,test_er_50_05,er,50,ranknet,23,303,96,0.3572,0.345575
0,test_er_50_05,er,50,ranknet,23,303,192,0.3604,0.34365
0,test_er_50_06,er,50,ea,-1,101,96,0.3219,0.3194625
0,test_er_50_06,er,50,ea,-1,101,192,0.336,0.3304375
0,test_er_50_06,er,50,ea,-1,202,96,0.3251,0.3200875
0,test_er_50_06,er,50,ea,-1,202,192,0.3363,0.3196625
0,test_er_50_06,er,50,ea,-1,303,96,0.3236,0.32415
0,test_er_50_06,er,50,ea,-1,303,192,0.326,0.319475
0,test_er_50_06,er,50,global_log_mse,17,101,96,0.3267,0.3199
0,test_er_50_06,er,50,global_log_mse,17,101,192,0.3344,0.324875
0,test_er_50_06,er,50,global_log_mse,17,202,96,0.3309,0.3293625
0,test_er_50_06,er,50,global_log_mse,17,202,192,0.3385,0.337075
0,test_er_50_06,er,50,global_log_mse,17,303,96,0.3264,0.3267
0,test_er_50_06,er,50,global_log_mse,17,303,192,0.3317,0.32825
0,test_er_50_06,er,50,global_log_mse,23,101,96,0.3313,0.3315875
0,test_er_50_06,er,50,global_log_mse,23,101,192,0.3342,0.3286375
0,test_er_50_06,er,50,global_log_mse,23,202,96,0.3314,0.325725
0,test_er_50_06,er,50,global_log_mse,23,202,192,0.3439,0.331675
0,test_er_50_06,er,50,global_log_mse,23,303,96,0.3317,0.3239375
0,test_er_50_06,er,50,global_log_mse,23,303,192,0.3384,0.333275
0,test_er_50_06,er,50,global_mse,17,101,96,0.3276,0.32685
0,test_er_50_06,er,50,global_mse,17,101,192,0.3364,0.3280625
0,test_er_50_06,er,50,global_mse,17,202,96,0.3259,0.319075
0,test_er_50_06,er,50,global_mse,17,202,192,0.3321,0.3328
0,test_er_50_06,er,50,global_mse,17,303,96,0.3275,0.3205125
0,test_er_50_06,er,50,global_mse,17,303,192,0.3388,0.3324625
0,test_er_50_06,er,50,global_mse,23,101,96,0.3326,0.32875
0,test_er_50_06,er,50,global_mse,23,101,192,0.3405,0.333175
0,test_er_50_06,er,50,global_mse,23,202,96,0.3283,0.327825
0,test_er_50_06,er,50,global_mse,23,202,192,0.338,0.335425
0,test_er_50_06,er,50,global_mse,23,303,96,0.3353,0.327575
0,test_er_50_06,er,50,global_mse,23,303,192,0.3363,0.33355
0,test_er_50_06,er,50,hillclimb,-1,101,96,0.3322,0.3222625
0,test_er_50_06,er,50,hillclimb,-1,101,192,0.3367,0.3275125
0,test_er_50_06,er,50,hillclimb,-1,202,96,0.3263,0.3171125
0,test_er_50_06,er,50,hillclimb,-1,202,192,0.3294,0.3213625
0,test_er_50_06,er,50,hillclimb,-1,303,96,0.3356,0.3299875
0,test_er_50_06,er,50,hillclimb,-1,303,192,0.3409,0.3324375
0,test_er_50_06,er,50,log_mse,17,101,96,0.3296,0.3226125
0,test_er_50_06,er,50,log_mse,17,101,192,0.3394,0.3332625
0,test_er_50_06,er,50,log_mse,17,202,96,0.3313,0.3203625
0,test_er_50_06,er,50,log_mse,17,202,192,0.3388,0.3297875
0,test_er_50_06,er,50,log_mse,17,303,96,0.3288,0.3246125
0,test_er_50_06,er,50,log_mse,17,303,192,0.3371,0.3296875
0,test_er_50_06,er,50,log_mse,23,101,96,0.3384,0.3279625
0,test_er_50_06,er,50,log_mse,23,101,192,0.3424,0.3357375
0,test_er_50_06,er,50,log_mse,23,202,96,0.3292,0.3257
0,test_er_50_06,er,50,log_mse,23,202,192,0.3362,0.329725
0,test_er_50_06,er,50,log_mse,23,303,96,0.3385,0.333575
0,test_er_50_06,er,50,log_mse,23,303,192,0.3403,0.332425
0,test_er_50_06,er,50,mse,17,101,96,0.3317,0.32815
0,test_er_50_06,er,50,mse,17,101,192,0.3324,0.3231
0,test_er_50_06,er,50,mse,17,202,96,0.3302,0.3247625
0,test_er_50_06,er,50,mse,17,202,192,0.3425,0.3378625
0,test_er_50_06,er,50,mse,17,303,96,0.3344,0.3300625
0,test_er_50_06,er,50,mse,17,303,192,0.3489,0.33425
0,test_er_50_06,er,50,mse,23,101,96,0.3359,0.3308
0,test_er_50_06,er,50,mse,23,101,192,0.3425,0.3351
0,test_er_50_06,er,50,mse,23,202,96,0.3306,0.326825
0,test_er_50_06,er,50,mse,23,202,192,0.3372,0.327625
0,test_er_50_06,er,50,mse,23,303,96,0.3334,0.3288125
0,test_er_50_06,er,50,mse,23,303,192,0.3437,0.3378875
0,test_er_50_06,er,50,pool_random,-1,101,96,0.3254,0.32025
0,test_er_50_06,er,50,pool_random,-1,101,192,0.3311,0.322575
0,test_er_50_06,er,50,pool_random,-1,202,96,0.323,0.3204125
0,test_er_50_06,er,50,pool_random,-1,202,192,0.3319,0.3271375
0,test_er_50_06,er,50,pool_random,-1,303,96,0.3265,0.3230625
0,test_er_50_06,er,50,pool_random,-1,303,192,0.3295,0.3285375
0,test_er_50_06,er,50,random,-1,101,96,0.3193,0.318
0,test_er_50_06,er,50,random,-1,101,192,0.3215,0.3254
0,test_er_50_06,er,50,random,-1,202,96,0.322,0.3173375
0,test_er_50_06,er,50,random,-1,202,192,0.3256,0.318775
0,test_er_50_06,er,50,random,-1,303,96,0.3191,0.320075
0,test_er_50_06,er,50,random,-1,303,192,0.3246,0.3196625
0,test_er_50_06,er,50,ranknet,17,101,96,0.3382,0.3332375
0,test_er_50_06,er,50,ranknet,17,101,192,0.3433,0.33785
0,test_er_50_06,er,50,ranknet,17,202,96,0.3326,0.3298625
0,test_er_50_06,er,50,ranknet,17,202,192,0.338,0.3316875
0,test_er_50_06,er,50,ranknet,17,303,96,0.3355,0.328675
0,test_er_50_06,er,50,ranknet,17,303,192,0.3487,0.3399875
0,test_er_50_06,er,50,ranknet,23,101,96,0.3336,0.3274375
0,test_er_50_06,er,50,ranknet,23,101,192,0.3431,0.33705
0,test_er_50_06,er,50,ranknet,23,202,96,0.3319,0.3245625
0,test_er_50_06,er,50,ranknet,23,202,192,0.3391,0.332225
0,test_er_50_06,er,50,ranknet,23,303,96,0.3346,0.3258875
0,test_er_50_06,er,50,ranknet,23,303,192,0.3442,0.3361875
0,test_er_50_07,er,50,ea,-1,101,96,0.3227,0.3181
0,test_er_50_07,er,50,ea,-1,101,192,0.3302,0.321775
0,test_er_50_07,er,50,ea,-1,202,96,0.318,0.3084
0,test_er_50_07,er,50,ea,-1,202,192,0.3269,0.3221375
0,test_er_50_07,er,50,ea,-1,303,96,0.3178,0.313475
0,test_er_50_07,er,50,ea,-1,303,192,0.3213,0.3161875
0,test_er_50_07,er,50,global_log_mse,17,101,96,0.3259,0.3214
0,test_er_50_07,er,50,global_log_mse,17,101,192,0.331,0.322075
0,test_er_50_07,er,50,global_log_mse,17,202,96,0.3288,0.325075
0,test_er_50_07,er,50,global_log_mse,17,202,192,0.3333,0.3278875
0,test_er_50_07,er,50,global_log_mse,17,303,96,0.3244,0.3132875
0,test_er_50_07,er,50,global_log_mse,17,303,192,0.3392,0.3344875
0,test_er_50_07,er,50,global_log_mse,23,101,96,0.3259,0.325625
0,test_er_50_07,er,50,global_log_mse,23,101,192,0.337,0.3304875
0,test_er_50_07,er,50,global_log_mse,23,202,96,0.3287,0.3228
0,test_er_50_07,er,50,global_log_mse,23,202,192,0.3401,0.334575
0,test_er_50_07,er,50,global_log_mse,23,303,96,0.3286,0.32365
0,test_er_50_07,er,50,global_log_mse,23,303,192,0.3336,0.3295125
0,test_er_50_07,er,50,global_mse,17,101,96,0.3305,0.3226375
0,test_er_50_07,er,50,global_mse,17,101,192,0.3363,0.334175
0,test_er_50_07,er,50,global_mse,17,202,96,0.3219,0.321875
0,test_er_50_07,er,50,global_mse,17,202,192,0.332,0.3275375
0,test_er_50_07,er,50,global_mse,17,303,96,0.3339,0.32865
0,test_er_50_07,er,50,global_mse,17,303,192,0.3355,0.3267875
0,test_er_50_07,er,50,global_mse,23,101,96,0.3307,0.3227875
0,test_er_50_07,er,50,global_mse,23,101,192,0.3341,0.3283375
0,test_er_50_07,er,50,global_mse,23,202,96,0.3244,0.3269625
0,test_er_50_07,er,50,global_mse,23,202,192,0.3384,0.331375
0,test_er_50_07,er,50,global_mse,23,303,96,0.3342,0.330625
0,test_er_50_07,er,50,global_mse,23,303,192,0.3413,0.3303375
0,test_er_50_07,er,50,hillclimb,-1,101,96,0.3357,0.3244
0,test_er_50_07,er,50,hillclimb,-1,101,192,0.3358,0.3228625
0,test_er_50_07,er,50,hillclimb,-1,202,96,0.3264,0.3182
0,test_er_50_07,er,50,hillclimb,-1,202,192,0.3327,0.3206375
0,test_er_50_07,er,50,hillclimb,-1,303,96,0.3248,0.3197125
0,test_er_50_07,er,50,hillclimb,-1,303,192,0.3355,0.327075
0,test_er_50_07,er,50,log_mse,17,101,96,0.3385,0.332375
0,test_er_50_07,er,50,log_mse,17,101,192,0.3441,0.3332375
0,test_er_50_07,er,50,log_mse,17,202,96,0.3262,0.323075
0,test_er_50_07,er,50,log_mse,17,202,192,0.3322,0.3207125
0,test_er_50_07,er,50,log_mse,17,303,96,0.331,0.3238875
0,test_er_50_07,er,50,log_mse,17,303,192,0.3423,0.333025
0,test_er_50_07,er,50,log_mse,23,101,96,0.3357,0.32365
0,test_er_50_07,er,50,log_mse,23,101,192,0.3385,0.3340625
0,test_er_50_07,er,50,log_mse,23,202,96,0.3295,0.3237875
0,test_er_50_07,er,50,log_mse,23,202,192,0.3385,0.33335
0,test_er_50_07,er,50,log_mse,23,303,96,0.3311,0.325175
0,test_er_50_07,er,50,log_mse,23,303,192,0.3358,0.3285875
0,test_er_50_07,er,50,mse,17,101,96,0.3315,0.3231875
0,test_er_50_07,er,50,mse,17,101,192,0.3367,0.33225
0,test_er_50_07,er,50,mse,17,202,96,0.3323,0.329275
0,test_er_50_07,er,50,mse,17,202,192,0.34,0.334075
0,test_er_50_07,er,50,mse,17,303,96,0.3321,0.3253875
0,test_er_50_07,er,50,mse,17,303,192,0.3403,0.337775
0,test_er_50_07,er,50,mse,23,101,96,0.3399,0.33045
0,test_er_50_07,er,50,mse,23,101,192,0.3399,0.33045
0,test_er_50_07,er,50,mse,23,202,96,0.3375,0.331875
0,test_er_50_07,er,50,mse,23,202,192,0.3429,0.3326375
0,test_er_50_07,er,50,mse,23,303,96,0.3376,0.3338875
0,test_er_50_07,er,50,mse,23,303,192,0.3443,0.3384875
0,test_er_50_07,er,50,pool_random,-1,101,96,0.3265,0.318975
0,test_er_50_07,er,50,pool_random,-1,101,192,0.3295,0.3251375
0,test_er_50_07,er,50,pool_random,-1,202,96,0.3167,0.3146
0,test_er_50_07,er,50,pool_random,-1,202,192,0.3234,0.321275
0,test_er_50_07,er,50,pool_random,-1,303,96,0.318,0.3172
0,test_er_50_07,er,50,pool_random,-1,303,192,0.3217,0.3207875
0,test_er_50_07,er,50,random,-1,101,96,0.3197,0.3213375
0,test_er_50_07,er,50,random,-1,101,192,0.3197,0.3213375
0,test_er_50_07,er,50,random,-1,202,96,0.3153,0.3127375
0,test_er_50_07,er,50,random,-1,202,192,0.3163,0.311825
0,test_er_50_07,er,50,random,-1,303,96,0.3173,0.3166375
0,test_er_50_07,er,50,random,-1,303,192,0.3279,0.3227125
0,test_er_50_07,er,50,ranknet,17,101,96,0.3322,0.3282625
0,test_er_50_07,er,50,ranknet,17,101,192,0.3391,0.3346625
0,test_er_50_07,er,50,ranknet,17,202,96,0.3303,0.325925
0,test_er_50_07,er,50,ranknet,17,202,192,0.3391,0.3245625
0,test_er_50_07,er,50,ranknet,17,303,96,0.3387,0.3332125
0,test_er_50_07,er,50,ranknet,17,303,192,0.3387,0.3332125
0,test_er_50_07,er,50,ranknet,23,101,96,0.3341,0.3279
0,test_er_50_07,er,50,ranknet,23,101,192,0.3403,0.3327375
0,test_er_50_07,er,50,ranknet,23,202,96,0.329,0.3232375
0,test_er_50_07,er,50,ranknet,23,202,192,0.336,0.328375
0,test_er_50_07,er,50,ranknet,23,303,96,0.3371,0.3336875
0,test_er_50_07,er,50,ranknet,23,303,192,0.3431,0.331725
1,test_ba_100_00,ba,100,ea,-1,101,96,0.243275,0.236146875
1,test_ba_100_00,ba,100,ea,-1,101,192,0.253275,0.24890625
1,test_ba_100_00,ba,100,ea,-1,202,96,0.244575,0.242796875
1,test_ba_100_00,ba,100,ea,-1,202,192,0.2514,0.248434375
1,test_ba_100_00,ba,100,ea,-1,303,96,0.24745,0.246215625
1,test_ba_100_00,ba,100,ea,-1,303,192,0.251475,0.2479625
1,test_ba_100_00,ba,100,global_log_mse,17,101,96,0.253325,0.250534375
1,test_ba_100_00,ba,100,global_log_mse,17,101,192,0.268125,0.26296875
1,test_ba_100_00,ba,100,global_log_mse,17,202,96,0.253475,0.2540875
1,test_ba_100_00,ba,100,global_log_mse,17,202,192,0.26025,0.25914375
1,test_ba_100_00,ba,100,global_log_mse,17,303,96,0.255,0.25376875
1,test_ba_100_00,ba,100,global_log_mse,17,303,192,0.265525,0.264496875
1,test_ba_100_00,ba,100,global_log_mse,23,101,96,0.25225,0.24688125
1,test_ba_100_00,ba,100,global_log_mse,23,101,192,0.267125,0.2655125
1,test_ba_100_00,ba,100,global_log_mse,23,202,96,0.254925,0.25191875
1,test_ba_100_00,ba,100,global_log_mse,23,202,192,0.262725,0.2582875
1,test_ba_100_00,ba,100,global_log_mse,23,303,96,0.2481,0.242828125
1,test_ba_100_00,ba,100,global_log_mse,23,303,192,0.2568,0.252078125
1,test_ba_100_00,ba,100,global_mse,17,101,96,0.249425,0.247325
1,test_ba_100_00,ba,100,global_mse,17,101,192,0.261225,0.260525
1,test_ba_100_00,ba,100,global_mse,17,202,96,0.252075,0.248459375
1,test_ba_100_00,ba,100,global_mse,17,202,192,0.2648,0.260725
1,test_ba_100_00,ba,100,global_mse,17,303,96,0.250675,0.25069375
1,test_ba_100_00,ba,100,global_mse,17,303,192,0.266275,0.262809375
1,test_ba_100_00,ba,100,global_mse,23,101,96,0.2627,0.2580625
1,test_ba_100_00,ba,100,global_mse,23,101,192,0.26715,0.26438125
1,test_ba_100_00,ba,100,global_mse,23,202,96,0.24795,0.246934375
1,test_ba_100_00,ba,100,global_mse,23,202,192,0.258525,0.2559875
1,test_ba_100_00,ba,100,global_mse,23,303,96,0.2533,0.2554125
1,test_ba_100_00,ba,100,global_mse,23,303,192,0.269375,0.269075
1,test_ba_100_00,ba,100,hillclimb,-1,101,96,0.2456,0.245709375
1,test_ba_100_00,ba,100,hillclimb,-1,101,192,0.256325,0.24978125
1,test_ba_100_00,ba,100,hillclimb,-1,202,96,0.2522,0.24979375
1,test_ba_100_00,ba,100,hillclimb,-1,202,192,0.269975,0.261375
1,test_ba_100_00,ba,100,hillclimb,-1,303,96,0.25395,0.250075
1,test_ba_100_00,ba,100,hillclimb,-1,303,192,0.260075,0.255971875
1,test_ba_100_00,ba,100,log_mse,17,101,96,0.25225,0.250225
1,test_ba_100_00,ba,100,log_mse,17,101,192,0.26165,0.2576375
1,test_ba_100_00,ba,100,log_mse,17,202,96,0.25575,0.253178125
1,test_ba_100_00,ba,100,log_mse,17,202,192,0.2629,0.262271875
1,test_ba_100_00,ba,100,log_mse,17,303,96,0.248075,0.2452625
1,test_ba_100_00,ba,100,log_mse,17,303,192,0.25755,0.25164375
1,test_ba_100_00,ba,100,log_mse,23,101,96,0.250175,0.250059375
1,test_ba_100_00,ba,100,log_mse,23,101,192,0.2657,0.2601125
1,test_ba_100_00,ba,100,log_mse,23,202,96,0.25095,0.251803125
1,test_ba_100_00,ba,100,log_mse,23,202,192,0.271375,0.2673
1,test_ba_100_00,ba,100,log_mse,23,303,96,0.25035,0.250446875
1,test_ba_100_00,ba,100,log_mse,23,303,192,0.2628,0.259640625
1,test_ba_100_00,ba,100,mse,17,101,96,0.255925,0.251746875
1,test_ba_100_00,ba,100,mse,17,101,192,0.260325,0.25624375
1,test_ba_100_00,ba,100,mse,17,202,96,0.25175,0.25014375
1,test_ba_100_00,ba,100,mse,17,202,192,0.2559,0.254096875
1,test_ba_100_00,ba,100,mse,17,303,96,0.246625,0.245090625
1,test_ba_100_00,ba,100,mse,17,303,192,0.25305,0.249275
1,test_ba_100_00,ba,100,mse,23,101,96,0.253,0.25236875
1,test_ba_100_00,ba,100,mse,23,101,192,0.266875,0.264975
1,test_ba_100_00,ba,100,mse,23,202,96,0.2521,0.24911875
1,test_ba_100_00,ba,100,mse,23,202,192,0.26675,0.263853125
1,test_ba_100_00,ba,100,mse,23,303,96,0.24955,0.247490625
1,test_ba_100_00,ba,100,mse,23,303,192,0.259425,0.251790625
1,test_ba_100_00,ba,100,pool_random,-1,101,96,0.240175,0.2393125
1,test_ba_100_00,ba,100,pool_random,-1,101,192,0.244325,0.24343125
1,test_ba_100_00,ba,100,pool_random,-1,202,96,0.241775,0.239734375
1,test_ba_100_00,ba,100,pool_random,-1,202,192,0.249725,0.2455625
1,test_ba_100_00,ba,100,pool_random,-1,303,96,0.247975,0.240565625
1,test_ba_100_00,ba,100,pool_random,-1,303,192,0.2485,0.241009375
1,test_ba_100_00,ba,100,random,-1,101,96,0.243375,0.240459375
1,test_ba_100_00,ba,100,random,-1,101,192,0.2444,0.2414375
1,test_ba_100_00,ba,100,random,-1,202,96,0.23855,0.241321875
1,test_ba_100_00,ba,100,random,-1,202,192,0.244575,0.243584375
1,test_ba_100_00,ba,100,random,-1,303,96,0.247875,0.247340625
1,test_ba_100_00,ba,100,random,-1,303,192,0.247875,0.247340625
1,test_ba_100_00,ba,100,ranknet,17,101,96,0.2585,0.256121875
1,test_ba_100_00,ba,100,ranknet,17,101,192,0.27005,0.267015625
1,test_ba_100_00,ba,100,ranknet,17,202,96,0.253275,0.250684375
1,test_ba_100_00,ba,100,ranknet,17,202,192,0.26765,0.2652
1,test_ba_100_00,ba,100,ranknet,17,303,96,0.256375,0.256384375
1,test_ba_100_00,ba,100,ranknet,17,303,192,0.2722,0.26889375
1,test_ba_100_00,ba,100,ranknet,23,101,96,0.2636,0.262803125
1,test_ba_100_00,ba,100,ranknet,23,101,192,0.274375,0.270521875
1,test_ba_100_00,ba,100,ranknet,23,202,96,0.26005,0.26044375
1,test_ba_100_00,ba,100,ranknet,23,202,192,0.271525,0.2685375
1,test_ba_100_00,ba,100,ranknet,23,303,96,0.26145,0.253471875
1,test_ba_100_00,ba,100,ranknet,23,303,192,0.269225,0.2653125
1,test_ba_100_01,ba,100,ea,-1,101,96,0.22545,0.22661875
1,test_ba_100_01,ba,100,ea,-1,101,192,0.2348,0.232403125
1,test_ba_100_01,ba,100,ea,-1,202,96,0.22335,0.22083125
1,test_ba_100_01,ba,100,ea,-1,202,192,0.227825,0.225196875
1,test_ba_100_01,ba,100,ea,-1,303,96,0.22215,0.221928125
1,test_ba_100_01,ba,100,ea,-1,303,192,0.231325,0.229
1,test_ba_100_01,ba,100,global_log_mse,17,101,96,0.23655,0.233953125
1,test_ba_100_01,ba,100,global_log_mse,17,101,192,0.2399,0.23763125
1,test_ba_100_01,ba,100,global_log_mse,17,202,96,0.234725,0.228584375
1,test_ba_100_01,ba,100,global_log_mse,17,202,192,0.244425,0.23996875
1,test_ba_100_01,ba,100,global_log_mse,17,303,96,0.227775,0.22605625
1,test_ba_100_01,ba,100,global_log_mse,17,303,192,0.238125,0.240884375
1,test_ba_100_01,ba,100,global_log_mse,23,101,96,0.232675,0.2292875
1,test_ba_100_01,ba,100,global_log_mse,23,101,192,0.246125,0.24035625
1,test_ba_100_01,ba,100,global_log_mse,23,202,96,0.2373,0.23225
1,test_ba_100_01,ba,100,global_log_mse,23,202,192,0.2462,0.244225
1,test_ba_100_01,ba,100,global_log_mse,23,303,96,0.235375,0.2369
1,test_ba_100_01,ba,100,global_log_mse,23,303,192,0.242025,0.24181875
1,test_ba_100_01,ba,100,global_mse,17,101,96,0.239375,0.235721875
1,test_ba_100_01,ba,100,global_mse,17,101,192,0.2458,0.24439375
1,test_ba_100_01,ba,100,global_mse,17,202,96,0.2279,0.229846875
1,test_ba_100_01,ba,100,global_mse,17,202,192,0.241725,0.240815625
1,test_ba_100_01,ba,100,global_mse,17,303,96,0.2334,0.233365625
1,test_ba_100_01,ba,100,global_mse,17,303,192,0.241775,0.237
1,test_ba_100_01,ba,100,global_mse,23,101,96,0.240975,0.239640625
1,test_ba_100_01,ba,100,global_mse,23,101,192,0.2445,0.239353125
1,test_ba_100_01,ba,100,global_mse,23,202,96,0.22975,0.22688125
1,test_ba_100_01,ba,100,global_mse,23,202,192,0.24495,0.2435875
1,test_ba_100_01,ba,100,global_mse,23,303,96,0.2342,0.2312625
1,test_ba_100_01,ba,100,global_mse,23,303,192,0.23815,0.236790625
1,test_ba_100_01,ba,100,hillclimb,-1,101,96,0.2387,0.2364125
1,test_ba_100_01,ba,100,hillclimb,-1,101,192,0.248875,0.24565625
1,test_ba_100_01,ba,100,hillclimb,-1,202,96,0.2345,0.230503125
1,test_ba_100_01,ba,100,hillclimb,-1,202,192,0.24695,0.239221875
1,test_ba_100_01,ba,100,hillclimb,-1,303,96,0.23685,0.233403125
1,test_ba_100_01,ba,100,hillclimb,-1,303,192,0.24355,0.237478125
1,test_ba_100_01,ba,100,log_mse,17,101,96,0.236225,0.23470625
1,test_ba_100_01,ba,100,log_mse,17,101,192,0.2445,0.24033125
1,test_ba_100_01,ba,100,log_mse,17,202,96,0.227575,0.22474375
1,test_ba_100_01,ba,100,log_mse,17,202,192,0.24345,0.239240625
1,test_ba_100_01,ba,100,log_mse,17,303,96,0.231725,0.229459375
1,test_ba_100_01,ba,100,log_mse,17,303,192,0.2364,0.234578125
1,test_ba_100_01,ba,100,log_mse,23,101,96,0.22885,0.230809375
1,test_ba_100_01,ba,100,log_mse,23,101,192,0.239375,0.236834375
1,test_ba_100_01,ba,100,log_mse,23,202,96,0.234875,0.2335
1,test_ba_100_01,ba,100,log_mse,23,202,192,0.24315,0.240196875
1,test_ba_100_01,ba,100,log_mse,23,303,96,0.232475,0.23439375
1,test_ba_100_01,ba,100,log_mse,23,303,192,0.239575,0.2392375
1,test_ba_100_01,ba,100,mse,17,101,96,0.226975,0.225390625
1,test_ba_100_01,ba,100,mse,17,101,192,0.238625,0.236925
1,test_ba_100_01,ba,100,mse,17,202,96,0.232175,0.2311125
1,test_ba_100_01,ba,100,mse,17,202,192,0.23495,0.23409375
1,test_ba_100_01,ba,100,mse,17,303,96,0.23605,0.236615625
1,test_ba_100_01,ba,100,mse,17,303,192,0.24145,0.237090625
1,test_ba_100_01,ba,100,mse,23,101,96,0.237775,0.236996875
1,test_ba_100_01,ba,100,mse,23,101,192,0.24165,0.242728125
1,test_ba_100_01,ba,100,mse,23,202,96,0.231725,0.231975
1,test_ba_100_01,ba,100,mse,23,202,192,0.241725,0.239196875
1,test_ba_100_01,ba,100,mse,23,303,96,0.231825,0.231571875
1,test_ba_100_01,ba,100,mse,23,303,192,0.239475,0.2340625
1,test_ba_100_01,ba,100,pool_random,-1,101,96,0.22145,0.222003125
1,test_ba_100_01,ba,100,pool_random,-1,101,192,0.2291,0.22705625
1,test_ba_100_01,ba,100,pool_random,-1,202,96,0.220825,0.220709375
1,test_ba_100_01,ba,100,pool_random,-1,202,192,0.227025,0.2277875
1,test_ba_100_01,ba,100,pool_random,-1,303,96,0.230475,0.22929375
1,test_ba_100_01,ba,100,pool_random,-1,303,192,0.233575,0.227784375
1,test_ba_100_01,ba,100,random,-1,101,96,0.2236,0.2236125
1,test_ba_100_01,ba,100,random,-1,101,192,0.2236,0.2236125
1,test_ba_100_01,ba,100,random,-1,202,96,0.2226,0.221184375
1,test_ba_100_01,ba,100,random,-1,202,192,0.2226,0.221184375
1,test_ba_100_01,ba,100,random,-1,303,96,0.22265,0.22245625
1,test_ba_100_01,ba,100,random,-1,303,192,0.2256,0.2247375
1,test_ba_100_01,ba,100,ranknet,17,101,96,0.24475,0.243015625
1,test_ba_100_01,ba,100,ranknet,17,101,192,0.250225,0.24788125
1,test_ba_100_01,ba,100,ranknet,17,202,96,0.240575,0.236853125
1,test_ba_100_01,ba,100,ranknet,17,202,192,0.250825,0.245278125
1,test_ba_100_01,ba,100,ranknet,17,303,96,0.233325,0.230421875
1,test_ba_100_01,ba,100,ranknet,17,303,192,0.2451,0.2435625
1,test_ba_100_01,ba,100,ranknet,23,101,96,0.235475,0.233053125
1,test_ba_100_01,ba,100,ranknet,23,101,192,0.245975,0.2428375
1,test_ba_100_01,ba,100,ranknet,23,202,96,0.2391,0.235759375
1,test_ba_100_01,ba,100,ranknet,23,202,192,0.247075,0.242971875
1,test_ba_100_01,ba,100,ranknet,23,303,96,0.23705,0.22813125
1,test_ba_100_01,ba,100,ranknet,23,303,192,0.2481,0.24001875
1,test_ba_100_02,ba,100,ea,-1,101,96,0.23425,0.23363125
1,test_ba_100_02,ba,100,ea,-1,101,192,0.2398,0.236171875
1,test_ba_100_02,ba,100,ea,-1,202,96,0.242075,0.239575
1,test_ba_100_02,ba,100,ea,-1,202,192,0.25315,0.25053125
1,test_ba_100_02,ba,100,ea,-1,303,96,0.245075,0.239546875
1,test_ba_100_02,ba,100,ea,-1,303,192,0.2511,0.246115625
1,test_ba_100_02,ba,100,global_log_mse,17,101,96,0.246325,0.243809375
1,test_ba_100_02,ba,100,global_log_mse,17,101,192,0.257025,0.255525
1,test_ba_100_02,ba,100,global_log_mse,17,202,96,0.2468,0.251225
1,test_ba_100_02,ba,100,global_log_mse,17,202,192,0.257875,0.258178125
1,test_ba_100_02,ba,100,global_log_mse,17,303,96,0.249625,0.24524375
1,test_ba_100_02,ba,100,global_log_mse,17,303,192,0.263625,0.2573
1,test_ba_100_02,ba,100,global_log_mse,23,101,96,0.254,0.248903125
1,test_ba_100_02,ba,100,global_log_mse,23,101,192,0.26415,0.25858125
1,test_ba_100_02,ba,100,global_log_mse,23,202,96,0.246575,0.24541875
1,test_ba_100_02,ba,100,global_log_mse,23,202,192,0.259525,0.26050625
1,test_ba_100_02,ba,100,global_log_mse,23,303,96,0.250275,0.25150625
1,test_ba_100_02,ba,100,global_log_mse,23,303,192,0.259825,0.25556875
1,test_ba_100_02,ba,100,global_mse,17,101,96,0.243925,0.239565625
1,test_ba_100_02,ba,100,global_mse,17,101,192,0.255425,0.2502375
1,test_ba_100_02,ba,100,global_mse,17,202,96,0.241825,0.242965625
1,test_ba_100_02,ba,100,global_mse,17,202,192,0.2585,0.249225
1,test_ba_100_02,ba,100,global_mse,17,303,96,0.25375,0.24634375
1,test_ba_100_02,ba,100,global_mse,17,303,192,0.261225,0.258121875
1,test_ba_100_02,ba,100,global_mse,23,101,96,0.2516,0.253434375
1,test_ba_100_02,ba,100,global_mse,23,101,192,0.257725,0.25663125
1,test_ba_100_02,ba,100,global_mse,23,202,96,0.243,0.2417
1,test_ba_100_02,ba,100,global_mse,23,202,192,0.254075,0.250615625
1,test_ba_100_02,ba,100,global_mse,23,303,96,0.24805,0.24604375
1,test_ba_100_02,ba,100,global_mse,23,303,192,0.25405,0.252875
1,test_ba_100_02,ba,100,hillclimb,-1,101,96,0.2505,0.248778125
1,test_ba_100_02,ba,100,hillclimb,-1,101,192,0.256075,0.254040625
1,test_ba_100_02,ba,100,hillclimb,-1,202,96,0.25225,0.246340625
1,test_ba_100_02,ba,100,hillclimb,-1,202,192,0.256925,0.2497625
1,test_ba_100_02,ba,100,hillclimb,-1,303,96,0.2522,0.2462375
1,test_ba_100_02,ba,100,hillclimb,-1,303,192,0.2592,0.252109375
1,test_ba_100_02,ba,100,log_mse,17,101,96,0.247475,0.24685625
1,test_ba_100_02,ba,100,log_mse,17,101,192,0.2592,0.254734375
1,test_ba_100_02,ba,100,log_mse,17,202,96,0.251275,0.250365625
1,test_ba_100_02,ba,100,log_mse,17,202,192,0.263275,0.257409375
1,test_ba_100_02,ba,100,log_mse,17,303,96,0.248275,0.24288125
1,test_ba_100_02,ba,100,log_mse,17,303,192,0.2556,0.249059375
1,test_ba_100_02,ba,100,log_mse,23,101,96,0.243375,0.242353125
1,test_ba_100_02,ba,100,log_mse,23,101,192,0.2538,0.257034375
1,test_ba_100_02,ba,100,log_mse,23,202,96,0.252525,0.24731875
1,test_ba_100_02,ba,100,log_mse,23,202,192,0.260575,0.257796875
1,test_ba_100_02,ba,100,log_mse,23,303,96,0.2548,0.251965625
1,test_ba_100_02,ba,100,log_mse,23,303,192,0.260525,0.256684375
1,test_ba_100_02,ba,100,mse,17,101,96,0.245825,0.24651875
1,test_ba_100_02,ba,100,mse,17,101,192,0.257725,0.256778125
1,test_ba_100_02,ba,100,mse,17,202,96,0.244925,0.241365625
1,test_ba_100_02,ba,100,mse,17,202,192,0.25505,0.248853125
1,test_ba_100_02,ba,100,mse,17,303,96,0.251175,0.24348125
1,test_ba_100_02,ba,100,mse,17,303,192,0.258225,0.2487375
1,test_ba_100_02,ba,100,mse,23,101,96,0.247475,0.2487625
1,test_ba_100_02,ba,100,mse,23,101,192,0.253925,0.25041875
1,test_ba_100_02,ba,100,mse,23,202,96,0.248375,0.2474
1,test_ba_100_02,ba,100,mse,23,202,192,0.257625,0.253240625
1,test_ba_100_02,ba,100,mse,23,303,96,0.251175,0.2496625
1,test_ba_100_02,ba,100,mse,23,303,192,0.263025,0.2572
1,test_ba_100_02,ba,100,pool_random,-1,101,96,0.235075,0.230428125
1,test_ba_100_02,ba,100,pool_random,-1,101,192,0.243725,0.23873125
1,test_ba_100_02,ba,100,pool_random,-1,202,96,0.241975,0.239659375
1,test_ba_100_02,ba,100,pool_random,-1,202,192,0.245775,0.24125625
1,test_ba_100_02,ba,100,pool_random,-1,303,96,0.2456,0.240396875
1,test_ba_100_02,ba,100,pool_random,-1,303,192,0.2469,0.242028125
1,test_ba_100_02,ba,100,random,-1,101,96,0.231675,0.23271875
1,test_ba_100_02,ba,100,random,-1,101,192,0.239225,0.2386875
1,test_ba_100_02,ba,100,random,-1,202,96,0.236475,0.236178125
1,test_ba_100_02,ba,100,random,-1,202,192,0.2387,0.239909375
1,test_ba_100_02,ba,100,random,-1,303,96,0.244275,0.2379875
1,test_ba_100_02,ba,100,random,-1,303,192,0.244275,0.2379875
1,test_ba_100_02,ba,100,ranknet,17,101,96,0.251225,0.24671875
1,test_ba_100_02,ba,100,ranknet,17,101,192,0.259625,0.25518125
1,test_ba_100_02,ba,100,ranknet,17,202,96,0.2574,0.254809375
1,test_ba_100_02,ba,100,ranknet,17,202,192,0.263825,0.259325
1,test_ba_100_02,ba,100,ranknet,17,303,96,0.252975,0.247615625
1,test_ba_100_02,ba,100,ranknet,17,303,192,0.260525,0.258465625
1,test_ba_100_02,ba,100,ranknet,23,101,96,0.25165,0.24756875
1,test_ba_100_02,ba,100,ranknet,23,101,192,0.267975,0.256734375
1,test_ba_100_02,ba,100,ranknet,23,202,96,0.25735,0.251959375
1,test_ba_100_02,ba,100,ranknet,23,202,192,0.265025,0.257009375
1,test_ba_100_02,ba,100,ranknet,23,303,96,0.254075,0.248990625
1,test_ba_100_02,ba,100,ranknet,23,303,192,0.26555,0.26005625
1,test_ba_100_03,ba,100,ea,-1,101,96,0.23645,0.2361625
1,test_ba_100_03,ba,100,ea,-1,101,192,0.242275,0.24180625
1,test_ba_100_03,ba,100,ea,-1,202,96,0.239275,0.235871875
1,test_ba_100_03,ba,100,ea,-1,202,192,0.2442,0.24081875
1,test_ba_100_03,ba,100,ea,-1,303,96,0.2399,0.238403125
1,test_ba_100_03,ba,100,ea,-1,303,192,0.242575,0.2405875
1,test_ba_100_03,ba,100,global_log_mse,17,101,96,0.254025,0.254234375
1,test_ba_100_03,ba,100,global_log_mse,17,101,192,0.262625,0.262184375
1,test_ba_100_03,ba,100,global_log_mse,17,202,96,0.24725,0.2471375
1,test_ba_100_03,ba,100,global_log_mse,17,202,192,0.25425,0.2509375
1,test_ba_100_03,ba,100,global_log_mse,17,303,96,0.24615,0.246428125
1,test_ba_100_03,ba,100,global_log_mse,17,303,192,0.255075,0.25378125
1,test_ba_100_03,ba,100,global_log_mse,23,101,96,0.25215,0.247896875
1,test_ba_100_03,ba,100,global_log_mse,23,101,192,0.258325,0.25316875
1,test_ba_100_03,ba,100,global_log_mse,23,202,96,0.245275,0.2450375
1,test_ba_100_03,ba,100,global_log_mse,23,202,192,0.258825,0.2545
1,test_ba_100_03,ba,100,global_log_mse,23,303,96,0.256525,0.252821875
1,test_ba_100_03,ba,100,global_log_mse,23,303,192,0.26475,0.2653875
1,test_ba_100_03,ba,100,global_mse,17,101,96,0.247475,0.24426875
1,test_ba_100_03,ba,100,global_mse,17,101,192,0.260725,0.25943125
1,test_ba_100_03,ba,100,global_mse,17,202,96,0.244625,0.244584375
1,test_ba_100_03,ba,100,global_mse,17,202,192,0.255975,0.253825
1,test_ba_100_03,ba,100,global_mse,17,303,96,0.2485,0.247671875
1,test_ba_100_03,ba,100,global_mse,17,303,192,0.265775,0.26315625
1,test_ba_100_03,ba,100,global_mse,23,101,96,0.2494,0.24686875
1,test_ba_100_03,ba,100,global_mse,23,101,192,0.256875,0.256509375
1,test_ba_100_03,ba,100,global_mse,23,202,96,0.25075,0.25158125
1,test_ba_100_03,ba,100,global_mse,23,202,192,0.258975,0.253715625
1,test_ba_100_03,ba,100,global_mse,23,303,96,0.2544,0.2547125
1,test_ba_100_03,ba,100,global_mse,23,303,192,0.2655,0.256846875
1,test_ba_100_03,ba,100,hillclimb,-1,101,96,0.2459,0.243015625
1,test_ba_100_03,ba,100,hillclimb,-1,101,192,0.255975,0.247259375
1,test_ba_100_03,ba,100,hillclimb,-1,202,96,0.2495,0.24456875
1,test_ba_100_03,ba,100,hillclimb,-1,202,192,0.260625,0.258065625
1,test_ba_100_03,ba,100,hillclimb,-1,303,96,0.250525,0.24751875
1,test_ba_100_03,ba,100,hillclimb,-1,303,192,0.257925,0.25500625
1,test_ba_100_03,ba,100,log_mse,17,101,96,0.252675,0.248453125
1,test_ba_100_03,ba,100,log_mse,17,101,192,0.2627,0.2550125
1,test_ba_100_03,ba,100,log_mse,17,202,96,0.240725,0.238940625
1,test_ba_100_03,ba,100,log_mse,17,202,192,0.24845,0.245753125
1,test_ba_100_03,ba,100,log_mse,17,303,96,0.25245,0.25023125
1,test_ba_100_03,ba,100,log_mse,17,303,192,0.261575,0.258278125
1,test_ba_100_03,ba,100,log_mse,23,101,96,0.247825,0.250503125
1,test_ba_100_03,ba,100,log_mse,23,101,192,0.263125,0.25861875
1,test_ba_100_03,ba,100,log_mse,23,202,96,0.251725,0.251753125
1,test_ba_100_03,ba,100,log_mse,23,202,192,0.259975,0.25754375
1,test_ba_100_03,ba,100,log_mse,23,303,96,0.250975,0.251621875
1,test_ba_100_03,ba,100,log_mse,23,303,192,0.261625,0.259265625
1,test_ba_100_03,ba,100,mse,17,101,96,0.24725,0.244475
1,test_ba_100_03,ba,100,mse,17,101,192,0.255525,0.250021875
1,test_ba_100_03,ba,100,mse,17,202,96,0.249925,0.24690625
1,test_ba_100_03,ba,100,mse,17,202,192,0.263525,0.26190625
1,test_ba_100_03,ba,100,mse,17,303,96,0.246925,0.243940625
1,test_ba_100_03,ba,100,mse,17,303,192,0.25505,0.251890625
1,test_ba_100_03,ba,100,mse,23,101,96,0.248875,0.246659375
1,test_ba_100_03,ba,100,mse,23,101,192,0.259225,0.255971875
1,test_ba_100_03,ba,100,mse,23,202,96,0.250425,0.25218125
1,test_ba_100_03,ba,100,mse,23,202,192,0.26425,0.26108125
1,test_ba_100_03,ba,100,mse,23,303,96,0.2531,0.25255625
1,test_ba_100_03,ba,100,mse,23,303,192,0.26715,0.26539375
1,test_ba_100_03,ba,100,pool_random,-1,101,96,0.237925,0.237009375
1,test_ba_100_03,ba,100,pool_random,-1,101,192,0.24155,0.24071875
1,test_ba_100_03,ba,100,pool_random,-1,202,96,0.235975,0.233815625
1,test_ba_100_03,ba,100,pool_random,-1,202,192,0.245325,0.239440625
1,test_ba_100_03,ba,100,pool_random,-1,303,96,0.23945,0.2389
1,test_ba_100_03,ba,100,pool_random,-1,303,192,0.246025,0.245825
1,test_ba_100_03,ba,100,random,-1,101,96,0.240525,0.238034375
1,test_ba_100_03,ba,100,random,-1,101,192,0.240525,0.238034375
1,test_ba_100_03,ba,100,random,-1,202,96,0.243175,0.244403125
1,test_ba_100_03,ba,100,random,-1,202,192,0.243175,0.244403125
1,test_ba_100_03,ba,100,random,-1,303,96,0.245,0.24305625
1,test_ba_100_03,ba,100,random,-1,303,192,0.245,0.24305625
1,test_ba_100_03,ba,100,ranknet,17,101,96,0.253625,0.25216875
1,test_ba_100_03,ba,100,ranknet,17,101,192,0.2647,0.25924375
1,test_ba_100_03,ba,100,ranknet,17,202,96,0.24695,0.2482125
1,test_ba_100_03,ba,100,ranknet,17,202,192,0.2673,0.260509375
1,test_ba_100_03,ba,100,ranknet,17,303,96,0.256225,0.2547625
1,test_ba_100_03,ba,100,ranknet,17,303,192,0.2666,0.25754375
1,test_ba_100_03,ba,100,ranknet,23,101,96,0.252075,0.25069375
1,test_ba_100_03,ba,100,ranknet,23,101,192,0.2698,0.2633375
1,test_ba_100_03,ba,100,ranknet,23,202,96,0.2544,0.252159375
1,test_ba_100_03,ba,100,ranknet,23,202,192,0.266775,0.2646625
1,test_ba_100_03,ba,100,ranknet,23,303,96,0.25165,0.252846875
1,test_ba_100_03,ba,100,ranknet,23,303,192,0.259675,0.260365625
1,test_ba_100_04,ba,100,ea,-1,101,96,0.22165,0.2214875
1,test_ba_100_04,ba,100,ea,-1,101,192,0.227525,0.2246875
1,test_ba_100_04,ba,100,ea,-1,202,96,0.22705,0.2255
1,test_ba_100_04,ba,100,ea,-1,202,192,0.231975,0.2295875
1,test_ba_100_04,ba,100,ea,-1,303,96,0.23125,0.228584375
1,test_ba_100_04,ba,100,ea,-1,303,192,0.2395,0.2287625
1,test_ba_100_04,ba,100,global_log_mse,17,101,96,0.231575,0.229965625
1,test_ba_100_04,ba,100,global_log_mse,17,101,192,0.240475,0.23834375
1,test_ba_100_04,ba,100,global_log_mse,17,202,96,0.244825,0.239075
1,test_ba_100_04,ba,100,global_log_mse,17,202,192,0.247325,0.2453875
1,test_ba_100_04,ba,100,global_log_mse,17,303,96,0.242525,0.235728125
1,test_ba_100_04,ba,100,global_log_mse,17,303,192,0.244775,0.2374875
1,test_ba_100_04,ba,100,global_log_mse,23,101,96,0.23095,0.232534375
1,test_ba_100_04,ba,100,global_log_mse,23,101,192,0.245425,0.24081875
1,test_ba_100_04,ba,100,global_log_mse,23,202,96,0.235875,0.234846875
1,test_ba_100_04,ba,100,global_log_mse,23,202,192,0.248925,0.240965625
1,test_ba_100_04,ba,100,global_log_mse,23,303,96,0.238625,0.2291625
1,test_ba_100_04,ba,100,global_log_mse,23,303,192,0.24825,0.244890625
1,test_ba_100_04,ba,100,global_mse,17,101,96,0.237375,0.237771875
1,test_ba_100_04,ba,100,global_mse,17,101,192,0.246175,0.2434625
1,test_ba_100_04,ba,100,global_mse,17,202,96,0.247875,0.243990625
1,test_ba_100_04,ba,100,global_mse,17,202,192,0.2496,0.239425
1,test_ba_100_04,ba,100,global_mse,17,303,96,0.235375,0.231646875
1,test_ba_100_04,ba,100,global_mse,17,303,192,0.23875,0.236603125
1,test_ba_100_04,ba,100,global_mse,23,101,96,0.231675,0.229746875
1,test_ba_100_04,ba,100,global_mse,23,101,192,0.24075,0.24110625
1,test_ba_100_04,ba,100,global_mse,23,202,96,0.237675,0.23805
1,test_ba_100_04,ba,100,global_mse,23,202,192,0.2449,0.2425875
1,test_ba_100_04,ba,100,global_mse,23,303,96,0.23305,0.22988125
1,test_ba_100_04,ba,100,global_mse,23,303,192,0.2474,0.240259375
1,test_ba_100_04,ba,100,hillclimb,-1,101,96,0.234625,0.22445625
1,test_ba_100_04,ba,100,hillclimb,-1,101,192,0.23935,0.229875
1,test_ba_100_04,ba,100,hillclimb,-1,202,96,0.24385,0.2389625
1,test_ba_100_04,ba,100,hillclimb,-1,202,192,0.249625,0.243609375
1,test_ba_100_04,ba,100,hillclimb,-1,303,96,0.23905,0.23405625
1,test_ba_100_04,ba,100,hillclimb,-1,303,192,0.24765,0.239946875
1,test_ba_100_04,ba,100,log_mse,17,101,96,0.233275,0.2329875
1,test_ba_100_04,ba,100,log_mse,17,101,192,0.242175,0.24053125
1,test_ba_100_04,ba,100,log_mse,17,202,96,0.23535,0.229553125
1,test_ba_100_04,ba,100,log_mse,17,202,192,0.245425,0.24094375
1,test_ba_100_04,ba,100,log_mse,17,303,96,0.2322,0.2259125
1,test_ba_100_04,ba,100,log_mse,17,303,192,0.24115,0.236009375
1,test_ba_100_04,ba,100,log_mse,23,101,96,0.23065,0.22801875
1,test_ba_100_04,ba,100,log_mse,23,101,192,0.2468,0.2429625
1,test_ba_100_04,ba,100,log_mse,23,202,96,0.235625,0.236690625
1,test_ba_100_04,ba,100,log_mse,23,202,192,0.244325,0.2389125
1,test_ba_100_04,ba,100,log_mse,23,303,96,0.240825,0.239021875
1,test_ba_100_04,ba,100,log_mse,23,303,192,0.241325,0.239778125
1,test_ba_100_04,ba,100,mse,17,101,96,0.23425,0.233303125
1,test_ba_100_04,ba,100,mse,17,101,192,0.2481,0.245475
1,test_ba_100_04,ba,100,mse,17,202,96,0.2312,0.229684375
1,test_ba_100_04,ba,100,mse,17,202,192,0.238975,0.23313125
1,test_ba_100_04,ba,100,mse,17,303,96,0.23465,0.23458125
1,test_ba_100_04,ba,100,mse,17,303,192,0.24015,0.237171875
1,test_ba_100_04,ba,100,mse,23,101,96,0.232575,0.234446875
1,test_ba_100_04,ba,100,mse,23,101,192,0.24,0.23994375
1,test_ba_100_04,ba,100,mse,23,202,96,0.234575,0.232853125
1,test_ba_100_04,ba,100,mse,23,202,192,0.246925,0.243478125
1,test_ba_100_04,ba,100,mse,23,303,96,0.243625,0.23344375
1,test_ba_100_04,ba,100,mse,23,303,192,0.24845,0.23971875
1,test_ba_100_04,ba,100,pool_random,-1,101,96,0.222525,0.222965625
1,test_ba_100_04,ba,100,pool_random,-1,101,192,0.2291,0.23013125
1,test_ba_100_04,ba,100,pool_random,-1,202,96,0.2316,0.233090625
1,test_ba_100_04,ba,100,pool_random,-1,202,192,0.233875,0.23025
1,test_ba_100_04,ba,100,pool_random,-1,303,96,0.229925,0.2242875
1,test_ba_100_04,ba,100,pool_random,-1,303,192,0.23365,0.22606875
1,test_ba_100_04,ba,100,random,-1,101,96,0.222975,0.224334375
1,test_ba_100_04,ba,100,random,-1,101,192,0.226875,0.223828125
1,test_ba_100_04,ba,100,random,-1,202,96,0.224875,0.223940625
1,test_ba_100_04,ba,100,random,-1,202,192,0.2283,0.22913125
1,test_ba_100_04,ba,100,random,-1,303,96,0.23,0.2276625
1,test_ba_100_04,ba,100,random,-1,303,192,0.23,0.2276625
1,test_ba_100_04,ba,100,ranknet,17,101,96,0.243025,0.241371875
1,test_ba_100_04,ba,100,ranknet,17,101,192,0.248225,0.24454375
1,test_ba_100_04,ba,100,ranknet,17,202,96,0.246525,0.24566875
1,test_ba_100_04,ba,100,ranknet,17,202,192,0.25755,0.253846875
1,test_ba_100_04,ba,100,ranknet,17,303,96,0.2393,0.237375
1,test_ba_100_04,ba,100,ranknet,17,303,192,0.2521,0.249121875
1,test_ba_100_04,ba,100,ranknet,23,101,96,0.23465,0.23265
1,test_ba_100_04,ba,100,ranknet,23,101,192,0.25125,0.25304375
1,test_ba_100_04,ba,100,ranknet,23,202,96,0.242175,0.24555
1,test_ba_100_04,ba,100,ranknet,23,202,192,0.24925,0.248290625
1,test_ba_100_04,ba,100,ranknet,23,303,96,0.241275,0.24110625
1,test_ba_100_04,ba,100,ranknet,23,303,192,0.25215,0.24986875
1,test_ba_100_05,ba,100,ea,-1,101,96,0.22215,0.221453125
1,test_ba_100_05,ba,100,ea,-1,101,192,0.2264,0.22619375
1,test_ba_100_05,ba,100,ea,-1,202,96,0.21975,0.2196375
1,test_ba_100_05,ba,100,ea,-1,202,192,0.2281,0.226484375
1,test_ba_100_05,ba,100,ea,-1,303,96,0.220075,0.21930625
1,test_ba_100_05,ba,100,ea,-1,303,192,0.227775,0.225021875
1,test_ba_100_05,ba,100,global_log_mse,17,101,96,0.239775,0.23625
1,test_ba_100_05,ba,100,global_log_mse,17,101,192,0.248225,0.246540625
1,test_ba_100_05,ba,100,global_log_mse,17,202,96,0.231025,0.23024375
1,test_ba_100_05,ba,100,global_log_mse,17,202,192,0.244025,0.240553125
1,test_ba_100_05,ba,100,global_log_mse,17,303,96,0.22885,0.228759375
1,test_ba_100_05,ba,100,global_log_mse,17,303,192,0.237375,0.235684375
1,test_ba_100_05,ba,100,global_log_mse,23,101,96,0.23335,0.23305625
1,test_ba_100_05,ba,100,global_log_mse,23,101,192,0.24385,0.2395
1,test_ba_100_05,ba,100,global_log_mse,23,202,96,0.22925,0.22944375
1,test_ba_100_05,ba,100,global_log_mse,23,202,192,0.244425,0.24296875
1,test_ba_100_05,ba,100,global_log_mse,23,303,96,0.22625,0.22548125
1,test_ba_100_05,ba,100,global_log_mse,23,303,192,0.235275,0.23140625
1,test_ba_100_05,ba,100,global_mse,17,101,96,0.2383,0.2383875
1,test_ba_100_05,ba,100,global_mse,17,101,192,0.243225,0.242509375
1,test_ba_100_05,ba,100,global_mse,17,202,96,0.231825,0.228240625
1,test_ba_100_05,ba,100,global_mse,17,202,192,0.2357,0.233321875
1,test_ba_100_05,ba,100,global_mse,17,303,96,0.23135,0.227065625
1,test_ba_100_05,ba,100,global_mse,17,303,192,0.240425,0.236834375
1,test_ba_100_05,ba,100,global_mse,23,101,96,0.2298,0.22958125
1,test_ba_100_05,ba,100,global_mse,23,101,192,0.2376,0.23854375
1,test_ba_100_05,ba,100,global_mse,23,202,96,0.2324,0.233053125
1,test_ba_100_05,ba,100,global_mse,23,202,192,0.247975,0.244528125
1,test_ba_100_05,ba,100,global_mse,23,303,96,0.229275,0.22766875
1,test_ba_100_05,ba,100,global_mse,23,303,192,0.23685,0.23226875
1,test_ba_100_05,ba,100,hillclimb,-1,101,96,0.23685,0.232759375
1,test_ba_100_05,ba,100,hillclimb,-1,101,192,0.243525,0.238159375
1,test_ba_100_05,ba,100,hillclimb,-1,202,96,0.22475,0.224253125
1,test_ba_100_05,ba,100,hillclimb,-1,202,192,0.237275,0.23640625
1,test_ba_100_05,ba,100,hillclimb,-1,303,96,0.23525,0.233
1,test_ba_100_05,ba,100,hillclimb,-1,303,192,0.246175,0.240725
1,test_ba_100_05,ba,100,log_mse,17,101,96,0.2287,0.2285875
1,test_ba_100_05,ba,100,log_mse,17,101,192,0.236475,0.233484375
1,test_ba_100_05,ba,100,log_mse,17,202,96,0.23275,0.230615625
1,test_ba_100_05,ba,100,log_mse,17,202,192,0.237475,0.237578125
1,test_ba_100_05,ba,100,log_mse,17,303,96,0.22715,0.22518125
1,test_ba_100_05,ba,100,log_mse,17,303,192,0.236175,0.231959375
1,test_ba_100_05,ba,100,log_mse,23,101,96,0.2305,0.231184375
1,test_ba_100_05,ba,100,log_mse,23,101,192,0.24095,0.23700625
1,test_ba_100_05,ba,100,log_mse,23,202,96,0.23045,0.229959375
1,test_ba_100_05,ba,100,log_mse,23,202,192,0.24625,0.245121875
1,test_ba_100_05,ba,100,log_mse,23,303,96,0.22895,0.22975625
1,test_ba_100_05,ba,100,log_mse,23,303,192,0.25045,0.248484375
1,test_ba_100_05,ba,100,mse,17,101,96,0.226175,0.225525
1,test_ba_100_05,ba,100,mse,17,101,192,0.236575,0.23320625
1,test_ba_100_05,ba,100,mse,17,202,96,0.229375,0.228965625
1,test_ba_100_05,ba,100,mse,17,202,192,0.23795,0.238034375
1,test_ba_100_05,ba,100,mse,17,303,96,0.22705,0.227028125
1,test_ba_100_05,ba,100,mse,17,303,192,0.238725,0.238309375
1,test_ba_100_05,ba,100,mse,23,101,96,0.229475,0.23035625
1,test_ba_100_05,ba,100,mse,23,101,192,0.2462,0.243696875
1,test_ba_100_05,ba,100,mse,23,202,96,0.236725,0.2372875
1,test_ba_100_05,ba,100,mse,23,202,192,0.247925,0.245440625
1,test_ba_100_05,ba,100,mse,23,303,96,0.223625,0.221690625
1,test_ba_100_05,ba,100,mse,23,303,192,0.235625,0.23496875
1,test_ba_100_05,ba,100,pool_random,-1,101,96,0.217025,0.218046875
1,test_ba_100_05,ba,100,pool_random,-1,101,192,0.227375,0.224225
1,test_ba_100_05,ba,100,pool_random,-1,202,96,0.217025,0.215003125
1,test_ba_100_05,ba,100,pool_random,-1,202,192,0.221575,0.22120625
1,test_ba_100_05,ba,100,pool_random,-1,303,96,0.224225,0.223921875
1,test_ba_100_05,ba,100,pool_random,-1,303,192,0.2329,0.228840625
1,test_ba_100_05,ba,100,random,-1,101,96,0.219875,0.219465625
1,test_ba_100_05,ba,100,random,-1,101,192,0.219875,0.219465625
1,test_ba_100_05,ba,100,random,-1,202,96,0.221675,0.22180625
1,test_ba_100_05,ba,100,random,-1,202,192,0.221675,0.22180625
1,test_ba_100_05,ba,100,random,-1,303,96,0.219275,0.21899375
1,test_ba_100_05,ba,100,random,-1,303,192,0.219275,0.21899375
1,test_ba_100_05,ba,100,ranknet,17,101,96,0.2365,0.230240625
1,test_ba_100_05,ba,100,ranknet,17,101,192,0.244325,0.24409375
1,test_ba_100_05,ba,100,ranknet,17,202,96,0.22995,0.22965625
1,test_ba_100_05,ba,100,ranknet,17,202,192,0.247875,0.245834375
1,test_ba_100_05,ba,100,ranknet,17,303,96,0.2319,0.230515625
1,test_ba_100_05,ba,100,ranknet,17,303,192,0.245425,0.243865625
1,test_ba_100_05,ba,100,ranknet,23,101,96,0.244625,0.24196875
1,test_ba_100_05,ba,100,ranknet,23,101,192,0.2531,0.249090625
1,test_ba_100_05,ba,100,ranknet,23,202,96,0.2369,0.23271875
1,test_ba_100_05,ba,100,ranknet,23,202,192,0.248375,0.245859375
1,test_ba_100_05,ba,100,ranknet,23,303,96,0.2283,0.226246875
1,test_ba_100_05,ba,100,ranknet,23,303,192,0.24715,0.2461625
1,test_ba_100_06,ba,100,ea,-1,101,96,0.2416,0.241215625
1,test_ba_100_06,ba,100,ea,-1,101,192,0.2486,0.247096875
1,test_ba_100_06,ba,100,ea,-1,202,96,0.24475,0.24178125
1,test_ba_100_06,ba,100,ea,-1,202,192,0.2531,0.25295
1,test_ba_100_06,ba,100,ea,-1,303,96,0.249625,0.24585
1,test_ba_100_06,ba,100,ea,-1,303,192,0.2541,0.25258125
1,test_ba_100_06,ba,100,global_log_mse,17,101,96,0.24725,0.2455
1,test_ba_100_06,ba,100,global_log_mse,17,101,192,0.2579,0.254440625
1,test_ba_100_06,ba,100,global_log_mse,17,202,96,0.265975,0.257253125
1,test_ba_100_06,ba,100,global_log_mse,17,202,192,0.2715,0.25904375
1,test_ba_100_06,ba,100,global_log_mse,17,303,96,0.2527,0.24760625
1,test_ba_100_06,ba,100,global_log_mse,17,303,192,0.260725,0.259640625
1,test_ba_100_06,ba,100,global_log_mse,23,101,96,0.253775,0.250071875
1,test_ba_100_06,ba,100,global_log_mse,23,101,192,0.25955,0.258596875
1,test_ba_100_06,ba,100,global_log_mse,23,202,96,0.257175,0.254475
1,test_ba_100_06,ba,100,global_log_mse,23,202,192,0.2632,0.257671875
1,test_ba_100_06,ba,100,global_log_mse,23,303,96,0.25615,0.251259375
1,test_ba_100_06,ba,100,global_log_mse,23,303,192,0.262975,0.256971875
1,test_ba_100_06,ba,100,global_mse,17,101,96,0.25365,0.2504875
1,test_ba_100_06,ba,100,global_mse,17,101,192,0.259775,0.2633625
1,test_ba_100_06,ba,100,global_mse,17,202,96,0.25485,0.255671875
1,test_ba_100_06,ba,100,global_mse,17,202,192,0.26605,0.26158125
1,test_ba_100_06,ba,100,global_mse,17,303,96,0.2587,0.253871875
1,test_ba_100_06,ba,100,global_mse,17,303,192,0.265675,0.261771875
1,test_ba_100_06,ba,100,global_mse,23,101,96,0.250025,0.247796875
1,test_ba_100_06,ba,100,global_mse,23,101,192,0.261775,0.26106875
1,test_ba_100_06,ba,100,global_mse,23,202,96,0.26085,0.256803125
1,test_ba_100_06,ba,100,global_mse,23,202,192,0.270375,0.26726875
1,test_ba_100_06,ba,100,global_mse,23,303,96,0.25825,0.25475625
1,test_ba_100_06,ba,100,global_mse,23,303,192,0.265125,0.2634625
1,test_ba_100_06,ba,100,hillclimb,-1,101,96,0.262425,0.258825
1,test_ba_100_06,ba,100,hillclimb,-1,101,192,0.26965,0.2669375
1,test_ba_100_06,ba,100,hillclimb,-1,202,96,0.25505,0.2504125
1,test_ba_100_06,ba,100,hillclimb,-1,202,192,0.26465,0.25628125
1,test_ba_100_06,ba,100,hillclimb,-1,303,96,0.256175,0.25313125
1,test_ba_100_06,ba,100,hillclimb,-1,303,192,0.2656,0.257996875
1,test_ba_100_06,ba,100,log_mse,17,101,96,0.261675,0.255328125
1,test_ba_100_06,ba,100,log_mse,17,101,192,0.26405,0.259303125
1,test_ba_100_06,ba,100,log_mse,17,202,96,0.2674,0.262853125
1,test_ba_100_06,ba,100,log_mse,17,202,192,0.271375,0.268834375
1,test_ba_100_06,ba,100,log_mse,17,303,96,0.25735,0.25563125
1,test_ba_100_06,ba,100,log_mse,17,303,192,0.265975,0.26393125
1,test_ba_100_06,ba,100,log_mse,23,101,96,0.246575,0.249146875
1,test_ba_100_06,ba,100,log_mse,23,101,192,0.264325,0.26345625
1,test_ba_100_06,ba,100,log_mse,23,202,96,0.259,0.25130625
1,test_ba_100_06,ba,100,log_mse,23,202,192,0.2685,0.2651625
1,test_ba_100_06,ba,100,log_mse,23,303,96,0.2533,0.253584375
1,test_ba_100_06,ba,100,log_mse,23,303,192,0.2641,0.260090625
1,test_ba_100_06,ba,100,mse,17,101,96,0.25255,0.251653125
1,test_ba_100_06,ba,100,mse,17,101,192,0.2624,0.262178125
1,test_ba_100_06,ba,100,mse,17,202,96,0.2544,0.24879375
1,test_ba_100_06,ba,100,mse,17,202,192,0.2614,0.262671875
1,test_ba_100_06,ba,100,mse,17,303,96,0.25225,0.252578125
1,test_ba_100_06,ba,100,mse,17,303,192,0.2559,0.2541375
1,test_ba_100_06,ba,100,mse,23,101,96,0.246775,0.247903125
1,test_ba_100_06,ba,100,mse,23,101,192,0.2622,0.260534375
1,test_ba_100_06,ba,100,mse,23,202,96,0.2605,0.25473125
1,test_ba_100_06,ba,100,mse,23,202,192,0.263575,0.2638375
1,test_ba_100_06,ba,100,mse,23,303,96,0.258275,0.255459375
1,test_ba_100_06,ba,100,mse,23,303,192,0.2688,0.263809375
1,test_ba_100_06,ba,100,pool_random,-1,101,96,0.242125,0.241978125
1,test_ba_100_06,ba,100,pool_random,-1,101,192,0.249475,0.247975
1,test_ba_100_06,ba,100,pool_random,-1,202,96,0.249825,0.246925
1,test_ba_100_06,ba,100,pool_random,-1,202,192,0.255075,0.2510125
1,test_ba_100_06,ba,100,pool_random,-1,303,96,0.2474,0.24040625
1,test_ba_100_06,ba,100,pool_random,-1,303,192,0.2512,0.2446
1,test_ba_100_06,ba,100,random,-1,101,96,0.2436,0.2450875
1,test_ba_100_06,ba,100,random,-1,101,192,0.244575,0.243521875
1,test_ba_100_06,ba,100,random,-1,202,96,0.240675,0.2414
1,test_ba_100_06,ba,100,random,-1,202,192,0.253725,0.246159375
1,test_ba_100_06,ba,100,random,-1,303,96,0.2458,0.24266875
1,test_ba_100_06,ba,100,random,-1,303,192,0.2487,0.24800625
1,test_ba_100_06,ba,100,ranknet,17,101,96,0.255075,0.255525
1,test_ba_100_06,ba,100,ranknet,17,101,192,0.2646,0.2623625
1,test_ba_100_06,ba,100,ranknet,17,202,96,0.2536,0.253759375
1,test_ba_100_06,ba,100,ranknet,17,202,192,0.270475,0.265346875
1,test_ba_100_06,ba,100,ranknet,17,303,96,0.26775,0.2638
1,test_ba_100_06,ba,100,ranknet,17,303,192,0.272275,0.269428125
1,test_ba_100_06,ba,100,ranknet,23,101,96,0.25015,0.24988125
1,test_ba_100_06,ba,100,ranknet,23,101,192,0.265725,0.261246875
1,test_ba_100_06,ba,100,ranknet,23,202,96,0.25705,0.255428125
1,test_ba_100_06,ba,100,ranknet,23,202,192,0.2702,0.26383125
1,test_ba_100_06,ba,100,ranknet,23,303,96,0.260875,0.25929375
1,test_ba_100_06,ba,100,ranknet,23,303,192,0.2674,0.262184375
1,test_ba_100_07,ba,100,ea,-1,101,96,0.24995,0.247671875
1,test_ba_100_07,ba,100,ea,-1,101,192,0.257275,0.2553125
1,test_ba_100_07,ba,100,ea,-1,202,96,0.25605,0.250915625
1,test_ba_100_07,ba,100,ea,-1,202,192,0.2577,0.24989375
1,test_ba_100_07,ba,100,ea,-1,303,96,0.25315,0.252371875
1,test_ba_100_07,ba,100,ea,-1,303,192,0.2597,0.259053125
1,test_ba_100_07,ba,100,global_log_mse,17,101,96,0.26235,0.25925625
1,test_ba_100_07,ba,100,global_log_mse,17,101,192,0.2723,0.268590625
1,test_ba_100_07,ba,100,global_log_mse,17,202,96,0.25855,0.25436875
1,test_ba_100_07,ba,100,global_log_mse,17,202,192,0.270375,0.265246875
1,test_ba_100_07,ba,100,global_log_mse,17,303,96,0.2682,0.2641125
1,test_ba_100_07,ba,100,global_log_mse,17,303,192,0.271175,0.270346875
1,test_ba_100_07,ba,100,global_log_mse,23,101,96,0.260325,0.25940625
1,test_ba_100_07,ba,100,global_log_mse,23,101,192,0.2711,0.26788125
1,test_ba_100_07,ba,100,global_log_mse,23,202,96,0.262575,0.264534375
1,test_ba_100_07,ba,100,global_log_mse,23,202,192,0.26695,0.265796875
1,test_ba_100_07,ba,100,global_log_mse,23,303,96,0.271275,0.270025
1,test_ba_100_07,ba,100,global_log_mse,23,303,192,0.280075,0.27311875
1,test_ba_100_07,ba,100,global_mse,17,101,96,0.263575,0.2557125
1,test_ba_100_07,ba,100,global_mse,17,101,192,0.27415,0.267446875
1,test_ba_100_07,ba,100,global_mse,17,202,96,0.264475,0.261440625
1,test_ba_100_07,ba,100,global_mse,17,202,192,0.28265,0.277765625
1,test_ba_100_07,ba,100,global_mse,17,303,96,0.2673,0.26371875
1,test_ba_100_07,ba,100,global_mse,17,303,192,0.275425,0.26864375
1,test_ba_100_07,ba,100,global_mse,23,101,96,0.2604,0.25208125
1,test_ba_100_07,ba,100,global_mse,23,101,192,0.267625,0.262746875
1,test_ba_100_07,ba,100,global_mse,23,202,96,0.269275,0.26256875
1,test_ba_100_07,ba,100,global_mse,23,202,192,0.2825,0.277034375
1,test_ba_100_07,ba,100,global_mse,23,303,96,0.267475,0.268734375
1,test_ba_100_07,ba,100,global_mse,23,303,192,0.278425,0.2737875
1,test_ba_100_07,ba,100,hillclimb,-1,101,96,0.26005,0.251490625
1,test_ba_100_07,ba,100,hillclimb,-1,101,192,0.27025,0.2653625
1,test_ba_100_07,ba,100,hillclimb,-1,202,96,0.26405,0.257346875
1,test_ba_100_07,ba,100,hillclimb,-1,202,192,0.268,0.259421875
1,test_ba_100_07,ba,100,hillclimb,-1,303,96,0.262675,0.252321875
1,test_ba_100_07,ba,100,hillclimb,-1,303,192,0.272675,0.264046875
1,test_ba_100_07,ba,100,log_mse,17,101,96,0.2632,0.26014375
1,test_ba_100_07,ba,100,log_mse,17,101,192,0.27105,0.26303125
1,test_ba_100_07,ba,100,log_mse,17,202,96,0.259,0.25773125
1,test_ba_100_07,ba,100,log_mse,17,202,192,0.272125,0.266659375
1,test_ba_100_07,ba,100,log_mse,17,303,96,0.263525,0.25921875
1,test_ba_100_07,ba,100,log_mse,17,303,192,0.2702,0.26688125
1,test_ba_100_07,ba,100,log_mse,23,101,96,0.268775,0.2626125
1,test_ba_100_07,ba,100,log_mse,23,101,192,0.277075,0.266984375
1,test_ba_100_07,ba,100,log_mse,23,202,96,0.26815,0.263759375
1,test_ba_100_07,ba,100,log_mse,23,202,192,0.278425,0.27201875
1,test_ba_100_07,ba,100,log_mse,23,303,96,0.2674,0.261653125
1,test_ba_100_07,ba,100,log_mse,23,303,192,0.276825,0.272184375
1,test_ba_100_07,ba,100,mse,17,101,96,0.254075,0.25170625
1,test_ba_100_07,ba,100,mse,17,101,192,0.27005,0.26275625
1,test_ba_100_07,ba,100,mse,17,202,96,0.259225,0.259384375
1,test_ba_100_07,ba,100,mse,17,202,192,0.27525,0.27068125
1,test_ba_100_07,ba,100,mse,17,303,96,0.2612,0.25865625
1,test_ba_100_07,ba,100,mse,17,303,192,0.269625,0.268940625
1,test_ba_100_07,ba,100,mse,23,101,96,0.26795,0.2638125
1,test_ba_100_07,ba,100,mse,23,101,192,0.27785,0.27565
1,test_ba_100_07,ba,100,mse,23,202,96,0.2655,0.261134375
1,test_ba_100_07,ba,100,mse,23,202,192,0.27625,0.270496875
1,test_ba_100_07,ba,100,mse,23,303,96,0.266625,0.259921875
1,test_ba_100_07,ba,100,mse,23,303,192,0.276925,0.26779375
1,test_ba_100_07,ba,100,pool_random,-1,101,96,0.24975,0.24591875
1,test_ba_100_07,ba,100,pool_random,-1,101,192,0.2568,0.251546875
1,test_ba_100_07,ba,100,pool_random,-1,202,96,0.2509,0.245078125
1,test_ba_100_07,ba,100,pool_random,-1,202,192,0.256725,0.254075
1,test_ba_100_07,ba,100,pool_random,-1,303,96,0.255275,0.249765625
1,test_ba_100_07,ba,100,pool_random,-1,303,192,0.25885,0.25674375
1,test_ba_100_07,ba,100,random,-1,101,96,0.25195,0.249303125
1,test_ba_100_07,ba,100,random,-1,101,192,0.25195,0.249303125
1,test_ba_100_07,ba,100,random,-1,202,96,0.24765,0.24675
1,test_ba_100_07,ba,100,random,-1,202,192,0.25125,0.25100625
1,test_ba_100_07,ba,100,random,-1,303,96,0.25095,0.2471875
1,test_ba_100_07,ba,100,random,-1,303,192,0.25095,0.2471875
1,test_ba_100_07,ba,100,ranknet,17,101,96,0.265875,0.259684375
1,test_ba_100_07,ba,100,ranknet,17,101,192,0.278725,0.274721875
1,test_ba_100_07,ba,100,ranknet,17,202,96,0.265475,0.263303125
1,test_ba_100_07,ba,100,ranknet,17,202,192,0.2802,0.275896875
1,test_ba_100_07,ba,100,ranknet,17,303,96,0.267725,0.267025
1,test_ba_100_07,ba,100,ranknet,17,303,192,0.277175,0.274078125
1,test_ba_100_07,ba,100,ranknet,23,101,96,0.26535,0.26276875
1,test_ba_100_07,ba,100,ranknet,23,101,192,0.2781,0.270809375
1,test_ba_100_07,ba,100,ranknet,23,202,96,0.2664,0.26465625
1,test_ba_100_07,ba,100,ranknet,23,202,192,0.28165,0.28070625
1,test_ba_100_07,ba,100,ranknet,23,303,96,0.26655,0.26428125
1,test_ba_100_07,ba,100,ranknet,23,303,192,0.279325,0.269546875
1,test_ba_50_00,ba,50,ea,-1,101,96,0.2422,0.24375
1,test_ba_50_00,ba,50,ea,-1,101,192,0.2495,0.2492875
1,test_ba_50_00,ba,50,ea,-1,202,96,0.2365,0.2355125
1,test_ba_50_00,ba,50,ea,-1,202,192,0.2476,0.244325
1,test_ba_50_00,ba,50,ea,-1,303,96,0.2345,0.23475
1,test_ba_50_00,ba,50,ea,-1,303,192,0.2534,0.246475
1,test_ba_50_00,ba,50,global_log_mse,17,101,96,0.2484,0.2495625
1,test_ba_50_00,ba,50,global_log_mse,17,101,192,0.2586,0.2551375
1,test_ba_50_00,ba,50,global_log_mse,17,202,96,0.2536,0.2481625
1,test_ba_50_00,ba,50,global_log_mse,17,202,192,0.2642,0.262
1,test_ba_50_00,ba,50,global_log_mse,17,303,96,0.25,0.2504875
1,test_ba_50_00,ba,50,global_log_mse,17,303,192,0.2539,0.2541125
1,test_ba_50_00,ba,50,global_log_mse,23,101,96,0.255,0.25685
1,test_ba_50_00,ba,50,global_log_mse,23,101,192,0.2695,0.2663875
1,test_ba_50_00,ba,50,global_log_mse,23,202,96,0.261,0.2595125
1,test_ba_50_00,ba,50,global_log_mse,23,202,192,0.2636,0.2650125
1,test_ba_50_00,ba,50,global_log_mse,23,303,96,0.2461,0.24405
1,test_ba_50_00,ba,50,global_log_mse,23,303,192,0.2582,0.2591
1,test_ba_50_00,ba,50,global_mse,17,101,96,0.2514,0.249975
1,test_ba_50_00,ba,50,global_mse,17,101,192,0.2548,0.2552875
1,test_ba_50_00,ba,50,global_mse,17,202,96,0.2544,0.251425
1,test_ba_50_00,ba,50,global_mse,17,202,192,0.2669,0.2639125
1,test_ba_50_00,ba,50,global_mse,17,303,96,0.26,0.257725
1,test_ba_50_00,ba,50,global_mse,17,303,192,0.2658,0.2627125
1,test_ba_50_00,ba,50,global_mse,23,101,96,0.2478,0.2470625
1,test_ba_50_00,ba,50,global_mse,23,101,192,0.2656,0.264475
1,test_ba_50_00,ba,50,global_mse,23,202,96,0.2562,0.257875
1,test_ba_50_00,ba,50,global_mse,23,202,192,0.2778,0.2744875
1,test_ba_50_00,ba,50,global_mse,23,303,96,0.2542,0.2489625
1,test_ba_50_00,ba,50,global_mse,23,303,192,0.262,0.2603625
1,test_ba_50_00,ba,50,hillclimb,-1,101,96,0.2465,0.2461125
1,test_ba_50_00,ba,50,hillclimb,-1,101,192,0.2621,0.2592875
1,test_ba_50_00,ba,50,hillclimb,-1,202,96,0.2569,0.253375
1,test_ba_50_00,ba,50,hillclimb,-1,202,192,0.2636,0.2569875
1,test_ba_50_00,ba,50,hillclimb,-1,303,96,0.2505,0.2526
1,test_ba_50_00,ba,50,hillclimb,-1,303,192,0.2618,0.2611875
1,test_ba_50_00,ba,50,log_mse,17,101,96,0.2466,0.24575
1,test_ba_50_00,ba,50,log_mse,17,101,192,0.2538,0.2484
1,test_ba_50_00,ba,50,log_mse,17,202,96,0.2591,0.2545125
1,test_ba_50_00,ba,50,log_mse,17,202,192,0.264,0.2637375
1,test_ba_50_00,ba,50,log_mse,17,303,96,0.2629,0.259925
1,test_ba_50_00,ba,50,log_mse,17,303,192,0.2713,0.263575
1,test_ba_50_00,ba,50,log_mse,23,101,96,0.2628,0.2610875
1,test_ba_50_00,ba,50,log_mse,23,101,192,0.2795,0.2757375
1,test_ba_50_00,ba,50,log_mse,23,202,96,0.2616,0.2551125
1,test_ba_50_00,ba,50,log_mse,23,202,192,0.2629,0.2635375
1,test_ba_50_00,ba,50,log_mse,23,303,96,0.2511,0.2522125
1,test_ba_50_00,ba,50,log_mse,23,303,192,0.2677,0.2628875
1,test_ba_50_00,ba,50,mse,17,101,96,0.2452,0.2471375
1,test_ba_50_00,ba,50,mse,17,101,192,0.2548,0.2559
1,test_ba_50_00,ba,50,mse,17,202,96,0.25,0.2503
1,test_ba_50_00,ba,50,mse,17,202,192,0.2674,0.2624875
1,test_ba_50_00,ba,50,mse,17,303,96,0.2397,0.2336625
1,test_ba_50_00,ba,50,mse,17,303,192,0.2534,0.248325
1,test_ba_50_00,ba,50,mse,23,101,96,0.2525,0.2471625
1,test_ba_50_00,ba,50,mse,23,101,192,0.2607,0.2563375
1,test_ba_50_00,ba,50,mse,23,202,96,0.2496,0.252025
1,test_ba_50_00,ba,50,mse,23,202,192,0.2689,0.268625
1,test_ba_50_00,ba,50,mse,23,303,96,0.257,0.253525
1,test_ba_50_00,ba,50,mse,23,303,192,0.2704,0.2678
1,test_ba_50_00,ba,50,pool_random,-1,101,96,0.2439,0.244125
1,test_ba_50_00,ba,50,pool_random,-1,101,192,0.2498,0.24
1,test_ba_50_00,ba,50,pool_random,-1,202,96,0.2328,0.2317625
1,test_ba_50_00,ba,50,pool_random,-1,202,192,0.243,0.244875
1,test_ba_50_00,ba,50,pool_random,-1,303,96,0.2366,0.2362625
1,test_ba_50_00,ba,50,pool_random,-1,303,192,0.2436,0.243375
1,test_ba_50_00,ba,50,random,-1,101,96,0.2302,0.2233125
1,test_ba_50_00,ba,50,random,-1,101,192,0.2378,0.2399375
1,test_ba_50_00,ba,50,random,-1,202,96,0.2434,0.238875
1,test_ba_50_00,ba,50,random,-1,202,192,0.2434,0.238875
1,test_ba_50_00,ba,50,random,-1,303,96,0.2303,0.2277375
1,test_ba_50_00,ba,50,random,-1,303,192,0.2345,0.2328
1,test_ba_50_00,ba,50,ranknet,17,101,96,0.2675,0.261525
1,test_ba_50_00,ba,50,ranknet,17,101,192,0.2723,0.265475
1,test_ba_50_00,ba,50,ranknet,17,202,96,0.26,0.2584875
1,test_ba_50_00,ba,50,ranknet,17,202,192,0.2674,0.2654875
1,test_ba_50_00,ba,50,ranknet,17,303,96,0.2597,0.2565875
1,test_ba_50_00,ba,50,ranknet,17,303,192,0.2642,0.261475
1,test_ba_50_00,ba,50,ranknet,23,101,96,0.262,0.257925
1,test_ba_50_00,ba,50,ranknet,23,101,192,0.2658,0.2620125
1,test_ba_50_00,ba,50,ranknet,23,202,96,0.2541,0.2495375
1,test_ba_50_00,ba,50,ranknet,23,202,192,0.2718,0.2645875
1,test_ba_50_00,ba,50,ranknet,23,303,96,0.2506,0.2433375
1,test_ba_50_00,ba,50,ranknet,23,303,192,0.2615,0.2579375
1,test_ba_50_01,ba,50,ea,-1,101,96,0.2711,0.270475
1,test_ba_50_01,ba,50,ea,-1,101,192,0.28,0.2789125
1,test_ba_50_01,ba,50,ea,-1,202,96,0.2763,0.271825
1,test_ba_50_01,ba,50,ea,-1,202,192,0.2912,0.28535
1,test_ba_50_01,ba,50,ea,-1,303,96,0.2676,0.2663625
1,test_ba_50_01,ba,50,ea,-1,303,192,0.2793,0.2744
1,test_ba_50_01,ba,50,global_log_mse,17,101,96,0.2888,0.289125
1,test_ba_50_01,ba,50,global_log_mse,17,101,192,0.2941,0.2915
1,test_ba_50_01,ba,50,global_log_mse,17,202,96,0.2847,0.2812625
1,test_ba_50_01,ba,50,global_log_mse,17,202,192,0.2964,0.2889
1,test_ba_50_01,ba,50,global_log_mse,17,303,96,0.2904,0.2798875
1,test_ba_50_01,ba,50,global_log_mse,17,303,192,0.2968,0.29465
1,test_ba_50_01,ba,50,global_log_mse,23,101,96,0.288,0.2871
1,test_ba_50_01,ba,50,global_log_mse,23,101,192,0.2959,0.2974125
1,test_ba_50_01,ba,50,global_log_mse,23,202,96,0.2922,0.2876625
1,test_ba_50_01,ba,50,global_log_mse,23,202,192,0.298,0.282225
1,test_ba_50_01,ba,50,global_log_mse,23,303,96,0.2894,0.2908375
1,test_ba_50_01,ba,50,global_log_mse,23,303,192,0.2959,0.291025
1,test_ba_50_01,ba,50,global_mse,17,101,96,0.2948,0.2925375
1,test_ba_50_01,ba,50,global_mse,17,101,192,0.3039,0.2942
1,test_ba_50_01,ba,50,global_mse,17,202,96,0.2957,0.2859875
1,test_ba_50_01,ba,50,global_mse,17,202,192,0.2975,0.28905
1,test_ba_50_01,ba,50,global_mse,17,303,96,0.2904,0.2847375
1,test_ba_50_01,ba,50,global_mse,17,303,192,0.2992,0.2957625
1,test_ba_50_01,ba,50,global_mse,23,101,96,0.29,0.2844125
1,test_ba_50_01,ba,50,global_mse,23,101,192,0.302,0.290675
1,test_ba_50_01,ba,50,global_mse,23,202,96,0.2914,0.2875875
1,test_ba_50_01,ba,50,global_mse,23,202,192,0.294,0.2891
1,test_ba_50_01,ba,50,global_mse,23,303,96,0.2913,0.2850125
1,test_ba_50_01,ba,50,global_mse,23,303,192,0.304,0.2973375
1,test_ba_50_01,ba,50,hillclimb,-1,101,96,0.2853,0.279225
1,test_ba_50_01,ba,50,hillclimb,-1,101,192,0.297,0.2831875
1,test_ba_50_01,ba,50,hillclimb,-1,202,96,0.2923,0.2868875
1,test_ba_50_01,ba,50,hillclimb,-1,202,192,0.3006,0.2957125
1,test_ba_50_01,ba,50,hillclimb,-1,303,96,0.2966,0.288625
1,test_ba_50_01,ba,50,hillclimb,-1,303,192,0.307,0.2954
1,test_ba_50_01,ba,50,log_mse,17,101,96,0.2895,0.2876
1,test_ba_50_01,ba,50,log_mse,17,101,192,0.2986,0.2960375
1,test_ba_50_01,ba,50,log_mse,17,202,96,0.2914,0.288175
1,test_ba_50_01,ba,50,log_mse,17,202,192,0.2985,0.2951125
1,test_ba_50_01,ba,50,log_mse,17,303,96,0.2855,0.28335
1,test_ba_50_01,ba,50,log_mse,17,303,192,0.2952,0.296225
1,test_ba_50_01,ba,50,log_mse,23,101,96,0.2936,0.284475
1,test_ba_50_01,ba,50,log_mse,23,101,192,0.3034,0.29235
1,test_ba_50_01,ba,50,log_mse,23,202,96,0.2964,0.2929125
1,test_ba_50_01,ba,50,log_mse,23,202,192,0.3026,0.29615
1,test_ba_50_01,ba,50,log_mse,23,303,96,0.2929,0.287475
1,test_ba_50_01,ba,50,log_mse,23,303,192,0.3031,0.2936
1,test_ba_50_01,ba,50,mse,17,101,96,0.2809,0.279975
1,test_ba_50_01,ba,50,mse,17,101,192,0.2936,0.2861125
1,test_ba_50_01,ba,50,mse,17,202,96,0.2951,0.29105
1,test_ba_50_01,ba,50,mse,17,202,192,0.2986,0.2853
1,test_ba_50_01,ba,50,mse,17,303,96,0.2838,0.2780875
1,test_ba_50_01,ba,50,mse,17,303,192,0.2949,0.2863375
1,test_ba_50_01,ba,50,mse,23,101,96,0.2919,0.2874
1,test_ba_50_01,ba,50,mse,23,101,192,0.3026,0.29695
1,test_ba_50_01,ba,50,mse,23,202,96,0.2882,0.2863875
1,test_ba_50_01,ba,50,mse,23,202,192,0.2983,0.286075
1,test_ba_50_01,ba,50,mse,23,303,96,0.288,0.2819375
1,test_ba_50_01,ba,50,mse,23,303,192,0.296,0.2923125
1,test_ba_50_01,ba,50,pool_random,-1,101,96,0.2809,0.2788125
1,test_ba_50_01,ba,50,pool_random,-1,101,192,0.2853,0.2806
1,test_ba_50_01,ba,50,pool_random,-1,202,96,0.2802,0.2754375
1,test_ba_50_01,ba,50,pool_random,-1,202,192,0.2919,0.281875
1,test_ba_50_01,ba,50,pool_random,-1,303,96,0.2739,0.2713875
1,test_ba_50_01,ba,50,pool_random,-1,303,192,0.2862,0.2826375
1,test_ba_50_01,ba,50,random,-1,101,96,0.2667,0.265425
1,test_ba_50_01,ba,50,random,-1,101,192,0.2703,0.2654
1,test_ba_50_01,ba,50,random,-1,202,96,0.2782,0.2765375
1,test_ba_50_01,ba,50,random,-1,202,192,0.2782,0.2765375
1,test_ba_50_01,ba,50,random,-1,303,96,0.2705,0.2591375
1,test_ba_50_01,ba,50,random,-1,303,192,0.2705,0.2591375
1,test_ba_50_01,ba,50,ranknet,17,101,96,0.3019,0.2975375
1,test_ba_50_01,ba,50,ranknet,17,101,192,0.3069,0.302825
1,test_ba_50_01,ba,50,ranknet,17,202,96,0.2939,0.294975
1,test_ba_50_01,ba,50,ranknet,17,202,192,0.3049,0.297875
1,test_ba_50_01,ba,50,ranknet,17,303,96,0.2915,0.2823625
1,test_ba_50_01,ba,50,ranknet,17,303,192,0.3036,0.2974875
1,test_ba_50_01,ba,50,ranknet,23,101,96,0.2952,0.2891
1,test_ba_50_01,ba,50,ranknet,23,101,192,0.2997,0.2917125
1,test_ba_50_01,ba,50,ranknet,23,202,96,0.294,0.2934
1,test_ba_50_01,ba,50,ranknet,23,202,192,0.3004,0.2910625
1,test_ba_50_01,ba,50,ranknet,23,303,96,0.2975,0.2926125
1,test_ba_50_01,ba,50,ranknet,23,303,192,0.3038,0.304675
1,test_ba_50_02,ba,50,ea,-1,101,96,0.2494,0.2485
1,test_ba_50_02,ba,50,ea,-1,101,192,0.2592,0.2564375
1,test_ba_50_02,ba,50,ea,-1,202,96,0.2462,0.244
1,test_ba_50_02,ba,50,ea,-1,202,192,0.2503,0.2478125
1,test_ba_50_02,ba,50,ea,-1,303,96,0.2402,0.2360625
1,test_ba_50_02,ba,50,ea,-1,303,192,0.247,0.2476125
1,test_ba_50_02,ba,50,global_log_mse,17,101,96,0.2519,0.2503125
1,test_ba_50_02,ba,50,global_log_mse,17,101,192,0.258,0.254625
1,test_ba_50_02,ba,50,global_log_mse,17,202,96,0.253,0.245125
1,test_ba_50_02,ba,50,global_log_mse,17,202,192,0.2642,0.2620375
1,test_ba_50_02,ba,50,global_log_mse,17,303,96,0.2608,0.2569375
1,test_ba_50_02,ba,50,global_log_mse,17,303,192,0.2803,0.27405
1,test_ba_50_02,ba,50,global_log_mse,23,101,96,0.2587,0.259275
1,test_ba_50_02,ba,50,global_log_mse,23,101,192,0.2706,0.2661375
1,test_ba_50_02,ba,50,global_log_mse,23,202,96,0.2569,0.25625
1,test_ba_50_02,ba,50,global_log_mse,23,202,192,0.2663,0.2593875
1,test_ba_50_02,ba,50,global_log_mse,23,303,96,0.2558,0.24985
1,test_ba_50_02,ba,50,global_log_mse,23,303,192,0.2716,0.26685
1,test_ba_50_02,ba,50,global_mse,17,101,96,0.2646,0.2627
1,test_ba_50_02,ba,50,global_mse,17,101,192,0.2783,0.276125
1,test_ba_50_02,ba,50,global_mse,17,202,96,0.2608,0.2558
1,test_ba_50_02,ba,50,global_mse,17,202,192,0.2701,0.2649875
1,test_ba_50_02,ba,50,global_mse,17,303,96,0.2593,0.2567
1,test_ba_50_02,ba,50,global_mse,17,303,192,0.2727,0.270775
1,test_ba_50_02,ba,50,global_mse,23,101,96,0.2569,0.246275
1,test_ba_50_02,ba,50,global_mse,23,101,192,0.2739,0.2673375
1,test_ba_50_02,ba,50,global_mse,23,202,96,0.2545,0.2523875
1,test_ba_50_02,ba,50,global_mse,23,202,192,0.2585,0.2548375
1,test_ba_50_02,ba,50,global_mse,23,303,96,0.2571,0.26145
1,test_ba_50_02,ba,50,global_mse,23,303,192,0.2648,0.2648125
1,test_ba_50_02,ba,50,hillclimb,-1,101,96,0.2581,0.2553625
1,test_ba_50_02,ba,50,hillclimb,-1,101,192,0.2632,0.2581875
1,test_ba_50_02,ba,50,hillclimb,-1,202,96,0.2532,0.2477125
1,test_ba_50_02,ba,50,hillclimb,-1,202,192,0.2627,0.2538375
1,test_ba_50_02,ba,50,hillclimb,-1,303,96,0.2515,0.2506625
1,test_ba_50_02,ba,50,hillclimb,-1,303,192,0.2551,0.2526375
1,test_ba_50_02,ba,50,log_mse,17,101,96,0.2661,0.2545
1,test_ba_50_02,ba,50,log_mse,17,101,192,0.2686,0.25805
1,test_ba_50_02,ba,50,log_mse,17,202,96,0.265,0.2603875
1,test_ba_50_02,ba,50,log_mse,17,202,192,0.2687,0.2642875
1,test_ba_50_02,ba,50,log_mse,17,303,96,0.2653,0.2654625
1,test_ba_50_02,ba,50,log_mse,17,303,192,0.272,0.269725
1,test_ba_50_02,ba,50,log_mse,23,101,96,0.2622,0.2590375
1,test_ba_50_02,ba,50,log_mse,23,101,192,0.2763,0.2764875
1,test_ba_50_02,ba,50,log_mse,23,202,96,0.2612,0.2583
1,test_ba_50_02,ba,50,log_mse,23,202,192,0.2778,0.266475
1,test_ba_50_02,ba,50,log_mse,23,303,96,0.2695,0.2624875
1,test_ba_50_02,ba,50,log_mse,23,303,192,0.2763,0.2715875
1,test_ba_50_02,ba,50,mse,17,101,96,0.2572,0.2580125
1,test_ba_50_02,ba,50,mse,17,101,192,0.262,0.25545
1,test_ba_50_02,ba,50,mse,17,202,96,0.2534,0.25015
1,test_ba_50_02,ba,50,mse,17,202,192,0.2617,0.26115
1,test_ba_50_02,ba,50,mse,17,303,96,0.2658,0.262775
1,test_ba_50_02,ba,50,mse,17,303,192,0.2709,0.2628
1,test_ba_50_02,ba,50,mse,23,101,96,0.2602,0.2578
1,test_ba_50_02,ba,50,mse,23,101,192,0.2713,0.267
1,test_ba_50_02,ba,50,mse,23,202,96,0.2522,0.2485875
1,test_ba_50_02,ba,50,mse,23,202,192,0.2652,0.2605625
1,test_ba_50_02,ba,50,mse,23,303,96,0.2618,0.25665
1,test_ba_50_02,ba,50,mse,23,303,192,0.2721,0.2708
1,test_ba_50_02,ba,50,pool_random,-1,101,96,0.2483,0.2468
1,test_ba_50_02,ba,50,pool_random,-1,101,192,0.2594,0.2504
1,test_ba_50_02,ba,50,pool_random,-1,202,96,0.2443,0.2430875
1,test_ba_50_02,ba,50,pool_random,-1,202,192,0.2522,0.253825
1,test_ba_50_02,ba,50,pool_random,-1,303,96,0.2472,0.2497875
1,test_ba_50_02,ba,50,pool_random,-1,303,192,0.2588,0.2522375
1,test_ba_50_02,ba,50,random,-1,101,96,0.243,0.2436125
1,test_ba_50_02,ba,50,random,-1,101,192,0.243,0.2436125
1,test_ba_50_02,ba,50,random,-1,202,96,0.2404,0.2418625
1,test_ba_50_02,ba,50,random,-1,202,192,0.2462,0.244075
1,test_ba_50_02,ba,50,random,-1,303,96,0.2444,0.245675
1,test_ba_50_02,ba,50,random,-1,303,192,0.2444,0.245675
1,test_ba_50_02,ba,50,ranknet,17,101,96,0.2636,0.261175
1,test_ba_50_02,ba,50,ranknet,17,101,192,0.2726,0.27075
1,test_ba_50_02,ba,50,ranknet,17,202,96,0.2609,0.256225
1,test_ba_50_02,ba,50,ranknet,17,202,192,0.2789,0.2729625
1,test_ba_50_02,ba,50,ranknet,17,303,96,0.2674,0.2645625
1,test_ba_50_02,ba,50,ranknet,17,303,192,0.2888,0.2741625
1,test_ba_50_02,ba,50,ranknet,23,101,96,0.2684,0.2653375
1,test_ba_50_02,ba,50,ranknet,23,101,192,0.2759,0.26925
1,test_ba_50_02,ba,50,ranknet,23,202,96,0.2697,0.270975
1,test_ba_50_02,ba,50,ranknet,23,202,192,0.2778,0.2714
1,test_ba_50_02,ba,50,ranknet,23,303,96,0.2777,0.2704125
1,test_ba_50_02,ba,50,ranknet,23,303,192,0.2808,0.2733875
1,test_ba_50_03,ba,50,ea,-1,101,96,0.2517,0.25055
1,test_ba_50_03,ba,50,ea,-1,101,192,0.2621,0.2589
1,test_ba_50_03,ba,50,ea,-1,202,96,0.2503,0.24705
1,test_ba_50_03,ba,50,ea,-1,202,192,0.2605,0.25145
1,test_ba_50_03,ba,50,ea,-1,303,96,0.2642,0.2523625
1,test_ba_50_03,ba,50,ea,-1,303,192,0.265,0.2640875
1,test_ba_50_03,ba,50,global_log_mse,17,101,96,0.2644,0.2631625
1,test_ba_50_03,ba,50,global_log_mse,17,101,192,0.2773,0.2735375
1,test_ba_50_03,ba,50,global_log_mse,17,202,96,0.2748,0.27015
1,test_ba_50_03,ba,50,global_log_mse,17,202,192,0.2748,0.27015
1,test_ba_50_03,ba,50,global_log_mse,17,303,96,0.2751,0.2694
1,test_ba_50_03,ba,50,global_log_mse,17,303,192,0.2802,0.2762375
1,test_ba_50_03,ba,50,global_log_mse,23,101,96,0.2665,0.2577625
1,test_ba_50_03,ba,50,global_log_mse,23,101,192,0.2729,0.2632
1,test_ba_50_03,ba,50,global_log_mse,23,202,96,0.267,0.2637125
1,test_ba_50_03,ba,50,global_log_mse,23,202,192,0.2813,0.2793125
1,test_ba_50_03,ba,50,global_log_mse,23,303,96,0.2701,0.26545
1,test_ba_50_03,ba,50,global_log_mse,23,303,192,0.2807,0.271325
1,test_ba_50_03,ba,50,global_mse,17,101,96,0.2627,0.2596375
1,test_ba_50_03,ba,50,global_mse,17,101,192,0.2735,0.2696125
1,test_ba_50_03,ba,50,global_mse,17,202,96,0.2722,0.27165
1,test_ba_50_03,ba,50,global_mse,17,202,192,0.2813,0.275675
1,test_ba_50_03,ba,50,global_mse,17,303,96,0.2737,0.2707375
1,test_ba_50_03,ba,50,global_mse,17,303,192,0.2789,0.2687375
1,test_ba_50_03,ba,50,global_mse,23,101,96,0.2629,0.2606625
1,test_ba_50_03,ba,50,global_mse,23,101,192,0.2708,0.2699625
1,test_ba_50_03,ba,50,global_mse,23,202,96,0.2754,0.26475
1,test_ba_50_03,ba,50,global_mse,23,202,192,0.2875,0.2767375
1,test_ba_50_03,ba,50,global_mse,23,303,96,0.2727,0.2654375
1,test_ba_50_03,ba,50,global_mse,23,303,192,0.2796,0.2731375
1,test_ba_50_03,ba,50,hillclimb,-1,101,96,0.2737,0.265325
1,test_ba_50_03,ba,50,hillclimb,-1,101,192,0.2794,0.268725
1,test_ba_50_03,ba,50,hillclimb,-1,202,96,0.2664,0.25875
1,test_ba_50_03,ba,50,hillclimb,-1,202,192,0.2765,0.269025
1,test_ba_50_03,ba,50,hillclimb,-1,303,96,0.2777,0.270925
1,test_ba_50_03,ba,50,hillclimb,-1,303,192,0.2819,0.2689125
1,test_ba_50_03,ba,50,log_mse,17,101,96,0.2676,0.2659
1,test_ba_50_03,ba,50,log_mse,17,101,192,0.287,0.2843625
1,test_ba_50_03,ba,50,log_mse,17,202,96,0.2676,0.2675375
1,test_ba_50_03,ba,50,log_mse,17,202,192,0.2861,0.2720875
1,test_ba_50_03,ba,50,log_mse,17,303,96,0.2671,0.264
1,test_ba_50_03,ba,50,log_mse,17,303,192,0.2817,0.2768375
1,test_ba_50_03,ba,50,log_mse,23,101,96,0.271,0.263525
1,test_ba_50_03,ba,50,log_mse,23,101,192,0.2783,0.2739625
1,test_ba_50_03,ba,50,log_mse,23,202,96,0.272,0.2682
1,test_ba_50_03,ba,50,log_mse,23,202,192,0.2787,0.276875
1,test_ba_50_03,ba,50,log_mse,23,303,96,0.2682,0.267175
1,test_ba_50_03,ba,50,log_mse,23,303,192,0.2811,0.2707625
1,test_ba_50_03,ba,50,mse,17,101,96,0.2658,0.2691875
1,test_ba_50_03,ba,50,mse,17,101,192,0.2752,0.2665125
1,test_ba_50_03,ba,50,mse,17,202,96,0.2685,0.2652625
1,test_ba_50_03,ba,50,mse,17,202,192,0.276,0.2704625
1,test_ba_50_03,ba,50,mse,17,303,96,0.2776,0.2764125
1,test_ba_50_03,ba,50,mse,17,303,192,0.2843,0.2805125
1,test_ba_50_03,ba,50,mse,23,101,96,0.2654,0.268675
1,test_ba_50_03,ba,50,mse,23,101,192,0.2739,0.2673125
1,test_ba_50_03,ba,50,mse,23,202,96,0.2649,0.2642875
1,test_ba_50_03,ba,50,mse,23,202,192,0.2737,0.2714875
1,test_ba_50_03,ba,50,mse,23,303,96,0.2652,0.2628125
1,test_ba_50_03,ba,50,mse,23,303,192,0.2759,0.26955
1,test_ba_50_03,ba,50,pool_random,-1,101,96,0.2492,0.24665
1,test_ba_50_03,ba,50,pool_random,-1,101,192,0.2598,0.2579625
1,test_ba_50_03,ba,50,pool_random,-1,202,96,0.255,0.2561125
1,test_ba_50_03,ba,50,pool_random,-1,202,192,0.2664,0.262275
1,test_ba_50_03,ba,50,pool_random,-1,303,96,0.2534,0.2520375
1,test_ba_50_03,ba,50,pool_random,-1,303,192,0.2675,0.26155
1,test_ba_50_03,ba,50,random,-1,101,96,0.2594,0.25115
1,test_ba_50_03,ba,50,random,-1,101,192,0.2594,0.25115
1,test_ba_50_03,ba,50,random,-1,202,96,0.2461,0.2479625
1,test_ba_50_03,ba,50,random,-1,202,192,0.2502,0.249625
1,test_ba_50_03,ba,50,random,-1,303,96,0.2468,0.2501875
1,test_ba_50_03,ba,50,random,-1,303,192,0.2511,0.2484625
1,test_ba_50_03,ba,50,ranknet,17,101,96,0.2756,0.2720375
1,test_ba_50_03,ba,50,ranknet,17,101,192,0.2879,0.284525
1,test_ba_50_03,ba,50,ranknet,17,202,96,0.2792,0.2773125
1,test_ba_50_03,ba,50,ranknet,17,202,192,0.2883,0.2837625
1,test_ba_50_03,ba,50,ranknet,17,303,96,0.2741,0.2747
1,test_ba_50_03,ba,50,ranknet,17,303,192,0.2856,0.2862375
1,test_ba_50_03,ba,50,ranknet,23,101,96,0.2764,0.2773125
1,test_ba_50_03,ba,50,ranknet,23,101,192,0.2904,0.2824375
1,test_ba_50_03,ba,50,ranknet,23,202,96,0.2729,0.27145
1,test_ba_50_03,ba,50,ranknet,23,202,192,0.2834,0.2815375
1,test_ba_50_03,ba,50,ranknet,23,303,96,0.2739,0.2765125
1,test_ba_50_03,ba,50,ranknet,23,303,192,0.2862,0.2874
1,test_ba_50_04,ba,50,ea,-1,101,96,0.2345,0.22765
1,test_ba_50_04,ba,50,ea,-1,101,192,0.2444,0.2434625
1,test_ba_50_04,ba,50,ea,-1,202,96,0.2313,0.230725
1,test_ba_50_04,ba,50,ea,-1,202,192,0.2348,0.2354875
1,test_ba_50_04,ba,50,ea,-1,303,96,0.2372,0.23345
1,test_ba_50_04,ba,50,ea,-1,303,192,0.2415,0.2335375
1,test_ba_50_04,ba,50,global_log_mse,17,101,96,0.2455,0.241675
1,test_ba_50_04,ba,50,global_log_mse,17,101,192,0.2569,0.249375
1,test_ba_50_04,ba,50,global_log_mse,17,202,96,0.2414,0.238425
1,test_ba_50_04,ba,50,global_log_mse,17,202,192,0.2562,0.253475
1,test_ba_50_04,ba,50,global_log_mse,17,303,96,0.2473,0.2389625
1,test_ba_50_04,ba,50,global_log_mse,17,303,192,0.2524,0.2505625
1,test_ba_50_04,ba,50,global_log_mse,23,101,96,0.2526,0.2496875
1,test_ba_50_04,ba,50,global_log_mse,23,101,192,0.2559,0.250675
1,test_ba_50_04,ba,50,global_log_mse,23,202,96,0.2411,0.2439375
1,test_ba_50_04,ba,50,global_log_mse,23,202,192,0.248,0.242275
1,test_ba_50_04,ba,50,global_log_mse,23,303,96,0.2324,0.233175
1,test_ba_50_04,ba,50,global_log_mse,23,303,192,0.2453,0.2429875
1,test_ba_50_04,ba,50,global_mse,17,101,96,0.2439,0.2415125
1,test_ba_50_04,ba,50,global_mse,17,101,192,0.2514,0.24905
1,test_ba_50_04,ba,50,global_mse,17,202,96,0.2448,0.23805
1,test_ba_50_04,ba,50,global_mse,17,202,192,0.2499,0.249075
1,test_ba_50_04,ba,50,global_mse,17,303,96,0.253,0.2458
1,test_ba_50_04,ba,50,global_mse,17,303,192,0.253,0.2458
1,test_ba_50_04,ba,50,global_mse,23,101,96,0.2525,0.2506625
1,test_ba_50_04,ba,50,global_mse,23,101,192,0.2579,0.2566375
1,test_ba_50_04,ba,50,global_mse,23,202,96,0.243,0.2375375
1,test_ba_50_04,ba,50,global_mse,23,202,192,0.2576,0.25555
1,test_ba_50_04,ba,50,global_mse,23,303,96,0.237,0.237875
1,test_ba_50_04,ba,50,global_mse,23,303,192,0.2447,0.24165
1,test_ba_50_04,ba,50,hillclimb,-1,101,96,0.2397,0.2296625
1,test_ba_50_04,ba,50,hillclimb,-1,101,192,0.2511,0.241375
1,test_ba_50_04,ba,50,hillclimb,-1,202,96,0.2445,0.2414625
1,test_ba_50_04,ba,50,hillclimb,-1,202,192,0.2555,0.245375
1,test_ba_50_04,ba,50,hillclimb,-1,303,96,0.2439,0.2328625
1,test_ba_50_04,ba,50,hillclimb,-1,303,192,0.2477,0.241175
1,test_ba_50_04,ba,50,log_mse,17,101,96,0.2383,0.240725
1,test_ba_50_04,ba,50,log_mse,17,101,192,0.2596,0.2546375
1,test_ba_50_04,ba,50,log_mse,17,202,96,0.2441,0.2447125
1,test_ba_50_04,ba,50,log_mse,17,202,192,0.255,0.249375
1,test_ba_50_04,ba,50,log_mse,17,303,96,0.2348,0.2296625
1,test_ba_50_04,ba,50,log_mse,17,303,192,0.2491,0.2434
1,test_ba_50_04,ba,50,log_mse,23,101,96,0.2413,0.24065
1,test_ba_50_04,ba,50,log_mse,23,101,192,0.2532,0.2462375
1,test_ba_50_04,ba,50,log_mse,23,202,96,0.2349,0.2301625
1,test_ba_50_04,ba,50,log_mse,23,202,192,0.2568,0.247225
1,test_ba_50_04,ba,50,log_mse,23,303,96,0.2413,0.23625
1,test_ba_50_04,ba,50,log_mse,23,303,192,0.2542,0.2523375
1,test_ba_50_04,ba,50,mse,17,101,96,0.25,0.2426625
1,test_ba_50_04,ba,50,mse,17,101,192,0.2547,0.2539125
1,test_ba_50_04,ba,50,mse,17,202,96,0.2353,0.233575
1,test_ba_50_04,ba,50,mse,17,202,192,0.2382,0.2330375
1,test_ba_50_04,ba,50,mse,17,303,96,0.2368,0.2374125
1,test_ba_50_04,ba,50,mse,17,303,192,0.2617,0.250575
1,test_ba_50_04,ba,50,mse,23,101,96,0.2471,0.2438875
1,test_ba_50_04,ba,50,mse,23,101,192,0.2576,0.2593125
1,test_ba_50_04,ba,50,mse,23,202,96,0.2286,0.2300625
1,test_ba_50_04,ba,50,mse,23,202,192,0.2471,0.247775
1,test_ba_50_04,ba,50,mse,23,303,96,0.242,0.2457625
1,test_ba_50_04,ba,50,mse,23,303,192,0.2576,0.2559375
1,test_ba_50_04,ba,50,pool_random,-1,101,96,0.231,0.2255625
1,test_ba_50_04,ba,50,pool_random,-1,101,192,0.2345,0.232875
1,test_ba_50_04,ba,50,pool_random,-1,202,96,0.2375,0.2316875
1,test_ba_50_04,ba,50,pool_random,-1,202,192,0.2444,0.239675
1,test_ba_50_04,ba,50,pool_random,-1,303,96,0.2308,0.2306625
1,test_ba_50_04,ba,50,pool_random,-1,303,192,0.2324,0.2265125
1,test_ba_50_04,ba,50,random,-1,101,96,0.2281,0.2305
1,test_ba_50_04,ba,50,random,-1,101,192,0.2304,0.233075
1,test_ba_50_04,ba,50,random,-1,202,96,0.2254,0.230425
1,test_ba_50_04,ba,50,random,-1,202,192,0.2295,0.223925
1,test_ba_50_04,ba,50,random,-1,303,96,0.2351,0.22845
1,test_ba_50_04,ba,50,random,-1,303,192,0.2351,0.22845
1,test_ba_50_04,ba,50,ranknet,17,101,96,0.2461,0.24355
1,test_ba_50_04,ba,50,ranknet,17,101,192,0.26,0.2595625
1,test_ba_50_04,ba,50,ranknet,17,202,96,0.251,0.2444625
1,test_ba_50_04,ba,50,ranknet,17,202,192,0.2585,0.2485375
1,test_ba_50_04,ba,50,ranknet,17,303,96,0.2456,0.237875
1,test_ba_50_04,ba,50,ranknet,17,303,192,0.2563,0.2486375
1,test_ba_50_04,ba,50,ranknet,23,101,96,0.2564,0.254675
1,test_ba_50_04,ba,50,ranknet,23,101,192,0.2635,0.2557875
1,test_ba_50_04,ba,50,ranknet,23,202,96,0.2482,0.24275
1,test_ba_50_04,ba,50,ranknet,23,202,192,0.2547,0.2531
1,test_ba_50_04,ba,50,ranknet,23,303,96,0.2544,0.251175
1,test_ba_50_04,ba,50,ranknet,23,303,192,0.2663,0.260575
1,test_ba_50_05,ba,50,ea,-1,101,96,0.2599,0.2543375
1,test_ba_50_05,ba,50,ea,-1,101,192,0.2674,0.26675
1,test_ba_50_05,ba,50,ea,-1,202,96,0.2593,0.254275
1,test_ba_50_05,ba,50,ea,-1,202,192,0.2659,0.2621125
1,test_ba_50_05,ba,50,ea,-1,303,96,0.2601,0.250525
1,test_ba_50_05,ba,50,ea,-1,303,192,0.2721,0.2666375
1,test_ba_50_05,ba,50,global_log_mse,17,101,96,0.2792,0.27425
1,test_ba_50_05,ba,50,global_log_mse,17,101,192,0.2846,0.2820625
1,test_ba_50_05,ba,50,global_log_mse,17,202,96,0.2777,0.2736375
1,test_ba_50_05,ba,50,global_log_mse,17,202,192,0.2865,0.2776375
1,test_ba_50_05,ba,50,global_log_mse,17,303,96,0.2805,0.277725
1,test_ba_50_05,ba,50,global_log_mse,17,303,192,0.2951,0.280625
1,test_ba_50_05,ba,50,global_log_mse,23,101,96,0.2713,0.2701
1,test_ba_50_05,ba,50,global_log_mse,23,101,192,0.2867,0.2768125
1,test_ba_50_05,ba,50,global_log_mse,23,202,96,0.2682,0.2708375
1,test_ba_50_05,ba,50,global_log_mse,23,202,192,0.2782,0.2767625
1,test_ba_50_05,ba,50,global_log_mse,23,303,96,0.2711,0.2662125
1,test_ba_50_05,ba,50,global_log_mse,23,303,192,0.2838,0.2758875
1,test_ba_50_05,ba,50,global_mse,17,101,96,0.2738,0.266525
1,test_ba_50_05,ba,50,global_mse,17,101,192,0.2857,0.2786875
1,test_ba_50_05,ba,50,global_mse,17,202,96,0.2701,0.2694875
1,test_ba_50_05,ba,50,global_mse,17,202,192,0.2786,0.272025
1,test_ba_50_05,ba,50,global_mse,17,303,96,0.271,0.267025
1,test_ba_50_05,ba,50,global_mse,17,303,192,0.2817,0.273425
1,test_ba_50_05,ba,50,global_mse,23,101,96,0.2659,0.259975
1,test_ba_50_05,ba,50,global_mse,23,101,192,0.2794,0.2772875
1,test_ba_50_05,ba,50,global_mse,23,202,96,0.2755,0.27265
1,test_ba_50_05,ba,50,global_mse,23,202,192,0.2861,0.2814375
1,test_ba_50_05,ba,50,global_mse,23,303,96,0.2702,0.2711875
1,test_ba_50_05,ba,50,global_mse,23,303,192,0.2818,0.2781
1,test_ba_50_05,ba,50,hillclimb,-1,101,96,0.2609,0.2548625
1,test_ba_50_05,ba,50,hillclimb,-1,101,192,0.2751,0.2598625
1,test_ba_50_05,ba,50,hillclimb,-1,202,96,0.2709,0.2659375
1,test_ba_50_05,ba,50,hillclimb,-1,202,192,0.286,0.27535
1,test_ba_50_05,ba,50,hillclimb,-1,303,96,0.2739,0.2702
1,test_ba_50_05,ba,50,hillclimb,-1,303,192,0.2815,0.2704
1,test_ba_50_05,ba,50,log_mse,17,101,96,0.2736,0.2668125
1,test_ba_50_05,ba,50,log_mse,17,101,192,0.2827,0.2789375
1,test_ba_50_05,ba,50,log_mse,17,202,96,0.2696,0.2659
1,test_ba_50_05,ba,50,log_mse,17,202,192,0.2766,0.2710875
1,test_ba_50_05,ba,50,log_mse,17,303,96,0.2803,0.2736625
1,test_ba_50_05,ba,50,log_mse,17,303,192,0.2851,0.2778125
1,test_ba_50_05,ba,50,log_mse,23,101,96,0.2744,0.2702125
1,test_ba_50_05,ba,50,log_mse,23,101,192,0.286,0.277175
1,test_ba_50_05,ba,50,log_mse,23,202,96,0.2717,0.2731875
1,test_ba_50_05,ba,50,log_mse,23,202,192,0.2807,0.2799875
1,test_ba_50_05,ba,50,log_mse,23,303,96,0.2756,0.2728375
1,test_ba_50_05,ba,50,log_mse,23,303,192,0.2793,0.2719
1,test_ba_50_05,ba,50,mse,17,101,96,0.2769,0.2752
1,test_ba_50_05,ba,50,mse,17,101,192,0.2829,0.276075
1,test_ba_50_05,ba,50,mse,17,202,96,0.2714,0.272875
1,test_ba_50_05,ba,50,mse,17,202,192,0.2825,0.27865
1,test_ba_50_05,ba,50,mse,17,303,96,0.2697,0.2684875
1,test_ba_50_05,ba,50,mse,17,303,192,0.2768,0.269925
1,test_ba_50_05,ba,50,mse,23,101,96,0.2794,0.273825
1,test_ba_50_05,ba,50,mse,23,101,192,0.2895,0.2858875
1,test_ba_50_05,ba,50,mse,23,202,96,0.2725,0.2678875
1,test_ba_50_05,ba,50,mse,23,202,192,0.2799,0.2715
1,test_ba_50_05,ba,50,mse,23,303,96,0.2782,0.2777625
1,test_ba_50_05,ba,50,mse,23,303,192,0.2825,0.281275
1,test_ba_50_05,ba,50,pool_random,-1,101,96,0.2616,0.2588875
1,test_ba_50_05,ba,50,pool_random,-1,101,192,0.2674,0.2635
1,test_ba_50_05,ba,50,pool_random,-1,202,96,0.2513,0.249875
1,test_ba_50_05,ba,50,pool_random,-1,202,192,0.2618,0.2590125
1,test_ba_50_05,ba,50,pool_random,-1,303,96,0.2589,0.2597125
1,test_ba_50_05,ba,50,pool_random,-1,303,192,0.2708,0.26005
1,test_ba_50_05,ba,50,random,-1,101,96,0.2536,0.2452125
1,test_ba_50_05,ba,50,random,-1,101,192,0.2536,0.2452125
1,test_ba_50_05,ba,50,random,-1,202,96,0.2565,0.2490625
1,test_ba_50_05,ba,50,random,-1,202,192,0.2565,0.2490625
1,test_ba_50_05,ba,50,random,-1,303,96,0.253,0.2480875
1,test_ba_50_05,ba,50,random,-1,303,192,0.2595,0.25455
1,test_ba_50_05,ba,50,ranknet,17,101,96,0.2769,0.2735125
1,test_ba_50_05,ba,50,ranknet,17,101,192,0.2928,0.2887375
1,test_ba_50_05,ba,50,ranknet,17,202,96,0.2727,0.2706375
1,test_ba_50_05,ba,50,ranknet,17,202,192,0.2807,0.27595
1,test_ba_50_05,ba,50,ranknet,17,303,96,0.2764,0.27455
1,test_ba_50_05,ba,50,ranknet,17,303,192,0.2887,0.2796875
1,test_ba_50_05,ba,50,ranknet,23,101,96,0.2764,0.2719875
1,test_ba_50_05,ba,50,ranknet,23,101,192,0.278,0.27965
1,test_ba_50_05,ba,50,ranknet,23,202,96,0.2763,0.2738
1,test_ba_50_05,ba,50,ranknet,23,202,192,0.2922,0.283125
1,test_ba_50_05,ba,50,ranknet,23,303,96,0.2747,0.27555
1,test_ba_50_05,ba,50,ranknet,23,303,192,0.2886,0.28135
1,test_ba_50_06,ba,50,ea,-1,101,96,0.2921,0.28755
1,test_ba_50_06,ba,50,ea,-1,101,192,0.2993,0.29135
1,test_ba_50_06,ba,50,ea,-1,202,96,0.2959,0.291625
1,test_ba_50_06,ba,50,ea,-1,202,192,0.2979,0.28515
1,test_ba_50_06,ba,50,ea,-1,303,96,0.2932,0.29395
1,test_ba_50_06,ba,50,ea,-1,303,192,0.2996,0.2978625
1,test_ba_50_06,ba,50,global_log_mse,17,101,96,0.3124,0.3066
1,test_ba_50_06,ba,50,global_log_mse,17,101,192,0.3155,0.307575
1,test_ba_50_06,ba,50,global_log_mse,17,202,96,0.3132,0.3091875
1,test_ba_50_06,ba,50,global_log_mse,17,202,192,0.323,0.31235
1,test_ba_50_06,ba,50,global_log_mse,17,303,96,0.3091,0.3037375
1,test_ba_50_06,ba,50,global_log_mse,17,303,192,0.3252,0.315275
1,test_ba_50_06,ba,50,global_log_mse,23,101,96,0.3089,0.3052125
1,test_ba_50_06,ba,50,global_log_mse,23,101,192,0.3165,0.31075
1,test_ba_50_06,ba,50,global_log_mse,23,202,96,0.3092,0.3047875
1,test_ba_50_06,ba,50,global_log_mse,23,202,192,0.3205,0.3079625
1,test_ba_50_06,ba,50,global_log_mse,23,303,96,0.3057,0.30685
1,test_ba_50_06,ba,50,global_log_mse,23,303,192,0.3171,0.309125
1,test_ba_50_06,ba,50,global_mse,17,101,96,0.304,0.300775
1,test_ba_50_06,ba,50,global_mse,17,101,192,0.3138,0.3083625
1,test_ba_50_06,ba,50,global_mse,17,202,96,0.298,0.2939125
1,test_ba_50_06,ba,50,global_mse,17,202,192,0.3078,0.30055
1,test_ba_50_06,ba,50,global_mse,17,303,96,0.3115,0.307725
1,test_ba_50_06,ba,50,global_mse,17,303,192,0.3193,0.3099
1,test_ba_50_06,ba,50,global_mse,23,101,96,0.2979,0.2916
1,test_ba_50_06,ba,50,global_mse,23,101,192,0.3109,0.3005625
1,test_ba_50_06,ba,50,global_mse,23,202,96,0.3076,0.30085
1,test_ba_50_06,ba,50,global_mse,23,202,192,0.3171,0.3101875
1,test_ba_50_06,ba,50,global_mse,23,303,96,0.3138,0.3061125
1,test_ba_50_06,ba,50,global_mse,23,303,192,0.319,0.3126125
1,test_ba_50_06,ba,50,hillclimb,-1,101,96,0.2998,0.29395
1,test_ba_50_06,ba,50,hillclimb,-1,101,192,0.3084,0.301625
1,test_ba_50_06,ba,50,hillclimb,-1,202,96,0.3103,0.2981875
1,test_ba_50_06,ba,50,hillclimb,-1,202,192,0.3105,0.2996125
1,test_ba_50_06,ba,50,hillclimb,-1,303,96,0.2935,0.28885
1,test_ba_50_06,ba,50,hillclimb,-1,303,192,0.3056,0.2948625
1,test_ba_50_06,ba,50,log_mse,17,101,96,0.3134,0.304525
1,test_ba_50_06,ba,50,log_mse,17,101,192,0.3178,0.306125
1,test_ba_50_06,ba,50,log_mse,17,202,96,0.311,0.300025
1,test_ba_50_06,ba,50,log_mse,17,202,192,0.3145,0.306925
1,test_ba_50_06,ba,50,log_mse,17,303,96,0.3069,0.304125
1,test_ba_50_06,ba,50,log_mse,17,303,192,0.3174,0.306975
1,test_ba_50_06,ba,50,log_mse,23,101,96,0.3119,0.3084375
1,test_ba_50_06,ba,50,log_mse,23,101,192,0.3203,0.3123125
1,test_ba_50_06,ba,50,log_mse,23,202,96,0.307,0.30235
1,test_ba_50_06,ba,50,log_mse,23,202,192,0.3149,0.306775
1,test_ba_50_06,ba,50,log_mse,23,303,96,0.3048,0.2991375
1,test_ba_50_06,ba,50,log_mse,23,303,192,0.3181,0.318025
1,test_ba_50_06,ba,50,mse,17,101,96,0.3028,0.296375
1,test_ba_50_06,ba,50,mse,17,101,192,0.3067,0.3042375
1,test_ba_50_06,ba,50,mse,17,202,96,0.3042,0.3010375
1,test_ba_50_06,ba,50,mse,17,202,192,0.3117,0.3090875
1,test_ba_50_06,ba,50,mse,17,303,96,0.3027,0.2972
1,test_ba_50_06,ba,50,mse,17,303,192,0.3121,0.3115
1,test_ba_50_06,ba,50,mse,23,101,96,0.3023,0.2981375
1,test_ba_50_06,ba,50,mse,23,101,192,0.3082,0.302125
1,test_ba_50_06,ba,50,mse,23,202,96,0.3079,0.300875
1,test_ba_50_06,ba,50,mse,23,202,192,0.316,0.3106375
1,test_ba_50_06,ba,50,mse,23,303,96,0.304,0.3043
1,test_ba_50_06,ba,50,mse,23,303,192,0.3154,0.3082
1,test_ba_50_06,ba,50,pool_random,-1,101,96,0.2921,0.2902
1,test_ba_50_06,ba,50,pool_random,-1,101,192,0.2969,0.2900875
1,test_ba_50_06,ba,50,pool_random,-1,202,96,0.2945,0.2915375
1,test_ba_50_06,ba,50,pool_random,-1,202,192,0.2984,0.28305
1,test_ba_50_06,ba,50,pool_random,-1,303,96,0.2951,0.2918
1,test_ba_50_06,ba,50,pool_random,-1,303,192,0.3016,0.299525
1,test_ba_50_06,ba,50,random,-1,101,96,0.2877,0.285
1,test_ba_50_06,ba,50,random,-1,101,192,0.2902,0.2873875
1,test_ba_50_06,ba,50,random,-1,202,96,0.2929,0.2927
1,test_ba_50_06,ba,50,random,-1,202,192,0.2929,0.2927
1,test_ba_50_06,ba,50,random,-1,303,96,0.2901,0.2863625
1,test_ba_50_06,ba,50,random,-1,303,192,0.3002,0.288925
1,test_ba_50_06,ba,50,ranknet,17,101,96,0.3035,0.2982375
1,test_ba_50_06,ba,50,ranknet,17,101,192,0.3127,0.3044625
1,test_ba_50_06,ba,50,ranknet,17,202,96,0.3019,0.2945125
1,test_ba_50_06,ba,50,ranknet,17,202,192,0.3108,0.30715
1,test_ba_50_06,ba,50,ranknet,17,303,96,0.3105,0.3068625
1,test_ba_50_06,ba,50,ranknet,17,303,192,0.3184,0.3174125
1,test_ba_50_06,ba,50,ranknet,23,101,96,0.3088,0.3008625
1,test_ba_50_06,ba,50,ranknet,23,101,192,0.3174,0.3087375
1,test_ba_50_06,ba,50,ranknet,23,202,96,0.3109,0.3071125
1,test_ba_50_06,ba,50,ranknet,23,202,192,0.3188,0.30735
1,test_ba_50_06,ba,50,ranknet,23,303,96,0.315,0.3037875
1,test_ba_50_06,ba,50,ranknet,23,303,192,0.3173,0.3081
1,test_ba_50_07,ba,50,ea,-1,101,96,0.2442,0.2394875
1,test_ba_50_07,ba,50,ea,-1,101,192,0.2485,0.2470375
1,test_ba_50_07,ba,50,ea,-1,202,96,0.2385,0.237175
1,test_ba_50_07,ba,50,ea,-1,202,192,0.2506,0.241775
1,test_ba_50_07,ba,50,ea,-1,303,96,0.2411,0.2413875
1,test_ba_50_07,ba,50,ea,-1,303,192,0.2454,0.2449875
1,test_ba_50_07,ba,50,global_log_mse,17,101,96,0.2558,0.2510625
1,test_ba_50_07,ba,50,global_log_mse,17,101,192,0.2649,0.26175
1,test_ba_50_07,ba,50,global_log_mse,17,202,96,0.2654,0.2576625
1,test_ba_50_07,ba,50,global_log_mse,17,202,192,0.2757,0.2701375
1,test_ba_50_07,ba,50,global_log_mse,17,303,96,0.2543,0.2499875
1,test_ba_50_07,ba,50,global_log_mse,17,303,192,0.263,0.255325
1,test_ba_50_07,ba,50,global_log_mse,23,101,96,0.2442,0.2443375
1,test_ba_50_07,ba,50,global_log_mse,23,101,192,0.265,0.2603375
1,test_ba_50_07,ba,50,global_log_mse,23,202,96,0.2573,0.2540375
1,test_ba_50_07,ba,50,global_log_mse,23,202,192,0.2689,0.262525
1,test_ba_50_07,ba,50,global_log_mse,23,303,96,0.2586,0.2554125
1,test_ba_50_07,ba,50,global_log_mse,23,303,192,0.2655,0.26065
1,test_ba_50_07,ba,50,global_mse,17,101,96,0.2567,0.2514625
1,test_ba_50_07,ba,50,global_mse,17,101,192,0.2677,0.2606875
1,test_ba_50_07,ba,50,global_mse,17,202,96,0.2569,0.2558125
1,test_ba_50_07,ba,50,global_mse,17,202,192,0.2743,0.2671625
1,test_ba_50_07,ba,50,global_mse,17,303,96,0.2671,0.255675
1,test_ba_50_07,ba,50,global_mse,17,303,192,0.2682,0.2585375
1,test_ba_50_07,ba,50,global_mse,23,101,96,0.251,0.2482
1,test_ba_50_07,ba,50,global_mse,23,101,192,0.2671,0.25465
1,test_ba_50_07,ba,50,global_mse,23,202,96,0.2643,0.268775
1,test_ba_50_07,ba,50,global_mse,23,202,192,0.2718,0.26705
1,test_ba_50_07,ba,50,global_mse,23,303,96,0.2568,0.24985
1,test_ba_50_07,ba,50,global_mse,23,303,192,0.2699,0.2652625
1,test_ba_50_07,ba,50,hillclimb,-1,101,96,0.2605,0.2503625
1,test_ba_50_07,ba,50,hillclimb,-1,101,192,0.2665,0.2510625
1,test_ba_50_07,ba,50,hillclimb,-1,202,96,0.2447,0.2398375
1,test_ba_50_07,ba,50,hillclimb,-1,202,192,0.2507,0.2435375
1,test_ba_50_07,ba,50,hillclimb,-1,303,96,0.2512,0.244025
1,test_ba_50_07,ba,50,hillclimb,-1,303,192,0.2586,0.2499375
1,test_ba_50_07,ba,50,log_mse,17,101,96,0.2611,0.2617125
1,test_ba_50_07,ba,50,log_mse,17,101,192,0.2729,0.267275
1,test_ba_50_07,ba,50,log_mse,17,202,96,0.2466,0.2422125
1,test_ba_50_07,ba,50,log_mse,17,202,192,0.2605,0.2568375
1,test_ba_50_07,ba,50,log_mse,17,303,96,0.2556,0.252425
1,test_ba_50_07,ba,50,log_mse,17,303,192,0.2677,0.2638875
1,test_ba_50_07,ba,50,log_mse,23,101,96,0.2586,0.258775
1,test_ba_50_07,ba,50,log_mse,23,101,192,0.2691,0.2663
1,test_ba_50_07,ba,50,log_mse,23,202,96,0.2567,0.24995
1,test_ba_50_07,ba,50,log_mse,23,202,192,0.2633,0.2577375
1,test_ba_50_07,ba,50,log_mse,23,303,96,0.2515,0.2513875
1,test_ba_50_07,ba,50,log_mse,23,303,192,0.2611,0.258275
1,test_ba_50_07,ba,50,mse,17,101,96,0.2594,0.2531
1,test_ba_50_07,ba,50,mse,17,101,192,0.2663,0.2574375
1,test_ba_50_07,ba,50,mse,17,202,96,0.2572,0.2546625
1,test_ba_50_07,ba,50,mse,17,202,192,0.2612,0.25615
1,test_ba_50_07,ba,50,mse,17,303,96,0.2428,0.24375
1,test_ba_50_07,ba,50,mse,17,303,192,0.2589,0.25425
1,test_ba_50_07,ba,50,mse,23,101,96,0.2554,0.2595625
1,test_ba_50_07,ba,50,mse,23,101,192,0.2693,0.2634625
1,test_ba_50_07,ba,50,mse,23,202,96,0.2447,0.23945
1,test_ba_50_07,ba,50,mse,23,202,192,0.2536,0.2580125
1,test_ba_50_07,ba,50,mse,23,303,96,0.2587,0.2514875
1,test_ba_50_07,ba,50,mse,23,303,192,0.2652,0.2582
1,test_ba_50_07,ba,50,pool_random,-1,101,96,0.2428,0.2422
1,test_ba_50_07,ba,50,pool_random,-1,101,192,0.249,0.2453875
1,test_ba_50_07,ba,50,pool_random,-1,202,96,0.238,0.2312625
1,test_ba_50_07,ba,50,pool_random,-1,202,192,0.2428,0.2373
1,test_ba_50_07,ba,50,pool_random,-1,303,96,0.2389,0.235025
1,test_ba_50_07,ba,50,pool_random,-1,303,192,0.2482,0.2437375
1,test_ba_50_07,ba,50,random,-1,101,96,0.2377,0.2363875
1,test_ba_50_07,ba,50,random,-1,101,192,0.2402,0.240775
1,test_ba_50_07,ba,50,random,-1,202,96,0.2386,0.2353125
1,test_ba_50_07,ba,50,random,-1,202,192,0.2386,0.2353125
1,test_ba_50_07,ba,50,random,-1,303,96,0.2339,0.237075
1,test_ba_50_07,ba,50,random,-1,303,192,0.2428,0.240225
1,test_ba_50_07,ba,50,ranknet,17,101,96,0.2601,0.2636
1,test_ba_50_07,ba,50,ranknet,17,101,192,0.2705,0.263975
1,test_ba_50_07,ba,50,ranknet,17,202,96,0.2636,0.261475
1,test_ba_50_07,ba,50,ranknet,17,202,192,0.2774,0.274325
1,test_ba_50_07,ba,50,ranknet,17,303,96,0.2556,0.2545625
1,test_ba_50_07,ba,50,ranknet,17,303,192,0.2629,0.25835
1,test_ba_50_07,ba,50,ranknet,23,101,96,0.2603,0.2559875
1,test_ba_50_07,ba,50,ranknet,23,101,192,0.2648,0.261025
1,test_ba_50_07,ba,50,ranknet,23,202,96,0.262,0.259675
1,test_ba_50_07,ba,50,ranknet,23,202,192,0.2701,0.2608625
1,test_ba_50_07,ba,50,ranknet,23,303,96,0.2475,0.2446625
1,test_ba_50_07,ba,50,ranknet,23,303,192,0.2667,0.262975
1,test_er_100_00,er,100,ea,-1,101,96,0.326775,0.3229875
1,test_er_100_00,er,100,ea,-1,101,192,0.32815,0.324409375
1,test_er_100_00,er,100,ea,-1,202,96,0.320875,0.31578125
1,test_er_100_00,er,100,ea,-1,202,192,0.32685,0.319434375
1,test_er_100_00,er,100,ea,-1,303,96,0.315825,0.3086
1,test_er_100_00,er,100,ea,-1,303,192,0.32015,0.312978125
1,test_er_100_00,er,100,global_log_mse,17,101,96,0.325825,0.32524375
1,test_er_100_00,er,100,global_log_mse,17,101,192,0.333525,0.33153125
1,test_er_100_00,er,100,global_log_mse,17,202,96,0.332375,0.3242375
1,test_er_100_00,er,100,global_log_mse,17,202,192,0.3361,0.33063125
1,test_er_100_00,er,100,global_log_mse,17,303,96,0.3215,0.318490625
1,test_er_100_00,er,100,global_log_mse,17,303,192,0.326275,0.32293125
1,test_er_100_00,er,100,global_log_mse,23,101,96,0.3274,0.32588125
1,test_er_100_00,er,100,global_log_mse,23,101,192,0.33705,0.331403125
1,test_er_100_00,er,100,global_log_mse,23,202,96,0.323175,0.318659375
1,test_er_100_00,er,100,global_log_mse,23,202,192,0.335625,0.324903125
1,test_er_100_00,er,100,global_log_mse,23,303,96,0.323025,0.3213125
1,test_er_100_00,er,100,global_log_mse,23,303,192,0.334325,0.329540625
1,test_er_100_00,er,100,global_mse,17,101,96,0.329825,0.327709375
1,test_er_100_00,er,100,global_mse,17,101,192,0.3352,0.327915625
1,test_er_100_00,er,100,global_mse,17,202,96,0.333275,0.32841875
1,test_er_100_00,er,100,global_mse,17,202,192,0.3335,0.33320625
1,test_er_100_00,er,100,global_mse,17,303,96,0.32835,0.32031875
1,test_er_100_00,er,100,global_mse,17,303,192,0.3353,0.324009375
1,test_er_100_00,er,100,global_mse,23,101,96,0.330375,0.3299
1,test_er_100_00,er,100,global_mse,23,101,192,0.3385,0.327725
1,test_er_100_00,er,100,global_mse,23,202,96,0.323475,0.319153125
1,test_er_100_00,er,100,global_mse,23,202,192,0.33045,0.32136875
1,test_er_100_00,er,100,global_mse,23,303,96,0.335375,0.329765625
1,test_er_100_00,er,100,global_mse,23,303,192,0.3379,0.328640625
1,test_er_100_00,er,100,hillclimb,-1,101,96,0.3284,0.321646875
1,test_er_100_00,er,100,hillclimb,-1,101,192,0.33155,0.32564375
1,test_er_100_00,er,100,hillclimb,-1,202,96,0.327125,0.324440625
1,test_er_100_00,er,100,hillclimb,-1,202,192,0.33125,0.32409375
1,test_er_100_00,er,100,hillclimb,-1,303,96,0.3233,0.315778125
1,test_er_100_00,er,100,hillclimb,-1,303,192,0.329575,0.320378125
1,test_er_100_00,er,100,log_mse,17,101,96,0.322725,0.3185375
1,test_er_100_00,er,100,log_mse,17,101,192,0.332875,0.3268625
1,test_er_100_00,er,100,log_mse,17,202,96,0.3258,0.3224125
1,test_er_100_00,er,100,log_mse,17,202,192,0.3322,0.3264125
1,test_er_100_00,er,100,log_mse,17,303,96,0.326425,0.3249375
1,test_er_100_00,er,100,log_mse,17,303,192,0.335325,0.3265125
1,test_er_100_00,er,100,log_mse,23,101,96,0.3268,0.3236125
1,test_er_100_00,er,100,log_mse,23,101,192,0.33405,0.328946875
1,test_er_100_00,er,100,log_mse,23,202,96,0.3325,0.326871875
1,test_er_100_00,er,100,log_mse,23,202,192,0.34075,0.331621875
1,test_er_100_00,er,100,log_mse,23,303,96,0.32675,0.322275
1,test_er_100_00,er,100,log_mse,23,303,192,0.33305,0.328934375
1,test_er_100_00,er,100,mse,17,101,96,0.32925,0.32678125
1,test_er_100_00,er,100,mse,17,101,192,0.334725,0.32493125
1,test_er_100_00,er,100,mse,17,202,96,0.32835,0.325278125
1,test_er_100_00,er,100,mse,17,202,192,0.3333,0.32696875
1,test_er_100_00,er,100,mse,17,303,96,0.3284,0.3272875
1,test_er_100_00,er,100,mse,17,303,192,0.3333,0.323571875
1,test_er_100_00,er,100,mse,23,101,96,0.324775,0.323390625
1,test_er_100_00,er,100,mse,23,101,192,0.332175,0.32385
1,test_er_100_00,er,100,mse,23,202,96,0.326125,0.322496875
1,test_er_100_00,er,100,mse,23,202,192,0.334775,0.327209375
1,test_er_100_00,er,100,mse,23,303,96,0.3241,0.319940625
1,test_er_100_00,er,100,mse,23,303,192,0.335575,0.3282375
1,test_er_100_00,er,100,pool_random,-1,101,96,0.319425,0.31779375
1,test_er_100_00,er,100,pool_random,-1,101,192,0.32275,0.321340625
1,test_er_100_00,er,100,pool_random,-1,202,96,0.32055,0.3229625
1,test_er_100_00,er,100,pool_random,-1,202,192,0.325675,0.324228125
1,test_er_100_00,er,100,pool_random,-1,303,96,0.31965,0.31681875
1,test_er_100_00,er,100,pool_random,-1,303,192,0.324825,0.325253125
1,test_er_100_00,er,100,random,-1,101,96,0.320775,0.313221875
1,test_er_100_00,er,100,random,-1,101,192,0.320775,0.313221875
1,test_er_100_00,er,100,random,-1,202,96,0.3171,0.318996875
1,test_er_100_00,er,100,random,-1,202,192,0.319675,0.309528125
1,test_er_100_00,er,100,random,-1,303,96,0.32295,0.319125
1,test_er_100_00,er,100,random,-1,303,192,0.32295,0.319125
1,test_er_100_00,er,100,ranknet,17,101,96,0.32605,0.321809375
1,test_er_100_00,er,100,ranknet,17,101,192,0.32955,0.324178125
1,test_er_100_00,er,100,ranknet,17,202,96,0.328375,0.32469375
1,test_er_100_00,er,100,ranknet,17,202,192,0.334775,0.32828125
1,test_er_100_00,er,100,ranknet,17,303,96,0.327925,0.32308125
1,test_er_100_00,er,100,ranknet,17,303,192,0.3373,0.3330625
1,test_er_100_00,er,100,ranknet,23,101,96,0.32925,0.326628125
1,test_er_100_00,er,100,ranknet,23,101,192,0.33515,0.32861875
1,test_er_100_00,er,100,ranknet,23,202,96,0.328275,0.325946875
1,test_er_100_00,er,100,ranknet,23,202,192,0.33665,0.33445625
1,test_er_100_00,er,100,ranknet,23,303,96,0.327325,0.32351875
1,test_er_100_00,er,100,ranknet,23,303,192,0.3362,0.33106875
1,test_er_100_01,er,100,ea,-1,101,96,0.32995,0.326125
1,test_er_100_01,er,100,ea,-1,101,192,0.3361,0.327171875
1,test_er_100_01,er,100,ea,-1,202,96,0.33005,0.32595625
1,test_er_100_01,er,100,ea,-1,202,192,0.332575,0.330034375
1,test_er_100_01,er,100,ea,-1,303,96,0.33275,0.3268625
1,test_er_100_01,er,100,ea,-1,303,192,0.337125,0.329390625
1,test_er_100_01,er,100,global_log_mse,17,101,96,0.3337,0.33129375
1,test_er_100_01,er,100,global_log_mse,17,101,192,0.3378,0.331834375
1,test_er_100_01,er,100,global_log_mse,17,202,96,0.332625,0.3245375
1,test_er_100_01,er,100,global_log_mse,17,202,192,0.341925,0.33100625
1,test_er_100_01,er,100,global_log_mse,17,303,96,0.338,0.333246875
1,test_er_100_01,er,100,global_log_mse,17,303,192,0.34255,0.33358125
1,test_er_100_01,er,100,global_log_mse,23,101,96,0.33785,0.333809375
1,test_er_100_01,er,100,global_log_mse,23,101,192,0.34385,0.334259375
1,test_er_100_01,er,100,global_log_mse,23,202,96,0.33635,0.3324125
1,test_er_100_01,er,100,global_log_mse,23,202,192,0.3421,0.334271875
1,test_er_100_01,er,100,global_log_mse,23,303,96,0.33515,0.32933125
1,test_er_100_01,er,100,global_log_mse,23,303,192,0.341975,0.334509375
1,test_er_100_01,er,100,global_mse,17,101,96,0.33385,0.332190625
1,test_er_100_01,er,100,global_mse,17,101,192,0.33985,0.3332875
1,test_er_100_01,er,100,global_mse,17,202,96,0.3337,0.3307
1,test_er_100_01,er,100,global_mse,17,202,192,0.343025,0.335434375
1,test_er_100_01,er,100,global_mse,17,303,96,0.33915,0.335575
1,test_er_100_01,er,100,global_mse,17,303,192,0.34185,0.33753125
1,test_er_100_01,er,100,global_mse,23,101,96,0.33185,0.329140625
1,test_er_100_01,er,100,global_mse,23,101,192,0.34045,0.3348875
1,test_er_100_01,er,100,global_mse,23,202,96,0.3349,0.333278125
1,test_er_100_01,er,100,global_mse,23,202,192,0.343625,0.3379125
1,test_er_100_01,er,100,global_mse,23,303,96,0.3386,0.332515625
1,test_er_100_01,er,100,global_mse,23,303,192,0.342325,0.33875625
1,test_er_100_01,er,100,hillclimb,-1,101,96,0.334125,0.32234375
1,test_er_100_01,er,100,hillclimb,-1,101,192,0.3399,0.327640625
1,test_er_100_01,er,100,hillclimb,-1,202,96,0.33695,0.327353125
1,test_er_100_01,er,100,hillclimb,-1,202,192,0.342975,0.33090625
1,test_er_100_01,er,100,hillclimb,-1,303,96,0.3372,0.328221875
1,test_er_100_01,er,100,hillclimb,-1,303,192,0.339675,0.33210625
1,test_er_100_01,er,100,log_mse,17,101,96,0.3387,0.3347
1,test_er_100_01,er,100,log_mse,17,101,192,0.3422,0.3377375
1,test_er_100_01,er,100,log_mse,17,202,96,0.33505,0.326740625
1,test_er_100_01,er,100,log_mse,17,202,192,0.343925,0.337128125
1,test_er_100_01,er,100,log_mse,17,303,96,0.337925,0.33155625
1,test_er_100_01,er,100,log_mse,17,303,192,0.3415,0.334990625
1,test_er_100_01,er,100,log_mse,23,101,96,0.337,0.333021875
1,test_er_100_01,er,100,log_mse,23,101,192,0.343975,0.335678125
1,test_er_100_01,er,100,log_mse,23,202,96,0.33445,0.327434375
1,test_er_100_01,er,100,log_mse,23,202,192,0.34205,0.3368125
1,test_er_100_01,er,100,log_mse,23,303,96,0.3384,0.33259375
1,test_er_100_01,er,100,log_mse,23,303,192,0.3437,0.3358625
1,test_er_100_01,er,100,mse,17,101,96,0.337525,0.3342125
1,test_er_100_01,er,100,mse,17,101,192,0.3444,0.33675625
1,test_er_100_01,er,100,mse,17,202,96,0.3331,0.33070625
1,test_er_100_01,er,100,mse,17,202,192,0.34085,0.335815625
1,test_er_100_01,er,100,mse,17,303,96,0.33825,0.332896875
1,test_er_100_01,er,100,mse,17,303,192,0.3431,0.334284375
1,test_er_100_01,er,100,mse,23,101,96,0.33825,0.33095625
1,test_er_100_01,er,100,mse,23,101,192,0.34155,0.333196875
1,test_er_100_01,er,100,mse,23,202,96,0.337325,0.329496875
1,test_er_100_01,er,100,mse,23,202,192,0.34145,0.332225
1,test_er_100_01,er,100,mse,23,303,96,0.34035,0.33549375
1,test_er_100_01,er,100,mse,23,303,192,0.34565,0.33658125
1,test_er_100_01,er,100,pool_random,-1,101,96,0.33125,0.33005625
1,test_er_100_01,er,100,pool_random,-1,101,192,0.333125,0.329065625
1,test_er_100_01,er,100,pool_random,-1,202,96,0.329,0.324090625
1,test_er_100_01,er,100,pool_random,-1,202,192,0.334675,0.32565625
1,test_er_100_01,er,100,pool_random,-1,303,96,0.33135,0.329546875
1,test_er_100_01,er,100,pool_random,-1,303,192,0.33565,0.3299625
1,test_er_100_01,er,100,random,-1,101,96,0.33305,0.325471875
1,test_er_100_01,er,100,random,-1,101,192,0.33305,0.325471875
1,test_er_100_01,er,100,random,-1,202,96,0.331175,0.3269125
1,test_er_100_01,er,100,random,-1,202,192,0.331175,0.3269125
1,test_er_100_01,er,100,random,-1,303,96,0.326425,0.323940625
1,test_er_100_01,er,100,random,-1,303,192,0.329025,0.322640625
1,test_er_100_01,er,100,ranknet,17,101,96,0.339575,0.3346625
1,test_er_100_01,er,100,ranknet,17,101,192,0.347525,0.3341875
1,test_er_100_01,er,100,ranknet,17,202,96,0.33605,0.330853125
1,test_er_100_01,er,100,ranknet,17,202,192,0.341425,0.334621875
1,test_er_100_01,er,100,ranknet,17,303,96,0.3427,0.333159375
1,test_er_100_01,er,100,ranknet,17,303,192,0.34535,0.337759375
1,test_er_100_01,er,100,ranknet,23,101,96,0.340675,0.3355375
1,test_er_100_01,er,100,ranknet,23,101,192,0.34475,0.337365625
1,test_er_100_01,er,100,ranknet,23,202,96,0.337075,0.335778125
1,test_er_100_01,er,100,ranknet,23,202,192,0.3453,0.3392125
1,test_er_100_01,er,100,ranknet,23,303,96,0.340825,0.334059375
1,test_er_100_01,er,100,ranknet,23,303,192,0.348025,0.34118125
1,test_er_100_02,er,100,ea,-1,101,96,0.31885,0.314496875
1,test_er_100_02,er,100,ea,-1,101,192,0.323025,0.3180875
1,test_er_100_02,er,100,ea,-1,202,96,0.3219,0.31714375
1,test_er_100_02,er,100,ea,-1,202,192,0.321925,0.31804375
1,test_er_100_02,er,100,ea,-1,303,96,0.3168,0.310090625
1,test_er_100_02,er,100,ea,-1,303,192,0.318525,0.313815625
1,test_er_100_02,er,100,global_log_mse,17,101,96,0.319575,0.317590625
1,test_er_100_02,er,100,global_log_mse,17,101,192,0.3333,0.32600625
1,test_er_100_02,er,100,global_log_mse,17,202,96,0.328025,0.32333125
1,test_er_100_02,er,100,global_log_mse,17,202,192,0.3332,0.323175
1,test_er_100_02,er,100,global_log_mse,17,303,96,0.3284,0.32150625
1,test_er_100_02,er,100,global_log_mse,17,303,192,0.3323,0.323753125
1,test_er_100_02,er,100,global_log_mse,23,101,96,0.323725,0.320984375
1,test_er_100_02,er,100,global_log_mse,23,101,192,0.33295,0.327384375
1,test_er_100_02,er,100,global_log_mse,23,202,96,0.329775,0.32648125
1,test_er_100_02,er,100,global_log_mse,23,202,192,0.333575,0.328259375
1,test_er_100_02,er,100,global_log_mse,23,303,96,0.328075,0.32294375
1,test_er_100_02,er,100,global_log_mse,23,303,192,0.33045,0.32098125
1,test_er_100_02,er,100,global_mse,17,101,96,0.3218,0.323015625
1,test_er_100_02,er,100,global_mse,17,101,192,0.33415,0.32885625
1,test_er_100_02,er,100,global_mse,17,202,96,0.329075,0.319384375
1,test_er_100_02,er,100,global_mse,17,202,192,0.33125,0.32499375
1,test_er_100_02,er,100,global_mse,17,303,96,0.327275,0.321
1,test_er_100_02,er,100,global_mse,17,303,192,0.3321,0.320853125
1,test_er_100_02,er,100,global_mse,23,101,96,0.32515,0.323121875
1,test_er_100_02,er,100,global_mse,23,101,192,0.329275,0.324296875
1,test_er_100_02,er,100,global_mse,23,202,96,0.3225,0.32001875
1,test_er_100_02,er,100,global_mse,23,202,192,0.33065,0.326415625
1,test_er_100_02,er,100,global_mse,23,303,96,0.325775,0.3225375
1,test_er_100_02,er,100,global_mse,23,303,192,0.3352,0.32695
1,test_er_100_02,er,100,hillclimb,-1,101,96,0.32225,0.316115625
1,test_er_100_02,er,100,hillclimb,-1,101,192,0.327975,0.31775
1,test_er_100_02,er,100,hillclimb,-1,202,96,0.3173,0.311975
1,test_er_100_02,er,100,hillclimb,-1,202,192,0.32195,0.31635
1,test_er_100_02,er,100,hillclimb,-1,303,96,0.31865,0.3123375
1,test_er_100_02,er,100,hillclimb,-1,303,192,0.3236,0.315409375
1,test_er_100_02,er,100,log_mse,17,101,96,0.324,0.325525
1,test_er_100_02,er,100,log_mse,17,101,192,0.333025,0.326471875
1,test_er_100_02,er,100,log_mse,17,202,96,0.323975,0.316103125
1,test_er_100_02,er,100,log_mse,17,202,192,0.330925,0.324425
1,test_er_100_02,er,100,log_mse,17,303,96,0.3225,0.321303125
1,test_er_100_02,er,100,log_mse,17,303,192,0.33065,0.325159375
1,test_er_100_02,er,100,log_mse,23,101,96,0.32355,0.32085
1,test_er_100_02,er,100,log_mse,23,101,192,0.3305,0.3223375
1,test_er_100_02,er,100,log_mse,23,202,96,0.3275,0.319125
1,test_er_100_02,er,100,log_mse,23,202,192,0.33085,0.32714375
1,test_er_100_02,er,100,log_mse,23,303,96,0.32605,0.318571875
1,test_er_100_02,er,100,log_mse,23,303,192,0.331125,0.321859375
1,test_er_100_02,er,100,mse,17,101,96,0.3239,0.32010625
1,test_er_100_02,er,100,mse,17,101,192,0.329925,0.329271875
1,test_er_100_02,er,100,mse,17,202,96,0.323175,0.3202875
1,test_er_100_02,er,100,mse,17,202,192,0.33235,0.32778125
1,test_er_100_02,er,100,mse,17,303,96,0.321025,0.31396875
1,test_er_100_02,er,100,mse,17,303,192,0.331875,0.32143125
1,test_er_100_02,er,100,mse,23,101,96,0.3226,0.31891875
1,test_er_100_02,er,100,mse,23,101,192,0.32905,0.3253
1,test_er_100_02,er,100,mse,23,202,96,0.32125,0.31863125
1,test_er_100_02,er,100,mse,23,202,192,0.33155,0.323121875
1,test_er_100_02,er,100,mse,23,303,96,0.32405,0.319025
1,test_er_100_02,er,100,mse,23,303,192,0.329025,0.32053125
1,test_er_100_02,er,100,pool_random,-1,101,96,0.317525,0.312875
1,test_er_100_02,er,100,pool_random,-1,101,192,0.321975,0.31848125
1,test_er_100_02,er,100,pool_random,-1,202,96,0.317,0.31039375
1,test_er_100_02,er,100,pool_random,-1,202,192,0.31995,0.314034375
1,test_er_100_02,er,100,pool_random,-1,303,96,0.318625,0.31113125
1,test_er_100_02,er,100,pool_random,-1,303,192,0.319625,0.314034375
1,test_er_100_02,er,100,random,-1,101,96,0.3136,0.305596875
1,test_er_100_02,er,100,random,-1,101,192,0.3144,0.31020625
1,test_er_100_02,er,100,random,-1,202,96,0.31565,0.31480625
1,test_er_100_02,er,100,random,-1,202,192,0.31565,0.31480625
1,test_er_100_02,er,100,random,-1,303,96,0.315,0.31253125
1,test_er_100_02,er,100,random,-1,303,192,0.315,0.31253125
1,test_er_100_02,er,100,ranknet,17,101,96,0.327325,0.3211875
1,test_er_100_02,er,100,ranknet,17,101,192,0.3312,0.325515625
1,test_er_100_02,er,100,ranknet,17,202,96,0.326,0.326803125
1,test_er_100_02,er,100,ranknet,17,202,192,0.331175,0.3255125
1,test_er_100_02,er,100,ranknet,17,303,96,0.3218,0.317990625
1,test_er_100_02,er,100,ranknet,17,303,192,0.3306,0.32343125
1,test_er_100_02,er,100,ranknet,23,101,96,0.3278,0.321353125
1,test_er_100_02,er,100,ranknet,23,101,192,0.336575,0.333015625
1,test_er_100_02,er,100,ranknet,23,202,96,0.3278,0.325015625
1,test_er_100_02,er,100,ranknet,23,202,192,0.33505,0.324903125
1,test_er_100_02,er,100,ranknet,23,303,96,0.3253,0.31789375
1,test_er_100_02,er,100,ranknet,23,303,192,0.32805,0.32366875
1,test_er_100_03,er,100,ea,-1,101,96,0.3139,0.310259375
1,test_er_100_03,er,100,ea,-1,101,192,0.31785,0.313234375
1,test_er_100_03,er,100,ea,-1,202,96,0.311275,0.306840625
1,test_er_100_03,er,100,ea,-1,202,192,0.314675,0.310940625
1,test_er_100_03,er,100,ea,-1,303,96,0.315975,0.306034375
1,test_er_100_03,er,100,ea,-1,303,192,0.316775,0.307965625
1,test_er_100_03,er,100,global_log_mse,17,101,96,0.320425,0.316453125
1,test_er_100_03,er,100,global_log_mse,17,101,192,0.332975,0.327690625
1,test_er_100_03,er,100,global_log_mse,17,202,96,0.3215,0.32055
1,test_er_100_03,er,100,global_log_mse,17,202,192,0.32825,0.319559375
1,test_er_100_03,er,100,global_log_mse,17,303,96,0.3157,0.314190625
1,test_er_100_03,er,100,global_log_mse,17,303,192,0.32575,0.317725
1,test_er_100_03,er,100,global_log_mse,23,101,96,0.3262,0.320634375
1,test_er_100_03,er,100,global_log_mse,23,101,192,0.329175,0.32401875
1,test_er_100_03,er,100,global_log_mse,23,202,96,0.315675,0.312753125
1,test_er_100_03,er,100,global_log_mse,23,202,192,0.323175,0.3175875
1,test_er_100_03,er,100,global_log_mse,23,303,96,0.3214,0.3139625
1,test_er_100_03,er,100,global_log_mse,23,303,192,0.330675,0.320584375
1,test_er_100_03,er,100,global_mse,17,101,96,0.32105,0.3208375
1,test_er_100_03,er,100,global_mse,17,101,192,0.3266,0.3197875
1,test_er_100_03,er,100,global_mse,17,202,96,0.3144,0.313196875
1,test_er_100_03,er,100,global_mse,17,202,192,0.330325,0.317590625
1,test_er_100_03,er,100,global_mse,17,303,96,0.314325,0.312690625
1,test_er_100_03,er,100,global_mse,17,303,192,0.324975,0.320853125
1,test_er_100_03,er,100,global_mse,23,101,96,0.329525,0.3219125
1,test_er_100_03,er,100,global_mse,23,101,192,0.334875,0.3265
1,test_er_100_03,er,100,global_mse,23,202,96,0.318575,0.315946875
1,test_er_100_03,er,100,global_mse,23,202,192,0.3223,0.316028125
1,test_er_100_03,er,100,global_mse,23,303,96,0.3209,0.31590625
1,test_er_100_03,er,100,global_mse,23,303,192,0.327425,0.3196625
1,test_er_100_03,er,100,hillclimb,-1,101,96,0.327575,0.3177125
1,test_er_100_03,er,100,hillclimb,-1,101,192,0.332475,0.321728125
1,test_er_100_03,er,100,hillclimb,-1,202,96,0.319725,0.310071875
1,test_er_100_03,er,100,hillclimb,-1,202,192,0.32905,0.317740625
1,test_er_100_03,er,100,hillclimb,-1,303,96,0.322025,0.3156
1,test_er_100_03,er,100,hillclimb,-1,303,192,0.3284,0.316959375
1,test_er_100_03,er,100,log_mse,17,101,96,0.3194,0.318840625
1,test_er_100_03,er,100,log_mse,17,101,192,0.3287,0.3249125
1,test_er_100_03,er,100,log_mse,17,202,96,0.3199,0.314590625
1,test_er_100_03,er,100,log_mse,17,202,192,0.329,0.321315625
1,test_er_100_03,er,100,log_mse,17,303,96,0.3218,0.312759375
1,test_er_100_03,er,100,log_mse,17,303,192,0.3337,0.32424375
1,test_er_100_03,er,100,log_mse,23,101,96,0.327275,0.32400625
1,test_er_100_03,er,100,log_mse,23,101,192,0.328125,0.32421875
1,test_er_100_03,er,100,log_mse,23,202,96,0.3194,0.315675
1,test_er_100_03,er,100,log_mse,23,202,192,0.326575,0.323934375
1,test_er_100_03,er,100,log_mse,23,303,96,0.3172,0.3122625
1,test_er_100_03,er,100,log_mse,23,303,192,0.3275,0.323203125
1,test_er_100_03,er,100,mse,17,101,96,0.317225,0.310703125
1,test_er_100_03,er,100,mse,17,101,192,0.329125,0.31950625
1,test_er_100_03,er,100,mse,17,202,96,0.324775,0.318865625
1,test_er_100_03,er,100,mse,17,202,192,0.328325,0.3249
1,test_er_100_03,er,100,mse,17,303,96,0.318525,0.315271875
1,test_er_100_03,er,100,mse,17,303,192,0.3277,0.323590625
1,test_er_100_03,er,100,mse,23,101,96,0.3217,0.31640625
1,test_er_100_03,er,100,mse,23,101,192,0.327925,0.322815625
1,test_er_100_03,er,100,mse,23,202,96,0.31635,0.31330625
1,test_er_100_03,er,100,mse,23,202,192,0.325675,0.319103125
1,test_er_100_03,er,100,mse,23,303,96,0.32455,0.319759375
1,test_er_100_03,er,100,mse,23,303,192,0.329425,0.32244375
1,test_er_100_03,er,100,pool_random,-1,101,96,0.313425,0.309834375
1,test_er_100_03,er,100,pool_random,-1,101,192,0.317075,0.311665625
1,test_er_100_03,er,100,pool_random,-1,202,96,0.3111,0.305184375
1,test_er_100_03,er,100,pool_random,-1,202,192,0.312975,0.310603125
1,test_er_100_03,er,100,pool_random,-1,303,96,0.308925,0.30659375
1,test_er_100_03,er,100,pool_random,-1,303,192,0.31915,0.31545
1,test_er_100_03,er,100,random,-1,101,96,0.310125,0.304971875
1,test_er_100_03,er,100,random,-1,101,192,0.312225,0.310971875
1,test_er_100_03,er,100,random,-1,202,96,0.309975,0.307434375
1,test_er_100_03,er,100,random,-1,202,192,0.31025,0.306878125
1,test_er_100_03,er,100,random,-1,303,96,0.312575,0.3062125
1,test_er_100_03,er,100,random,-1,303,192,0.312575,0.3062125
1,test_er_100_03,er,100,ranknet,17,101,96,0.3182,0.315453125
1,test_er_100_03,er,100,ranknet,17,101,192,0.3261,0.318609375
1,test_er_100_03,er,100,ranknet,17,202,96,0.3245,0.31699375
1,test_er_100_03,er,100,ranknet,17,202,192,0.327975,0.32241875
1,test_er_100_03,er,100,ranknet,17,303,96,0.321575,0.31794375
1,test_er_100_03,er,100,ranknet,17,303,192,0.323475,0.32019375
1,test_er_100_03,er,100,ranknet,23,101,96,0.321625,0.31780625
1,test_er_100_03,er,100,ranknet,23,101,192,0.33005,0.31953125
1,test_er_100_03,er,100,ranknet,23,202,96,0.323175,0.3173375
1,test_er_100_03,er,100,ranknet,23,202,192,0.328,0.322134375
1,test_er_100_03,er,100,ranknet,23,303,96,0.3211,0.316321875
1,test_er_100_03,er,100,ranknet,23,303,192,0.325275,0.31763125
1,test_er_100_04,er,100,ea,-1,101,96,0.306725,0.304465625
1,test_er_100_04,er,100,ea,-1,101,192,0.3162,0.30585
1,test_er_100_04,er,100,ea,-1,202,96,0.311425,0.306353125
1,test_er_100_04,er,100,ea,-1,202,192,0.317425,0.31238125
1,test_er_100_04,er,100,ea,-1,303,96,0.309225,0.30631875
1,test_er_100_04,er,100,ea,-1,303,192,0.313675,0.30841875
1,test_er_100_04,er,100,global_log_mse,17,101,96,0.315375,0.313559375
1,test_er_100_04,er,100,global_log_mse,17,101,192,0.3211,0.31436875
1,test_er_100_04,er,100,global_log_mse,17,202,96,0.320725,0.313053125
1,test_er_100_04,er,100,global_log_mse,17,202,192,0.32565,0.315746875
1,test_er_100_04,er,100,global_log_mse,17,303,96,0.3178,0.317415625
1,test_er_100_04,er,100,global_log_mse,17,303,192,0.32975,0.324028125
1,test_er_100_04,er,100,global_log_mse,23,101,96,0.312325,0.3090375
1,test_er_100_04,er,100,global_log_mse,23,101,192,0.3243,0.3176375
1,test_er_100_04,er,100,global_log_mse,23,202,96,0.316725,0.310253125
1,test_er_100_04,er,100,global_log_mse,23,202,192,0.32005,0.316821875
1,test_er_100_04,er,100,global_log_mse,23,303,96,0.31995,0.312896875
1,test_er_100_04,er,100,global_log_mse,23,303,192,0.3337,0.3249375
1,test_er_100_04,er,100,global_mse,17,101,96,0.314525,0.314225
1,test_er_100_04,er,100,global_mse,17,101,192,0.32175,0.315790625
1,test_er_100_04,er,100,global_mse,17,202,96,0.318625,0.31305625
1,test_er_100_04,er,100,global_mse,17,202,192,0.3241,0.32033125
1,test_er_100_04,er,100,global_mse,17,303,96,0.31835,0.314703125
1,test_er_100_04,er,100,global_mse,17,303,192,0.3224,0.32191875
1,test_er_100_04,er,100,global_mse,23,101,96,0.315225,0.31
1,test_er_100_04,er,100,global_mse,23,101,192,0.323775,0.3190375
1,test_er_100_04,er,100,global_mse,23,202,96,0.3193,0.311115625
1,test_er_100_04,er,100,global_mse,23,202,192,0.32435,0.316471875
1,test_er_100_04,er,100,global_mse,23,303,96,0.318925,0.31329375
1,test_er_100_04,er,100,global_mse,23,303,192,0.326325,0.321834375
1,test_er_100_04,er,100,hillclimb,-1,101,96,0.31645,0.308384375
1,test_er_100_04,er,100,hillclimb,-1,101,192,0.32025,0.307059375
1,test_er_100_04,er,100,hillclimb,-1,202,96,0.3178,0.3105875
1,test_er_100_04,er,100,hillclimb,-1,202,192,0.324325,0.3145125
1,test_er_100_04,er,100,hillclimb,-1,303,96,0.32165,0.313790625
1,test_er_100_04,er,100,hillclimb,-1,303,192,0.329675,0.316359375
1,test_er_100_04,er,100,log_mse,17,101,96,0.31825,0.3134375
1,test_er_100_04,er,100,log_mse,17,101,192,0.32815,0.318925
1,test_er_100_04,er,100,log_mse,17,202,96,0.319475,0.315565625
1,test_er_100_04,er,100,log_mse,17,202,192,0.323625,0.319721875
1,test_er_100_04,er,100,log_mse,17,303,96,0.32345,0.323065625
1,test_er_100_04,er,100,log_mse,17,303,192,0.327875,0.320353125
1,test_er_100_04,er,100,log_mse,23,101,96,0.316025,0.313890625
1,test_er_100_04,er,100,log_mse,23,101,192,0.323825,0.316671875
1,test_er_100_04,er,100,log_mse,23,202,96,0.320525,0.317125
1,test_er_100_04,er,100,log_mse,23,202,192,0.325325,0.317490625
1,test_er_100_04,er,100,log_mse,23,303,96,0.320675,0.31775
1,test_er_100_04,er,100,log_mse,23,303,192,0.326775,0.3209
1,test_er_100_04,er,100,mse,17,101,96,0.318175,0.311021875
1,test_er_100_04,er,100,mse,17,101,192,0.32425,0.313325
1,test_er_100_04,er,100,mse,17,202,96,0.3164,0.3085
1,test_er_100_04,er,100,mse,17,202,192,0.328625,0.318790625
1,test_er_100_04,er,100,mse,17,303,96,0.310375,0.307246875
1,test_er_100_04,er,100,mse,17,303,192,0.319,0.31541875
1,test_er_100_04,er,100,mse,23,101,96,0.318775,0.315940625
1,test_er_100_04,er,100,mse,23,101,192,0.322425,0.3183625
1,test_er_100_04,er,100,mse,23,202,96,0.319175,0.310371875
1,test_er_100_04,er,100,mse,23,202,192,0.3235,0.316171875
1,test_er_100_04,er,100,mse,23,303,96,0.317775,0.313275
1,test_er_100_04,er,100,mse,23,303,192,0.322175,0.31618125
1,test_er_100_04,er,100,pool_random,-1,101,96,0.3104,0.303878125
1,test_er_100_04,er,100,pool_random,-1,101,192,0.31335,0.307671875
1,test_er_100_04,er,100,pool_random,-1,202,96,0.309875,0.3008625
1,test_er_100_04,er,100,pool_random,-1,202,192,0.314325,0.31166875
1,test_er_100_04,er,100,pool_random,-1,303,96,0.3136,0.30483125
1,test_er_100_04,er,100,pool_random,-1,303,192,0.319125,0.311790625
1,test_er_100_04,er,100,random,-1,101,96,0.308125,0.3047375
1,test_er_100_04,er,100,random,-1,101,192,0.308125,0.3047375
1,test_er_100_04,er,100,random,-1,202,96,0.31075,0.308603125
1,test_er_100_04,er,100,random,-1,202,192,0.311575,0.3101125
1,test_er_100_04,er,100,random,-1,303,96,0.3113,0.303871875
1,test_er_100_04,er,100,random,-1,303,192,0.3113,0.303871875
1,test_er_100_04,er,100,ranknet,17,101,96,0.319325,0.31480625
1,test_er_100_04,er,100,ranknet,17,101,192,0.321425,0.3151625
1,test_er_100_04,er,100,ranknet,17,202,96,0.3241,0.32068125
1,test_er_100_04,er,100,ranknet,17,202,192,0.330625,0.32206875
1,test_er_100_04,er,100,ranknet,17,303,96,0.31905,0.31456875
1,test_er_100_04,er,100,ranknet,17,303,192,0.32505,0.321121875
1,test_er_100_04,er,100,ranknet,23,101,96,0.316775,0.312940625
1,test_er_100_04,er,100,ranknet,23,101,192,0.321,0.31589375
1,test_er_100_04,er,100,ranknet,23,202,96,0.320025,0.312225
1,test_er_100_04,er,100,ranknet,23,202,192,0.327375,0.317625
1,test_er_100_04,er,100,ranknet,23,303,96,0.321875,0.313359375
1,test_er_100_04,er,100,ranknet,23,303,192,0.328025,0.322140625
1,test_er_100_05,er,100,ea,-1,101,96,0.31585,0.3061625
1,test_er_100_05,er,100,ea,-1,101,192,0.318675,0.311315625
1,test_er_100_05,er,100,ea,-1,202,96,0.312475,0.310703125
1,test_er_100_05,er,100,ea,-1,202,192,0.315175,0.3130125
1,test_er_100_05,er,100,ea,-1,303,96,0.317375,0.311109375
1,test_er_100_05,er,100,ea,-1,303,192,0.322125,0.31268125
1,test_er_100_05,er,100,global_log_mse,17,101,96,0.319275,0.31879375
1,test_er_100_05,er,100,global_log_mse,17,101,192,0.32605,0.321159375
1,test_er_100_05,er,100,global_log_mse,17,202,96,0.3201,0.320028125
1,test_er_100_05,er,100,global_log_mse,17,202,192,0.329625,0.328225
1,test_er_100_05,er,100,global_log_mse,17,303,96,0.3193,0.318890625
1,test_er_100_05,er,100,global_log_mse,17,303,192,0.3291,0.32691875
1,test_er_100_05,er,100,global_log_mse,23,101,96,0.318325,0.31174375
1,test_er_100_05,er,100,global_log_mse,23,101,192,0.3295,0.320253125
1,test_er_100_05,er,100,global_log_mse,23,202,96,0.319325,0.31190625
1,test_er_100_05,er,100,global_log_mse,23,202,192,0.328325,0.321125
1,test_er_100_05,er,100,global_log_mse,23,303,96,0.32635,0.322178125
1,test_er_100_05,er,100,global_log_mse,23,303,192,0.334975,0.325771875
1,test_er_100_05,er,100,global_mse,17,101,96,0.316875,0.3145375
1,test_er_100_05,er,100,global_mse,17,101,192,0.3257,0.321234375
1,test_er_100_05,er,100,global_mse,17,202,96,0.31965,0.318365625
1,test_er_100_05,er,100,global_mse,17,202,192,0.324375,0.321925
1,test_er_100_05,er,100,global_mse,17,303,96,0.319,0.3132
1,test_er_100_05,er,100,global_mse,17,303,192,0.324925,0.319165625
1,test_er_100_05,er,100,global_mse,23,101,96,0.321625,0.3183
1,test_er_100_05,er,100,global_mse,23,101,192,0.329675,0.321771875
1,test_er_100_05,er,100,global_mse,23,202,96,0.315475,0.317503125
1,test_er_100_05,er,100,global_mse,23,202,192,0.329275,0.325509375
1,test_er_100_05,er,100,global_mse,23,303,96,0.323475,0.320440625
1,test_er_100_05,er,100,global_mse,23,303,192,0.327425,0.325421875
1,test_er_100_05,er,100,hillclimb,-1,101,96,0.31955,0.311940625
1,test_er_100_05,er,100,hillclimb,-1,101,192,0.32335,0.311796875
1,test_er_100_05,er,100,hillclimb,-1,202,96,0.317475,0.311440625
1,test_er_100_05,er,100,hillclimb,-1,202,192,0.32075,0.3133375
1,test_er_100_05,er,100,hillclimb,-1,303,96,0.32185,0.3130875
1,test_er_100_05,er,100,hillclimb,-1,303,192,0.32735,0.31690625
1,test_er_100_05,er,100,log_mse,17,101,96,0.3199,0.317209375
1,test_er_100_05,er,100,log_mse,17,101,192,0.328475,0.32536875
1,test_er_100_05,er,100,log_mse,17,202,96,0.31745,0.31308125
1,test_er_100_05,er,100,log_mse,17,202,192,0.322225,0.319278125
1,test_er_100_05,er,100,log_mse,17,303,96,0.330375,0.327475
1,test_er_100_05,er,100,log_mse,17,303,192,0.331825,0.327375
1,test_er_100_05,er,100,log_mse,23,101,96,0.317875,0.31725625
1,test_er_100_05,er,100,log_mse,23,101,192,0.3285,0.319625
1,test_er_100_05,er,100,log_mse,23,202,96,0.31995,0.317646875
1,test_er_100_05,er,100,log_mse,23,202,192,0.328825,0.3252
1,test_er_100_05,er,100,log_mse,23,303,96,0.323625,0.323384375
1,test_er_100_05,er,100,log_mse,23,303,192,0.331725,0.32780625
1,test_er_100_05,er,100,mse,17,101,96,0.319675,0.315859375
1,test_er_100_05,er,100,mse,17,101,192,0.33055,0.32679375
1,test_er_100_05,er,100,mse,17,202,96,0.31915,0.31834375
1,test_er_100_05,er,100,mse,17,202,192,0.3235,0.31849375
1,test_er_100_05,er,100,mse,17,303,96,0.322025,0.319075
1,test_er_100_05,er,100,mse,17,303,192,0.328475,0.32049375
1,test_er_100_05,er,100,mse,23,101,96,0.320025,0.3150125
1,test_er_100_05,er,100,mse,23,101,192,0.3239,0.319009375
1,test_er_100_05,er,100,mse,23,202,96,0.317425,0.314021875
1,test_er_100_05,er,100,mse,23,202,192,0.32375,0.31980625
1,test_er_100_05,er,100,mse,23,303,96,0.32205,0.317471875
1,test_er_100_05,er,100,mse,23,303,192,0.32995,0.327471875
1,test_er_100_05,er,100,pool_random,-1,101,96,0.3177,0.31138125
1,test_er_100_05,er,100,pool_random,-1,101,192,0.31855,0.312371875
1,test_er_100_05,er,100,pool_random,-1,202,96,0.3107,0.308784375
1,test_er_100_05,er,100,pool_random,-1,202,192,0.31645,0.311803125
1,test_er_100_05,er,100,pool_random,-1,303,96,0.311225,0.306703125
1,test_er_100_05,er,100,pool_random,-1,303,192,0.313925,0.31128125
1,test_er_100_05,er,100,random,-1,101,96,0.311675,0.30671875
1,test_er_100_05,er,100,random,-1,101,192,0.315425,0.31045
1,test_er_100_05,er,100,random,-1,202,96,0.313075,0.311059375
1,test_er_100_05,er,100,random,-1,202,192,0.313075,0.311059375
1,test_er_100_05,er,100,random,-1,303,96,0.316625,0.314490625
1,test_er_100_05,er,100,random,-1,303,192,0.316625,0.314490625
1,test_er_100_05,er,100,ranknet,17,101,96,0.324675,0.318434375
1,test_er_100_05,er,100,ranknet,17,101,192,0.332475,0.321384375
1,test_er_100_05,er,100,ranknet,17,202,96,0.31855,0.31625625
1,test_er_100_05,er,100,ranknet,17,202,192,0.32315,0.319046875
1,test_er_100_05,er,100,ranknet,17,303,96,0.323975,0.319490625
1,test_er_100_05,er,100,ranknet,17,303,192,0.3275,0.324034375
1,test_er_100_05,er,100,ranknet,23,101,96,0.31635,0.3120375
1,test_er_100_05,er,100,ranknet,23,101,192,0.32545,0.321646875
1,test_er_100_05,er,100,ranknet,23,202,96,0.319475,0.314309375
1,test_er_100_05,er,100,ranknet,23,202,192,0.327175,0.322503125
1,test_er_100_05,er,100,ranknet,23,303,96,0.324925,0.323665625
1,test_er_100_05,er,100,ranknet,23,303,192,0.330725,0.323509375
1,test_er_100_06,er,100,ea,-1,101,96,0.3159,0.311821875
1,test_er_100_06,er,100,ea,-1,101,192,0.318475,0.314059375
1,test_er_100_06,er,100,ea,-1,202,96,0.310375,0.311346875
1,test_er_100_06,er,100,ea,-1,202,192,0.314775,0.314178125
1,test_er_100_06,er,100,ea,-1,303,96,0.319175,0.312540625
1,test_er_100_06,er,100,ea,-1,303,192,0.32345,0.317175
1,test_er_100_06,er,100,global_log_mse,17,101,96,0.32855,0.325025
1,test_er_100_06,er,100,global_log_mse,17,101,192,0.33365,0.329653125
1,test_er_100_06,er,100,global_log_mse,17,202,96,0.320375,0.31651875
1,test_er_100_06,er,100,global_log_mse,17,202,192,0.332725,0.3256125
1,test_er_100_06,er,100,global_log_mse,17,303,96,0.32505,0.32064375
1,test_er_100_06,er,100,global_log_mse,17,303,192,0.335375,0.3283375
1,test_er_100_06,er,100,global_log_mse,23,101,96,0.3228,0.318978125
1,test_er_100_06,er,100,global_log_mse,23,101,192,0.3296,0.32309375
1,test_er_100_06,er,100,global_log_mse,23,202,96,0.32695,0.321225
1,test_er_100_06,er,100,global_log_mse,23,202,192,0.3336,0.32425
1,test_er_100_06,er,100,global_log_mse,23,303,96,0.330575,0.324590625
1,test_er_100_06,er,100,global_log_mse,23,303,192,0.330575,0.324590625
1,test_er_100_06,er,100,global_mse,17,101,96,0.32025,0.321634375
1,test_er_100_06,er,100,global_mse,17,101,192,0.3266,0.322721875
1,test_er_100_06,er,100,global_mse,17,202,96,0.3222,0.318871875
1,test_er_100_06,er,100,global_mse,17,202,192,0.3298,0.32511875
1,test_er_100_06,er,100,global_mse,17,303,96,0.32185,0.32113125
1,test_er_100_06,er,100,global_mse,17,303,192,0.32775,0.32056875
1,test_er_100_06,er,100,global_mse,23,101,96,0.319975,0.31735625
1,test_er_100_06,er,100,global_mse,23,101,192,0.326425,0.323203125
1,test_er_100_06,er,100,global_mse,23,202,96,0.3214,0.317584375
1,test_er_100_06,er,100,global_mse,23,202,192,0.332575,0.325346875
1,test_er_100_06,er,100,global_mse,23,303,96,0.33035,0.32376875
1,test_er_100_06,er,100,global_mse,23,303,192,0.33345,0.3274
1,test_er_100_06,er,100,hillclimb,-1,101,96,0.322575,0.318225
1,test_er_100_06,er,100,hillclimb,-1,101,192,0.33175,0.3239875
1,test_er_100_06,er,100,hillclimb,-1,202,96,0.320525,0.311259375
1,test_er_100_06,er,100,hillclimb,-1,202,192,0.325475,0.31535
1,test_er_100_06,er,100,hillclimb,-1,303,96,0.325825,0.3201375
1,test_er_100_06,er,100,hillclimb,-1,303,192,0.3329,0.323546875
1,test_er_100_06,er,100,log_mse,17,101,96,0.329175,0.324459375
1,test_er_100_06,er,100,log_mse,17,101,192,0.331925,0.326003125
1,test_er_100_06,er,100,log_mse,17,202,96,0.322675,0.3227
1,test_er_100_06,er,100,log_mse,17,202,192,0.329375,0.321715625
1,test_er_100_06,er,100,log_mse,17,303,96,0.322725,0.31968125
1,test_er_100_06,er,100,log_mse,17,303,192,0.335525,0.328946875
1,test_er_100_06,er,100,log_mse,23,101,96,0.3241,0.318759375
1,test_er_100_06,er,100,log_mse,23,101,192,0.32875,0.323746875
1,test_er_100_06,er,100,log_mse,23,202,96,0.32485,0.3199375
1,test_er_100_06,er,100,log_mse,23,202,192,0.3302,0.323621875
1,test_er_100_06,er,100,log_mse,23,303,96,0.330875,0.32805
1,test_er_100_06,er,100,log_mse,23,303,192,0.335125,0.32963125
1,test_er_100_06,er,100,mse,17,101,96,0.323,0.3177
1,test_er_100_06,er,100,mse,17,101,192,0.32765,0.31775625
1,test_er_100_06,er,100,mse,17,202,96,0.324525,0.316625
1,test_er_100_06,er,100,mse,17,202,192,0.3382,0.32875
1,test_er_100_06,er,100,mse,17,303,96,0.3241,0.32090625
1,test_er_100_06,er,100,mse,17,303,192,0.33485,0.335396875
1,test_er_100_06,er,100,mse,23,101,96,0.316225,0.3140375
1,test_er_100_06,er,100,mse,23,101,192,0.325175,0.318303125
1,test_er_100_06,er,100,mse,23,202,96,0.326275,0.318440625
1,test_er_100_06,er,100,mse,23,202,192,0.3301,0.3222625
1,test_er_100_06,er,100,mse,23,303,96,0.322575,0.3195875
1,test_er_100_06,er,100,mse,23,303,192,0.329075,0.32358125
1,test_er_100_06,er,100,pool_random,-1,101,96,0.31555,0.31020625
1,test_er_100_06,er,100,pool_random,-1,101,192,0.3205,0.317525
1,test_er_100_06,er,100,pool_random,-1,202,96,0.31485,0.31199375
1,test_er_100_06,er,100,pool_random,-1,202,192,0.317975,0.31501875
1,test_er_100_06,er,100,pool_random,-1,303,96,0.3206,0.31454375
1,test_er_100_06,er,100,pool_random,-1,303,192,0.320825,0.31380625
1,test_er_100_06,er,100,random,-1,101,96,0.311775,0.31291875
1,test_er_100_06,er,100,random,-1,101,192,0.314375,0.309134375
1,test_er_100_06,er,100,random,-1,202,96,0.314275,0.308865625
1,test_er_100_06,er,100,random,-1,202,192,0.320875,0.3165125
1,test_er_100_06,er,100,random,-1,303,96,0.316225,0.3130375
1,test_er_100_06,er,100,random,-1,303,192,0.316225,0.3130375
1,test_er_100_06,er,100,ranknet,17,101,96,0.321875,0.321603125
1,test_er_100_06,er,100,ranknet,17,101,192,0.3309,0.325528125
1,test_er_100_06,er,100,ranknet,17,202,96,0.323375,0.317240625
1,test_er_100_06,er,100,ranknet,17,202,192,0.332475,0.3232375
1,test_er_100_06,er,100,ranknet,17,303,96,0.3285,0.321890625
1,test_er_100_06,er,100,ranknet,17,303,192,0.335725,0.32703125
1,test_er_100_06,er,100,ranknet,23,101,96,0.3255,0.32320625
1,test_er_100_06,er,100,ranknet,23,101,192,0.333275,0.3263
1,test_er_100_06,er,100,ranknet,23,202,96,0.326125,0.316875
1,test_er_100_06,er,100,ranknet,23,202,192,0.33275,0.32260625
1,test_er_100_06,er,100,ranknet,23,303,96,0.323875,0.318259375
1,test_er_100_06,er,100,ranknet,23,303,192,0.333325,0.3275625
1,test_er_100_07,er,100,ea,-1,101,96,0.31155,0.305628125
1,test_er_100_07,er,100,ea,-1,101,192,0.3133,0.30826875
1,test_er_100_07,er,100,ea,-1,202,96,0.311575,0.309171875
1,test_er_100_07,er,100,ea,-1,202,192,0.31555,0.311446875
1,test_er_100_07,er,100,ea,-1,303,96,0.31015,0.305440625
1,test_er_100_07,er,100,ea,-1,303,192,0.3159,0.310690625
1,test_er_100_07,er,100,global_log_mse,17,101,96,0.3192,0.3099
1,test_er_100_07,er,100,global_log_mse,17,101,192,0.3296,0.323259375
1,test_er_100_07,er,100,global_log_mse,17,202,96,0.3202,0.314553125
1,test_er_100_07,er,100,global_log_mse,17,202,192,0.32445,0.3187625
1,test_er_100_07,er,100,global_log_mse,17,303,96,0.31905,0.314953125
1,test_er_100_07,er,100,global_log_mse,17,303,192,0.322875,0.315975
1,test_er_100_07,er,100,global_log_mse,23,101,96,0.3159,0.312175
1,test_er_100_07,er,100,global_log_mse,23,101,192,0.32455,0.316821875
1,test_er_100_07,er,100,global_log_mse,23,202,96,0.32075,0.31255625
1,test_er_100_07,er,100,global_log_mse,23,202,192,0.327575,0.320084375
1,test_er_100_07,er,100,global_log_mse,23,303,96,0.317,0.3139
1,test_er_100_07,er,100,global_log_mse,23,303,192,0.32125,0.3191125
1,test_er_100_07,er,100,global_mse,17,101,96,0.3179,0.312478125
1,test_er_100_07,er,100,global_mse,17,101,192,0.3248,0.3226625
1,test_er_100_07,er,100,global_mse,17,202,96,0.319025,0.312525
1,test_er_100_07,er,100,global_mse,17,202,192,0.32195,0.3171625
1,test_er_100_07,er,100,global_mse,17,303,96,0.3194,0.3163875
1,test_er_100_07,er,100,global_mse,17,303,192,0.326375,0.315396875
1,test_er_100_07,er,100,global_mse,23,101,96,0.314175,0.31165
1,test_er_100_07,er,100,global_mse,23,101,192,0.328275,0.319065625
1,test_er_100_07,er,100,global_mse,23,202,96,0.321875,0.319146875
1,test_er_100_07,er,100,global_mse,23,202,192,0.326675,0.323171875
1,test_er_100_07,er,100,global_mse,23,303,96,0.31755,0.311615625
1,test_er_100_07,er,100,global_mse,23,303,192,0.321625,0.3156375
1,test_er_100_07,er,100,hillclimb,-1,101,96,0.316425,0.31044375
1,test_er_100_07,er,100,hillclimb,-1,101,192,0.32215,0.312546875
1,test_er_100_07,er,100,hillclimb,-1,202,96,0.3157,0.306453125
1,test_er_100_07,er,100,hillclimb,-1,202,192,0.321775,0.312940625
1,test_er_100_07,er,100,hillclimb,-1,303,96,0.320625,0.31035
1,test_er_100_07,er,100,hillclimb,-1,303,192,0.324,0.31151875
1,test_er_100_07,er,100,log_mse,17,101,96,0.31895,0.313471875
1,test_er_100_07,er,100,log_mse,17,101,192,0.326275,0.320834375
1,test_er_100_07,er,100,log_mse,17,202,96,0.317925,0.317596875
1,test_er_100_07,er,100,log_mse,17,202,192,0.322975,0.317753125
1,test_er_100_07,er,100,log_mse,17,303,96,0.313425,0.310346875
1,test_er_100_07,er,100,log_mse,17,303,192,0.32275,0.317240625
1,test_er_100_07,er,100,log_mse,23,101,96,0.322075,0.318759375
1,test_er_100_07,er,100,log_mse,23,101,192,0.329075,0.32173125
1,test_er_100_07,er,100,log_mse,23,202,96,0.322525,0.312340625
1,test_er_100_07,er,100,log_mse,23,202,192,0.325,0.314878125
1,test_er_100_07,er,100,log_mse,23,303,96,0.317775,0.31448125
1,test_er_100_07,er,100,log_mse,23,303,192,0.3207,0.315125
1,test_er_100_07,er,100,mse,17,101,96,0.317875,0.308646875
1,test_er_100_07,er,100,mse,17,101,192,0.323825,0.317021875
1,test_er_100_07,er,100,mse,17,202,96,0.3158,0.314003125
1,test_er_100_07,er,100,mse,17,202,192,0.325275,0.317425
1,test_er_100_07,er,100,mse,17,303,96,0.320625,0.317665625
1,test_er_100_07,er,100,mse,17,303,192,0.3259,0.319125
1,test_er_100_07,er,100,mse,23,101,96,0.3203,0.317228125
1,test_er_100_07,er,100,mse,23,101,192,0.329125,0.316478125
1,test_er_100_07,er,100,mse,23,202,96,0.316825,0.3108875
1,test_er_100_07,er,100,mse,23,202,192,0.32335,0.318275
1,test_er_100_07,er,100,mse,23,303,96,0.315375,0.3115
1,test_er_100_07,er,100,mse,23,303,192,0.319975,0.31514375
1,test_er_100_07,er,100,pool_random,-1,101,96,0.31265,0.3076625
1,test_er_100_07,er,100,pool_random,-1,101,192,0.317275,0.31106875
1,test_er_100_07,er,100,pool_random,-1,202,96,0.31105,0.30629375
1,test_er_100_07,er,100,pool_random,-1,202,192,0.317325,0.3123375
1,test_er_100_07,er,100,pool_random,-1,303,96,0.316675,0.3104
1,test_er_100_07,er,100,pool_random,-1,303,192,0.31745,0.31413125
1,test_er_100_07,er,100,random,-1,101,96,0.3062,0.299909375
1,test_er_100_07,er,100,random,-1,101,192,0.3062,0.299909375
1,test_er_100_07,er,100,random,-1,202,96,0.3087,0.305115625
1,test_er_100_07,er,100,random,-1,202,192,0.31615,0.30963125
1,test_er_100_07,er,100,random,-1,303,96,0.312575,0.307071875
1,test_er_100_07,er,100,random,-1,303,192,0.312575,0.307071875
1,test_er_100_07,er,100,ranknet,17,101,96,0.3214,0.3161125
1,test_er_100_07,er,100,ranknet,17,101,192,0.326475,0.322384375
1,test_er_100_07,er,100,ranknet,17,202,96,0.320575,0.31606875
1,test_er_100_07,er,100,ranknet,17,202,192,0.32355,0.32209375
1,test_er_100_07,er,100,ranknet,17,303,96,0.320825,0.318253125
1,test_er_100_07,er,100,ranknet,17,303,192,0.325175,0.317525
1,test_er_100_07,er,100,ranknet,23,101,96,0.32815,0.31721875
1,test_er_100_07,er,100,ranknet,23,101,192,0.330025,0.31725
1,test_er_100_07,er,100,ranknet,23,202,96,0.319725,0.31733125
1,test_er_100_07,er,100,ranknet,23,202,192,0.329275,0.32443125
1,test_er_100_07,er,100,ranknet,23,303,96,0.31845,0.315178125
1,test_er_100_07,er,100,ranknet,23,303,192,0.323925,0.315334375
1,test_er_50_00,er,50,ea,-1,101,96,0.3134,0.3092125
1,test_er_50_00,er,50,ea,-1,101,192,0.3277,0.3182125
1,test_er_50_00,er,50,ea,-1,202,96,0.3279,0.3199875
1,test_er_50_00,er,50,ea,-1,202,192,0.3283,0.3184875
1,test_er_50_00,er,50,ea,-1,303,96,0.3212,0.316875
1,test_er_50_00,er,50,ea,-1,303,192,0.3303,0.323375
1,test_er_50_00,er,50,global_log_mse,17,101,96,0.3311,0.3271375
1,test_er_50_00,er,50,global_log_mse,17,101,192,0.3394,0.324675
1,test_er_50_00,er,50,global_log_mse,17,202,96,0.3311,0.3220625
1,test_er_50_00,er,50,global_log_mse,17,202,192,0.3389,0.32835
1,test_er_50_00,er,50,global_log_mse,17,303,96,0.3349,0.325175
1,test_er_50_00,er,50,global_log_mse,17,303,192,0.3374,0.3256
1,test_er_50_00,er,50,global_log_mse,23,101,96,0.332,0.324725
1,test_er_50_00,er,50,global_log_mse,23,101,192,0.3377,0.3252375
1,test_er_50_00,er,50,global_log_mse,23,202,96,0.3311,0.3286875
1,test_er_50_00,er,50,global_log_mse,23,202,192,0.3416,0.3348125
1,test_er_50_00,er,50,global_log_mse,23,303,96,0.3337,0.324125
1,test_er_50_00,er,50,global_log_mse,23,303,192,0.3473,0.338325
1,test_er_50_00,er,50,global_mse,17,101,96,0.3323,0.324825
1,test_er_50_00,er,50,global_mse,17,101,192,0.3422,0.3311
1,test_er_50_00,er,50,global_mse,17,202,96,0.3274,0.3181
1,test_er_50_00,er,50,global_mse,17,202,192,0.3364,0.33685
1,test_er_50_00,er,50,global_mse,17,303,96,0.3293,0.323625
1,test_er_50_00,er,50,global_mse,17,303,192,0.339,0.3273375
1,test_er_50_00,er,50,global_mse,23,101,96,0.3325,0.3267875
1,test_er_50_00,er,50,global_mse,23,101,192,0.3441,0.3337
1,test_er_50_00,er,50,global_mse,23,202,96,0.3317,0.3267375
1,test_er_50_00,er,50,global_mse,23,202,192,0.3442,0.3357375
1,test_er_50_00,er,50,global_mse,23,303,96,0.3235,0.3176375
1,test_er_50_00,er,50,global_mse,23,303,192,0.3321,0.3223375
1,test_er_50_00,er,50,hillclimb,-1,101,96,0.333,0.322
1,test_er_50_00,er,50,hillclimb,-1,101,192,0.3365,0.3216
1,test_er_50_00,er,50,hillclimb,-1,202,96,0.3345,0.3253625
1,test_er_50_00,er,50,hillclimb,-1,202,192,0.3384,0.3287125
1,test_er_50_00,er,50,hillclimb,-1,303,96,0.326,0.31685
1,test_er_50_00,er,50,hillclimb,-1,303,192,0.3299,0.31595
1,test_er_50_00,er,50,log_mse,17,101,96,0.332,0.31755
1,test_er_50_00,er,50,log_mse,17,101,192,0.3427,0.32985
1,test_er_50_00,er,50,log_mse,17,202,96,0.3384,0.334625
1,test_er_50_00,er,50,log_mse,17,202,192,0.3431,0.3418125
1,test_er_50_00,er,50,log_mse,17,303,96,0.3336,0.3229
1,test_er_50_00,er,50,log_mse,17,303,192,0.3337,0.3241375
1,test_er_50_00,er,50,log_mse,23,101,96,0.3292,0.322675
1,test_er_50_00,er,50,log_mse,23,101,192,0.3431,0.3377
1,test_er_50_00,er,50,log_mse,23,202,96,0.3379,0.32945
1,test_er_50_00,er,50,log_mse,23,202,192,0.3514,0.3362875
1,test_er_50_00,er,50,log_mse,23,303,96,0.3279,0.3219375
1,test_er_50_00,er,50,log_mse,23,303,192,0.3392,0.3357375
1,test_er_50_00,er,50,mse,17,101,96,0.3393,0.331525
1,test_er_50_00,er,50,mse,17,101,192,0.3495,0.3387
1,test_er_50_00,er,50,mse,17,202,96,0.336,0.3281125
1,test_er_50_00,er,50,mse,17,202,192,0.3409,0.3316625
1,test_er_50_00,er,50,mse,17,303,96,0.3287,0.3155875
1,test_er_50_00,er,50,mse,17,303,192,0.3365,0.327225
1,test_er_50_00,er,50,mse,23,101,96,0.3311,0.3249875
1,test_er_50_00,er,50,mse,23,101,192,0.3368,0.329825
1,test_er_50_00,er,50,mse,23,202,96,0.338,0.3333875
1,test_er_50_00,er,50,mse,23,202,192,0.3444,0.3360375
1,test_er_50_00,er,50,mse,23,303,96,0.3294,0.3214
1,test_er_50_00,er,50,mse,23,303,192,0.334,0.329725
1,test_er_50_00,er,50,pool_random,-1,101,96,0.3201,0.313925
1,test_er_50_00,er,50,pool_random,-1,101,192,0.3214,0.3197875
1,test_er_50_00,er,50,pool_random,-1,202,96,0.3243,0.3133
1,test_er_50_00,er,50,pool_random,-1,202,192,0.3294,0.3233125
1,test_er_50_00,er,50,pool_random,-1,303,96,0.3213,0.3153
1,test_er_50_00,er,50,pool_random,-1,303,192,0.3242,0.3197375
1,test_er_50_00,er,50,random,-1,101,96,0.3181,0.3140875
1,test_er_50_00,er,50,random,-1,101,192,0.3196,0.3131125
1,test_er_50_00,er,50,random,-1,202,96,0.3201,0.316325
1,test_er_50_00,er,50,random,-1,202,192,0.3201,0.316325
1,test_er_50_00,er,50,random,-1,303,96,0.3164,0.3131
1,test_er_50_00,er,50,random,-1,303,192,0.3221,0.31675
1,test_er_50_00,er,50,ranknet,17,101,96,0.3325,0.3248
1,test_er_50_00,er,50,ranknet,17,101,192,0.3377,0.3338875
1,test_er_50_00,er,50,ranknet,17,202,96,0.332,0.3264875
1,test_er_50_00,er,50,ranknet,17,202,192,0.3428,0.3326875
1,test_er_50_00,er,50,ranknet,17,303,96,0.3283,0.3212125
1,test_er_50_00,er,50,ranknet,17,303,192,0.3357,0.324625
1,test_er_50_00,er,50,ranknet,23,101,96,0.3244,0.31555
1,test_er_50_00,er,50,ranknet,23,101,192,0.3354,0.327575
1,test_er_50_00,er,50,ranknet,23,202,96,0.3353,0.328925
1,test_er_50_00,er,50,ranknet,23,202,192,0.3491,0.332175
1,test_er_50_00,er,50,ranknet,23,303,96,0.3414,0.3321375
1,test_er_50_00,er,50,ranknet,23,303,192,0.3425,0.3334625
1,test_er_50_01,er,50,ea,-1,101,96,0.3338,0.3294
1,test_er_50_01,er,50,ea,-1,101,192,0.3401,0.3307125
1,test_er_50_01,er,50,ea,-1,202,96,0.3342,0.327825
1,test_er_50_01,er,50,ea,-1,202,192,0.3432,0.331475
1,test_er_50_01,er,50,ea,-1,303,96,0.3363,0.3355125
1,test_er_50_01,er,50,ea,-1,303,192,0.3455,0.335725
1,test_er_50_01,er,50,global_log_mse,17,101,96,0.3429,0.3381375
1,test_er_50_01,er,50,global_log_mse,17,101,192,0.3531,0.3443875
1,test_er_50_01,er,50,global_log_mse,17,202,96,0.3535,0.3441125
1,test_er_50_01,er,50,global_log_mse,17,202,192,0.3535,0.3441125
1,test_er_50_01,er,50,global_log_mse,17,303,96,0.3497,0.3426
1,test_er_50_01,er,50,global_log_mse,17,303,192,0.3535,0.3445625
1,test_er_50_01,er,50,global_log_mse,23,101,96,0.3452,0.3411
1,test_er_50_01,er,50,global_log_mse,23,101,192,0.3527,0.3435625
1,test_er_50_01,er,50,global_log_mse,23,202,96,0.3501,0.340025
1,test_er_50_01,er,50,global_log_mse,23,202,192,0.3523,0.3440125
1,test_er_50_01,er,50,global_log_mse,23,303,96,0.3487,0.339075
1,test_er_50_01,er,50,global_log_mse,23,303,192,0.3521,0.3442375
1,test_er_50_01,er,50,global_mse,17,101,96,0.3543,0.34505
1,test_er_50_01,er,50,global_mse,17,101,192,0.3567,0.34545
1,test_er_50_01,er,50,global_mse,17,202,96,0.3473,0.3453125
1,test_er_50_01,er,50,global_mse,17,202,192,0.3581,0.3468875
1,test_er_50_01,er,50,global_mse,17,303,96,0.3427,0.33935
1,test_er_50_01,er,50,global_mse,17,303,192,0.356,0.3459875
1,test_er_50_01,er,50,global_mse,23,101,96,0.3453,0.346025
1,test_er_50_01,er,50,global_mse,23,101,192,0.3524,0.348525
1,test_er_50_01,er,50,global_mse,23,202,96,0.3448,0.3414
1,test_er_50_01,er,50,global_mse,23,202,192,0.3509,0.3438125
1,test_er_50_01,er,50,global_mse,23,303,96,0.3438,0.334675
1,test_er_50_01,er,50,global_mse,23,303,192,0.3499,0.342525
1,test_er_50_01,er,50,hillclimb,-1,101,96,0.3417,0.33875
1,test_er_50_01,er,50,hillclimb,-1,101,192,0.3518,0.3425125
1,test_er_50_01,er,50,hillclimb,-1,202,96,0.3466,0.33985
1,test_er_50_01,er,50,hillclimb,-1,202,192,0.349,0.3368125
1,test_er_50_01,er,50,hillclimb,-1,303,96,0.3511,0.3418625
1,test_er_50_01,er,50,hillclimb,-1,303,192,0.3545,0.346775
1,test_er_50_01,er,50,log_mse,17,101,96,0.3433,0.3394875
1,test_er_50_01,er,50,log_mse,17,101,192,0.3539,0.3422875
1,test_er_50_01,er,50,log_mse,17,202,96,0.3444,0.341225
1,test_er_50_01,er,50,log_mse,17,202,192,0.3474,0.3404375
1,test_er_50_01,er,50,log_mse,17,303,96,0.3478,0.3370875
1,test_er_50_01,er,50,log_mse,17,303,192,0.3494,0.3365375
1,test_er_50_01,er,50,log_mse,23,101,96,0.3461,0.3361
1,test_er_50_01,er,50,log_mse,23,101,192,0.3517,0.34645
1,test_er_50_01,er,50,log_mse,23,202,96,0.3512,0.3460125
1,test_er_50_01,er,50,log_mse,23,202,192,0.3514,0.341775
1,test_er_50_01,er,50,log_mse,23,303,96,0.3484,0.344325
1,test_er_50_01,er,50,log_mse,23,303,192,0.3511,0.3490125
1,test_er_50_01,er,50,mse,17,101,96,0.3421,0.33895
1,test_er_50_01,er,50,mse,17,101,192,0.3552,0.3390125
1,test_er_50_01,er,50,mse,17,202,96,0.3409,0.331725
1,test_er_50_01,er,50,mse,17,202,192,0.3505,0.3433125
1,test_er_50_01,er,50,mse,17,303,96,0.344,0.3377125
1,test_er_50_01,er,50,mse,17,303,192,0.3501,0.3431875
1,test_er_50_01,er,50,mse,23,101,96,0.346,0.3404375
1,test_er_50_01,er,50,mse,23,101,192,0.3515,0.3392375
1,test_er_50_01,er,50,mse,23,202,96,0.3489,0.3368875
1,test_er_50_01,er,50,mse,23,202,192,0.3529,0.3474625
1,test_er_50_01,er,50,mse,23,303,96,0.3474,0.342625
1,test_er_50_01,er,50,mse,23,303,192,0.3517,0.3460375
1,test_er_50_01,er,50,pool_random,-1,101,96,0.3363,0.3306625
1,test_er_50_01,er,50,pool_random,-1,101,192,0.3396,0.3325625
1,test_er_50_01,er,50,pool_random,-1,202,96,0.3337,0.3287625
1,test_er_50_01,er,50,pool_random,-1,202,192,0.3397,0.32455
1,test_er_50_01,er,50,pool_random,-1,303,96,0.3331,0.331825
1,test_er_50_01,er,50,pool_random,-1,303,192,0.3397,0.3340875
1,test_er_50_01,er,50,random,-1,101,96,0.3331,0.33015
1,test_er_50_01,er,50,random,-1,101,192,0.3345,0.3302625
1,test_er_50_01,er,50,random,-1,202,96,0.3346,0.3275125
1,test_er_50_01,er,50,random,-1,202,192,0.337,0.3387375
1,test_er_50_01,er,50,random,-1,303,96,0.3309,0.322725
1,test_er_50_01,er,50,random,-1,303,192,0.3347,0.33485
1,test_er_50_01,er,50,ranknet,17,101,96,0.3512,0.34175
1,test_er_50_01,er,50,ranknet,17,101,192,0.3588,0.3439625
1,test_er_50_01,er,50,ranknet,17,202,96,0.3431,0.3394
1,test_er_50_01,er,50,ranknet,17,202,192,0.3513,0.3412375
1,test_er_50_01,er,50,ranknet,17,303,96,0.3502,0.343
1,test_er_50_01,er,50,ranknet,17,303,192,0.3537,0.346125
1,test_er_50_01,er,50,ranknet,23,101,96,0.3485,0.33385
1,test_er_50_01,er,50,ranknet,23,101,192,0.3531,0.339875
1,test_er_50_01,er,50,ranknet,23,202,96,0.3515,0.3457
1,test_er_50_01,er,50,ranknet,23,202,192,0.3516,0.3464375
1,test_er_50_01,er,50,ranknet,23,303,96,0.3477,0.3438375
1,test_er_50_01,er,50,ranknet,23,303,192,0.3496,0.342575
1,test_er_50_02,er,50,ea,-1,101,96,0.3162,0.3089625
1,test_er_50_02,er,50,ea,-1,101,192,0.3234,0.31855
1,test_er_50_02,er,50,ea,-1,202,96,0.3152,0.311375
1,test_er_50_02,er,50,ea,-1,202,192,0.3218,0.3217625
1,test_er_50_02,er,50,ea,-1,303,96,0.3192,0.3165625
1,test_er_50_02,er,50,ea,-1,303,192,0.3208,0.3157125
1,test_er_50_02,er,50,global_log_mse,17,101,96,0.3268,0.3199125
1,test_er_50_02,er,50,global_log_mse,17,101,192,0.34,0.334775
1,test_er_50_02,er,50,global_log_mse,17,202,96,0.3369,0.330725
1,test_er_50_02,er,50,global_log_mse,17,202,192,0.3418,0.3394
1,test_er_50_02,er,50,global_log_mse,17,303,96,0.3288,0.3239625
1,test_er_50_02,er,50,global_log_mse,17,303,192,0.3381,0.32855
1,test_er_50_02,er,50,global_log_mse,23,101,96,0.3243,0.3154875
1,test_er_50_02,er,50,global_log_mse,23,101,192,0.3317,0.330175
1,test_er_50_02,er,50,global_log_mse,23,202,96,0.3341,0.3292125
1,test_er_50_02,er,50,global_log_mse,23,202,192,0.3433,0.340675
1,test_er_50_02,er,50,global_log_mse,23,303,96,0.3307,0.324375
1,test_er_50_02,er,50,global_log_mse,23,303,192,0.3373,0.329125
1,test_er_50_02,er,50,global_mse,17,101,96,0.3317,0.3262
1,test_er_50_02,er,50,global_mse,17,101,192,0.3356,0.32755
1,test_er_50_02,er,50,global_mse,17,202,96,0.3318,0.32515
1,test_er_50_02,er,50,global_mse,17,202,192,0.3433,0.3370625
1,test_er_50_02,er,50,global_mse,17,303,96,0.3259,0.3247125
1,test_er_50_02,er,50,global_mse,17,303,192,0.3405,0.3372375
1,test_er_50_02,er,50,global_mse,23,101,96,0.3313,0.3268625
1,test_er_50_02,er,50,global_mse,23,101,192,0.3392,0.337625
1,test_er_50_02,er,50,global_mse,23,202,96,0.336,0.3270375
1,test_er_50_02,er,50,global_mse,23,202,192,0.3417,0.3314125
1,test_er_50_02,er,50,global_mse,23,303,96,0.3387,0.332025
1,test_er_50_02,er,50,global_mse,23,303,192,0.3393,0.3296125
1,test_er_50_02,er,50,hillclimb,-1,101,96,0.3305,0.326875
1,test_er_50_02,er,50,hillclimb,-1,101,192,0.3337,0.325225
1,test_er_50_02,er,50,hillclimb,-1,202,96,0.3287,0.3181875
1,test_er_50_02,er,50,hillclimb,-1,202,192,0.3366,0.3241625
1,test_er_50_02,er,50,hillclimb,-1,303,96,0.3227,0.315975
1,test_er_50_02,er,50,hillclimb,-1,303,192,0.3266,0.31495
1,test_er_50_02,er,50,log_mse,17,101,96,0.3333,0.327125
1,test_er_50_02,er,50,log_mse,17,101,192,0.3428,0.3360625
1,test_er_50_02,er,50,log_mse,17,202,96,0.335,0.334625
1,test_er_50_02,er,50,log_mse,17,202,192,0.3425,0.3363125
1,test_er_50_02,er,50,log_mse,17,303,96,0.3303,0.324975
1,test_er_50_02,er,50,log_mse,17,303,192,0.3385,0.3368625
1,test_er_50_02,er,50,log_mse,23,101,96,0.3309,0.3261
1,test_er_50_02,er,50,log_mse,23,101,192,0.3412,0.3301
1,test_er_50_02,er,50,log_mse,23,202,96,0.3326,0.3317125
1,test_er_50_02,er,50,log_mse,23,202,192,0.338,0.3347375
1,test_er_50_02,er,50,log_mse,23,303,96,0.3302,0.330775
1,test_er_50_02,er,50,log_mse,23,303,192,0.3372,0.3363
1,test_er_50_02,er,50,mse,17,101,96,0.3301,0.3252625
1,test_er_50_02,er,50,mse,17,101,192,0.3385,0.3340875
1,test_er_50_02,er,50,mse,17,202,96,0.3364,0.327475
1,test_er_50_02,er,50,mse,17,202,192,0.3415,0.3372
1,test_er_50_02,er,50,mse,17,303,96,0.3335,0.3274875
1,test_er_50_02,er,50,mse,17,303,192,0.3409,0.33055
1,test_er_50_02,er,50,mse,23,101,96,0.3292,0.3251
1,test_er_50_02,er,50,mse,23,101,192,0.3377,0.329925
1,test_er_50_02,er,50,mse,23,202,96,0.338,0.3308625
1,test_er_50_02,er,50,mse,23,202,192,0.3438,0.3343625
1,test_er_50_02,er,50,mse,23,303,96,0.3323,0.3284875
1,test_er_50_02,er,50,mse,23,303,192,0.3375,0.3312125
1,test_er_50_02,er,50,pool_random,-1,101,96,0.3164,0.312825
1,test_er_50_02,er,50,pool_random,-1,101,192,0.3247,0.3182125
1,test_er_50_02,er,50,pool_random,-1,202,96,0.3204,0.3111625
1,test_er_50_02,er,50,pool_random,-1,202,192,0.3247,0.31985
1,test_er_50_02,er,50,pool_random,-1,303,96,0.3195,0.315575
1,test_er_50_02,er,50,pool_random,-1,303,192,0.326,0.323475
1,test_er_50_02,er,50,random,-1,101,96,0.3239,0.3186875
1,test_er_50_02,er,50,random,-1,101,192,0.3239,0.3186875
1,test_er_50_02,er,50,random,-1,202,96,0.3113,0.308825
1,test_er_50_02,er,50,random,-1,202,192,0.3161,0.310925
1,test_er_50_02,er,50,random,-1,303,96,0.3161,0.311525
1,test_er_50_02,er,50,random,-1,303,192,0.3164,0.3126625
1,test_er_50_02,er,50,ranknet,17,101,96,0.3313,0.3294625
1,test_er_50_02,er,50,ranknet,17,101,192,0.349,0.336875
1,test_er_50_02,er,50,ranknet,17,202,96,0.3352,0.3308875
1,test_er_50_02,er,50,ranknet,17,202,192,0.3457,0.3411
1,test_er_50_02,er,50,ranknet,17,303,96,0.3362,0.32905
1,test_er_50_02,er,50,ranknet,17,303,192,0.3411,0.3326375
1,test_er_50_02,er,50,ranknet,23,101,96,0.3349,0.3264125
1,test_er_50_02,er,50,ranknet,23,101,192,0.3387,0.3319875
1,test_er_50_02,er,50,ranknet,23,202,96,0.3345,0.3229625
1,test_er_50_02,er,50,ranknet,23,202,192,0.3471,0.3396
1,test_er_50_02,er,50,ranknet,23,303,96,0.3332,0.3330625
1,test_er_50_02,er,50,ranknet,23,303,192,0.3406,0.3368
1,test_er_50_03,er,50,ea,-1,101,96,0.328,0.3209125
1,test_er_50_03,er,50,ea,-1,101,192,0.335,0.326225
1,test_er_50_03,er,50,ea,-1,202,96,0.3278,0.3237125
1,test_er_50_03,er,50,ea,-1,202,192,0.3334,0.3269125
1,test_er_50_03,er,50,ea,-1,303,96,0.3313,0.3242375
1,test_er_50_03,er,50,ea,-1,303,192,0.3317,0.32605
1,test_er_50_03,er,50,global_log_mse,17,101,96,0.3468,0.338475
1,test_er_50_03,er,50,global_log_mse,17,101,192,0.353,0.3404
1,test_er_50_03,er,50,global_log_mse,17,202,96,0.3366,0.329825
1,test_er_50_03,er,50,global_log_mse,17,202,192,0.343,0.3335
1,test_er_50_03,er,50,global_log_mse,17,303,96,0.3322,0.3300375
1,test_er_50_03,er,50,global_log_mse,17,303,192,0.3465,0.3386625
1,test_er_50_03,er,50,global_log_mse,23,101,96,0.3398,0.3288625
1,test_er_50_03,er,50,global_log_mse,23,101,192,0.3445,0.3395
1,test_er_50_03,er,50,global_log_mse,23,202,96,0.334,0.32405
1,test_er_50_03,er,50,global_log_mse,23,202,192,0.344,0.3346125
1,test_er_50_03,er,50,global_log_mse,23,303,96,0.3334,0.330025
1,test_er_50_03,er,50,global_log_mse,23,303,192,0.3421,0.3377125
1,test_er_50_03,er,50,global_mse,17,101,96,0.3343,0.32895
1,test_er_50_03,er,50,global_mse,17,101,192,0.3442,0.3333625
1,test_er_50_03,er,50,global_mse,17,202,96,0.3319,0.3265375
1,test_er_50_03,er,50,global_mse,17,202,192,0.3476,0.33315
1,test_er_50_03,er,50,global_mse,17,303,96,0.3347,0.3254875
1,test_er_50_03,er,50,global_mse,17,303,192,0.3444,0.3279625
1,test_er_50_03,er,50,global_mse,23,101,96,0.3369,0.334375
1,test_er_50_03,er,50,global_mse,23,101,192,0.3443,0.3384375
1,test_er_50_03,er,50,global_mse,23,202,96,0.3317,0.3342
1,test_er_50_03,er,50,global_mse,23,202,192,0.3396,0.329125
1,test_er_50_03,er,50,global_mse,23,303,96,0.3375,0.3335375
1,test_er_50_03,er,50,global_mse,23,303,192,0.3433,0.331375
1,test_er_50_03,er,50,hillclimb,-1,101,96,0.3349,0.32575
1,test_er_50_03,er,50,hillclimb,-1,101,192,0.3397,0.328475
1,test_er_50_03,er,50,hillclimb,-1,202,96,0.3323,0.31865
1,test_er_50_03,er,50,hillclimb,-1,202,192,0.3382,0.32535
1,test_er_50_03,er,50,hillclimb,-1,303,96,0.3325,0.32625
1,test_er_50_03,er,50,hillclimb,-1,303,192,0.3417,0.3302625
1,test_er_50_03,er,50,log_mse,17,101,96,0.3378,0.3281125
1,test_er_50_03,er,50,log_mse,17,101,192,0.3419,0.3247375
1,test_er_50_03,er,50,log_mse,17,202,96,0.3372,0.326975
1,test_er_50_03,er,50,log_mse,17,202,192,0.3388,0.3287875
1,test_er_50_03,er,50,log_mse,17,303,96,0.3359,0.3281625
1,test_er_50_03,er,50,log_mse,17,303,192,0.3438,0.3271875
1,test_er_50_03,er,50,log_mse,23,101,96,0.3384,0.3317
1,test_er_50_03,er,50,log_mse,23,101,192,0.3427,0.337975
1,test_er_50_03,er,50,log_mse,23,202,96,0.3386,0.3291375
1,test_er_50_03,er,50,log_mse,23,202,192,0.3447,0.3445125
1,test_er_50_03,er,50,log_mse,23,303,96,0.3388,0.3308
1,test_er_50_03,er,50,log_mse,23,303,192,0.346,0.339925
1,test_er_50_03,er,50,mse,17,101,96,0.3358,0.331225
1,test_er_50_03,er,50,mse,17,101,192,0.3435,0.3355875
1,test_er_50_03,er,50,mse,17,202,96,0.3372,0.331175
1,test_er_50_03,er,50,mse,17,202,192,0.3448,0.3376875
1,test_er_50_03,er,50,mse,17,303,96,0.334,0.3272875
1,test_er_50_03,er,50,mse,17,303,192,0.3437,0.3384375
1,test_er_50_03,er,50,mse,23,101,96,0.335,0.3344
1,test_er_50_03,er,50,mse,23,101,192,0.3426,0.33545
1,test_er_50_03,er,50,mse,23,202,96,0.3355,0.3337625
1,test_er_50_03,er,50,mse,23,202,192,0.3414,0.3312875
1,test_er_50_03,er,50,mse,23,303,96,0.3374,0.335775
1,test_er_50_03,er,50,mse,23,303,192,0.3486,0.339775
1,test_er_50_03,er,50,pool_random,-1,101,96,0.3291,0.32455
1,test_er_50_03,er,50,pool_random,-1,101,192,0.3327,0.32935
1,test_er_50_03,er,50,pool_random,-1,202,96,0.3285,0.325225
1,test_er_50_03,er,50,pool_random,-1,202,192,0.3369,0.3268
1,test_er_50_03,er,50,pool_random,-1,303,96,0.3279,0.3168625
1,test_er_50_03,er,50,pool_random,-1,303,192,0.3319,0.3276625
1,test_er_50_03,er,50,random,-1,101,96,0.3257,0.313275
1,test_er_50_03,er,50,random,-1,101,192,0.3262,0.317125
1,test_er_50_03,er,50,random,-1,202,96,0.3243,0.3172
1,test_er_50_03,er,50,random,-1,202,192,0.3259,0.318
1,test_er_50_03,er,50,random,-1,303,96,0.3256,0.3224
1,test_er_50_03,er,50,random,-1,303,192,0.3268,0.3221375
1,test_er_50_03,er,50,ranknet,17,101,96,0.3388,0.3308875
1,test_er_50_03,er,50,ranknet,17,101,192,0.3431,0.335775
1,test_er_50_03,er,50,ranknet,17,202,96,0.3397,0.3288125
1,test_er_50_03,er,50,ranknet,17,202,192,0.3433,0.3311
1,test_er_50_03,er,50,ranknet,17,303,96,0.3402,0.334725
1,test_er_50_03,er,50,ranknet,17,303,192,0.3448,0.3394625
1,test_er_50_03,er,50,ranknet,23,101,96,0.3416,0.3324
1,test_er_50_03,er,50,ranknet,23,101,192,0.3472,0.3350625
1,test_er_50_03,er,50,ranknet,23,202,96,0.3363,0.3310625
1,test_er_50_03,er,50,ranknet,23,202,192,0.3408,0.331475
1,test_er_50_03,er,50,ranknet,23,303,96,0.3393,0.3346625
1,test_er_50_03,er,50,ranknet,23,303,192,0.3477,0.340925
1,test_er_50_04,er,50,ea,-1,101,96,0.3423,0.3367125
1,test_er_50_04,er,50,ea,-1,101,192,0.3492,0.3420125
1,test_er_50_04,er,50,ea,-1,202,96,0.3437,0.3368125
1,test_er_50_04,er,50,ea,-1,202,192,0.3443,0.3403875
1,test_er_50_04,er,50,ea,-1,303,96,0.3432,0.3340125
1,test_er_50_04,er,50,ea,-1,303,192,0.3482,0.3427375
1,test_er_50_04,er,50,global_log_mse,17,101,96,0.3489,0.3436625
1,test_er_50_04,er,50,global_log_mse,17,101,192,0.3589,0.35625
1,test_er_50_04,er,50,global_log_mse,17,202,96,0.3556,0.3489375
1,test_er_50_04,er,50,global_log_mse,17,202,192,0.3604,0.350625
1,test_er_50_04,er,50,global_log_mse,17,303,96,0.3518,0.3480125
1,test_er_50_04,er,50,global_log_mse,17,303,192,0.3622,0.3547125
1,test_er_50_04,er,50,global_log_mse,23,101,96,0.3492,0.341075
1,test_er_50_04,er,50,global_log_mse,23,101,192,0.3575,0.3489375
1,test_er_50_04,er,50,global_log_mse,23,202,96,0.3525,0.3420875
1,test_er_50_04,er,50,global_log_mse,23,202,192,0.3561,0.34445
1,test_er_50_04,er,50,global_log_mse,23,303,96,0.3445,0.3404
1,test_er_50_04,er,50,global_log_mse,23,303,192,0.3547,0.3436625
1,test_er_50_04,er,50,global_mse,17,101,96,0.3523,0.3437125
1,test_er_50_04,er,50,global_mse,17,101,192,0.3593,0.3504625
1,test_er_50_04,er,50,global_mse,17,202,96,0.3519,0.3491875
1,test_er_50_04,er,50,global_mse,17,202,192,0.3641,0.352225
1,test_er_50_04,er,50,global_mse,17,303,96,0.349,0.3430875
1,test_er_50_04,er,50,global_mse,17,303,192,0.3551,0.3492
1,test_er_50_04,er,50,global_mse,23,101,96,0.3505,0.348875
1,test_er_50_04,er,50,global_mse,23,101,192,0.3592,0.347925
1,test_er_50_04,er,50,global_mse,23,202,96,0.3538,0.3474875
1,test_er_50_04,er,50,global_mse,23,202,192,0.356,0.3481125
1,test_er_50_04,er,50,global_mse,23,303,96,0.3439,0.338925
1,test_er_50_04,er,50,global_mse,23,303,192,0.3533,0.3448625
1,test_er_50_04,er,50,hillclimb,-1,101,96,0.3447,0.33525
1,test_er_50_04,er,50,hillclimb,-1,101,192,0.3497,0.3393375
1,test_er_50_04,er,50,hillclimb,-1,202,96,0.348,0.33865
1,test_er_50_04,er,50,hillclimb,-1,202,192,0.3557,0.3386375
1,test_er_50_04,er,50,hillclimb,-1,303,96,0.3509,0.337275
1,test_er_50_04,er,50,hillclimb,-1,303,192,0.353,0.337075
1,test_er_50_04,er,50,log_mse,17,101,96,0.3501,0.340925
1,test_er_50_04,er,50,log_mse,17,101,192,0.3544,0.3492625
1,test_er_50_04,er,50,log_mse,17,202,96,0.3552,0.3459375
1,test_er_50_04,er,50,log_mse,17,202,192,0.361,0.350925
1,test_er_50_04,er,50,log_mse,17,303,96,0.3507,0.3445375
1,test_er_50_04,er,50,log_mse,17,303,192,0.356,0.3477875
1,test_er_50_04,er,50,log_mse,23,101,96,0.3495,0.3482125
1,test_er_50_04,er,50,log_mse,23,101,192,0.3571,0.3520125
1,test_er_50_04,er,50,log_mse,23,202,96,0.353,0.3469875
1,test_er_50_04,er,50,log_mse,23,202,192,0.3602,0.346575
1,test_er_50_04,er,50,log_mse,23,303,96,0.3491,0.343175
1,test_er_50_04,er,50,log_mse,23,303,192,0.3572,0.348925
1,test_er_50_04,er,50,mse,17,101,96,0.3495,0.3439875
1,test_er_50_04,er,50,mse,17,101,192,0.3513,0.3454875
1,test_er_50_04,er,50,mse,17,202,96,0.3535,0.3454125
1,test_er_50_04,er,50,mse,17,202,192,0.357,0.351125
1,test_er_50_04,er,50,mse,17,303,96,0.3526,0.34775
1,test_er_50_04,er,50,mse,17,303,192,0.354,0.3475375
1,test_er_50_04,er,50,mse,23,101,96,0.3522,0.3454375
1,test_er_50_04,er,50,mse,23,101,192,0.357,0.3496
1,test_er_50_04,er,50,mse,23,202,96,0.3546,0.345025
1,test_er_50_04,er,50,mse,23,202,192,0.3559,0.3508625
1,test_er_50_04,er,50,mse,23,303,96,0.3521,0.34485
1,test_er_50_04,er,50,mse,23,303,192,0.3562,0.3497625
1,test_er_50_04,er,50,pool_random,-1,101,96,0.3441,0.336
1,test_er_50_04,er,50,pool_random,-1,101,192,0.3516,0.34465
1,test_er_50_04,er,50,pool_random,-1,202,96,0.3437,0.336925
1,test_er_50_04,er,50,pool_random,-1,202,192,0.3437,0.336925
1,test_er_50_04,er,50,pool_random,-1,303,96,0.3398,0.33435
1,test_er_50_04,er,50,pool_random,-1,303,192,0.3469,0.339925
1,test_er_50_04,er,50,random,-1,101,96,0.343,0.3338875
1,test_er_50_04,er,50,random,-1,101,192,0.343,0.3338875
1,test_er_50_04,er,50,random,-1,202,96,0.3363,0.3347875
1,test_er_50_04,er,50,random,-1,202,192,0.3396,0.3301625
1,test_er_50_04,er,50,random,-1,303,96,0.3412,0.3402625
1,test_er_50_04,er,50,random,-1,303,192,0.346,0.332425
1,test_er_50_04,er,50,ranknet,17,101,96,0.352,0.3434125
1,test_er_50_04,er,50,ranknet,17,101,192,0.3576,0.3506875
1,test_er_50_04,er,50,ranknet,17,202,96,0.3501,0.3424875
1,test_er_50_04,er,50,ranknet,17,202,192,0.3549,0.3470875
1,test_er_50_04,er,50,ranknet,17,303,96,0.3529,0.3453
1,test_er_50_04,er,50,ranknet,17,303,192,0.3546,0.3460875
1,test_er_50_04,er,50,ranknet,23,101,96,0.3538,0.3445375
1,test_er_50_04,er,50,ranknet,23,101,192,0.3569,0.3507
1,test_er_50_04,er,50,ranknet,23,202,96,0.3518,0.346075
1,test_er_50_04,er,50,ranknet,23,202,192,0.3571,0.345975
1,test_er_50_04,er,50,ranknet,23,303,96,0.353,0.3476125
1,test_er_50_04,er,50,ranknet,23,303,192,0.3592,0.3497
1,test_er_50_05,er,50,ea,-1,101,96,0.3208,0.317875
1,test_er_50_05,er,50,ea,-1,101,192,0.3269,0.3206125
1,test_er_50_05,er,50,ea,-1,202,96,0.3207,0.315575
1,test_er_50_05,er,50,ea,-1,202,192,0.3352,0.32515
1,test_er_50_05,er,50,ea,-1,303,96,0.3195,0.316675
1,test_er_50_05,er,50,ea,-1,303,192,0.3303,0.32305
1,test_er_50_05,er,50,global_log_mse,17,101,96,0.3329,0.3271625
1,test_er_50_05,er,50,global_log_mse,17,101,192,0.3353,0.3259125
1,test_er_50_05,er,50,global_log_mse,17,202,96,0.3273,0.324025
1,test_er_50_05,er,50,global_log_mse,17,202,192,0.3387,0.3312125
1,test_er_50_05,er,50,global_log_mse,17,303,96,0.3385,0.329825
1,test_er_50_05,er,50,global_log_mse,17,303,192,0.3438,0.331525
1,test_er_50_05,er,50,global_log_mse,23,101,96,0.3348,0.32365
1,test_er_50_05,er,50,global_log_mse,23,101,192,0.3386,0.3234375
1,test_er_50_05,er,50,global_log_mse,23,202,96,0.3324,0.3223375
1,test_er_50_05,er,50,global_log_mse,23,202,192,0.334,0.325325
1,test_er_50_05,er,50,global_log_mse,23,303,96,0.3371,0.329775
1,test_er_50_05,er,50,global_log_mse,23,303,192,0.342,0.33615
1,test_er_50_05,er,50,global_mse,17,101,96,0.3339,0.3291
1,test_er_50_05,er,50,global_mse,17,101,192,0.3416,0.3319375
1,test_er_50_05,er,50,global_mse,17,202,96,0.3278,0.3211375
1,test_er_50_05,er,50,global_mse,17,202,192,0.3438,0.3351
1,test_er_50_05,er,50,global_mse,17,303,96,0.3338,0.3228125
1,test_er_50_05,er,50,global_mse,17,303,192,0.3399,0.33
1,test_er_50_05,er,50,global_mse,23,101,96,0.3298,0.3235375
1,test_er_50_05,er,50,global_mse,23,101,192,0.3424,0.327525
1,test_er_50_05,er,50,global_mse,23,202,96,0.3303,0.32165
1,test_er_50_05,er,50,global_mse,23,202,192,0.3428,0.336725
1,test_er_50_05,er,50,global_mse,23,303,96,0.3352,0.32695
1,test_er_50_05,er,50,global_mse,23,303,192,0.3437,0.330575
1,test_er_50_05,er,50,hillclimb,-1,101,96,0.3279,0.3263625
1,test_er_50_05,er,50,hillclimb,-1,101,192,0.333,0.325075
1,test_er_50_05,er,50,hillclimb,-1,202,96,0.3235,0.315675
1,test_er_50_05,er,50,hillclimb,-1,202,192,0.3371,0.32255
1,test_er_50_05,er,50,hillclimb,-1,303,96,0.3271,0.3214125
1,test_er_50_05,er,50,hillclimb,-1,303,192,0.3295,0.3200375
1,test_er_50_05,er,50,log_mse,17,101,96,0.328,0.3238875
1,test_er_50_05,er,50,log_mse,17,101,192,0.3347,0.32425
1,test_er_50_05,er,50,log_mse,17,202,96,0.3345,0.3320625
1,test_er_50_05,er,50,log_mse,17,202,192,0.339,0.3259625
1,test_er_50_05,er,50,log_mse,17,303,96,0.335,0.3256625
1,test_er_50_05,er,50,log_mse,17,303,192,0.3391,0.3359375
1,test_er_50_05,er,50,log_mse,23,101,96,0.3349,0.3258
1,test_er_50_05,er,50,log_mse,23,101,192,0.337,0.3295375
1,test_er_50_05,er,50,log_mse,23,202,96,0.3346,0.3233875
1,test_er_50_05,er,50,log_mse,23,202,192,0.3346,0.3233875
1,test_er_50_05,er,50,log_mse,23,303,96,0.3367,0.32545
1,test_er_50_05,er,50,log_mse,23,303,192,0.3427,0.332775
1,test_er_50_05,er,50,mse,17,101,96,0.336,0.3234125
1,test_er_50_05,er,50,mse,17,101,192,0.336,0.3234125
1,test_er_50_05,er,50,mse,17,202,96,0.3347,0.3214
1,test_er_50_05,er,50,mse,17,202,192,0.3382,0.321375
1,test_er_50_05,er,50,mse,17,303,96,0.3279,0.3247875
1,test_er_50_05,er,50,mse,17,303,192,0.3397,0.3330625
1,test_er_50_05,er,50,mse,23,101,96,0.3338,0.328525
1,test_er_50_05,er,50,mse,23,101,192,0.3419,0.32595
1,test_er_50_05,er,50,mse,23,202,96,0.329,0.322525
1,test_er_50_05,er,50,mse,23,202,192,0.3404,0.3320125
1,test_er_50_05,er,50,mse,23,303,96,0.3299,0.3211625
1,test_er_50_05,er,50,mse,23,303,192,0.3365,0.33375
1,test_er_50_05,er,50,pool_random,-1,101,96,0.3313,0.3231125
1,test_er_50_05,er,50,pool_random,-1,101,192,0.3313,0.3231125
1,test_er_50_05,er,50,pool_random,-1,202,96,0.3247,0.32035
1,test_er_50_05,er,50,pool_random,-1,202,192,0.3322,0.3269
1,test_er_50_05,er,50,pool_random,-1,303,96,0.3214,0.3194625
1,test_er_50_05,er,50,pool_random,-1,303,192,0.326,0.3213
1,test_er_50_05,er,50,random,-1,101,96,0.3177,0.307025
1,test_er_50_05,er,50,random,-1,101,192,0.3177,0.307025
1,test_er_50_05,er,50,random,-1,202,96,0.3184,0.3139875
1,test_er_50_05,er,50,random,-1,202,192,0.3191,0.312225
1,test_er_50_05,er,50,random,-1,303,96,0.3149,0.316275
1,test_er_50_05,er,50,random,-1,303,192,0.3149,0.316275
1,test_er_50_05,er,50,ranknet,17,101,96,0.331,0.3267625
1,test_er_50_05,er,50,ranknet,17,101,192,0.3431,0.332675
1,test_er_50_05,er,50,ranknet,17,202,96,0.3348,0.3259875
1,test_er_50_05,er,50,ranknet,17,202,192,0.3407,0.3282375
1,test_er_50_05,er,50,ranknet,17,303,96,0.3275,0.3237375
1,test_er_50_05,er,50,ranknet,17,303,192,0.3415,0.3330625
1,test_er_50_05,er,50,ranknet,23,101,96,0.3306,0.329125
1,test_er_50_05,er,50,ranknet,23,101,192,0.3382,0.3338875
1,test_er_50_05,er,50,ranknet,23,202,96,0.3285,0.32315
1,test_er_50_05,er,50,ranknet,23,202,192,0.3371,0.3309
1,test_er_50_05,er,50,ranknet,23,303,96,0.332,0.3234875
1,test_er_50_05,er,50,ranknet,23,303,192,0.3369,0.3282
1,test_er_50_06,er,50,ea,-1,101,96,0.3076,0.3038
1,test_er_50_06,er,50,ea,-1,101,192,0.3181,0.3165375
1,test_er_50_06,er,50,ea,-1,202,96,0.3016,0.3018375
1,test_er_50_06,er,50,ea,-1,202,192,0.3129,0.30695
1,test_er_50_06,er,50,ea,-1,303,96,0.3106,0.314025
1,test_er_50_06,er,50,ea,-1,303,192,0.3182,0.3168375
1,test_er_50_06,er,50,global_log_mse,17,101,96,0.3196,0.318125
1,test_er_50_06,er,50,global_log_mse,17,101,192,0.3318,0.3279375
1,test_er_50_06,er,50,global_log_mse,17,202,96,0.3259,0.3206
1,test_er_50_06,er,50,global_log_mse,17,202,192,0.329,0.3211125
1,test_er_50_06,er,50,global_log_mse,17,303,96,0.3156,0.310175
1,test_er_50_06,er,50,global_log_mse,17,303,192,0.3243,0.3157375
1,test_er_50_06,er,50,global_log_mse,23,101,96,0.3281,0.3212625
1,test_er_50_06,er,50,global_log_mse,23,101,192,0.3388,0.324075
1,test_er_50_06,er,50,global_log_mse,23,202,96,0.3307,0.3233875
1,test_er_50_06,er,50,global_log_mse,23,202,192,0.336,0.322175
1,test_er_50_06,er,50,global_log_mse,23,303,96,0.3239,0.3197375
1,test_er_50_06,er,50,global_log_mse,23,303,192,0.333,0.3199875
1,test_er_50_06,er,50,global_mse,17,101,96,0.3175,0.31485
1,test_er_50_06,er,50,global_mse,17,101,192,0.3278,0.320775
1,test_er_50_06,er,50,global_mse,17,202,96,0.3134,0.3100375
1,test_er_50_06,er,50,global_mse,17,202,192,0.3274,0.3201375
1,test_er_50_06,er,50,global_mse,17,303,96,0.3223,0.3168625
1,test_er_50_06,er,50,global_mse,17,303,192,0.3285,0.3227
1,test_er_50_06,er,50,global_mse,23,101,96,0.3287,0.3228
1,test_er_50_06,er,50,global_mse,23,101,192,0.3344,0.3311
1,test_er_50_06,er,50,global_mse,23,202,96,0.322,0.317675
1,test_er_50_06,er,50,global_mse,23,202,192,0.3334,0.32375
1,test_er_50_06,er,50,global_mse,23,303,96,0.3188,0.3141625
1,test_er_50_06,er,50,global_mse,23,303,192,0.3276,0.3185125
1,test_er_50_06,er,50,hillclimb,-1,101,96,0.3164,0.3114875
1,test_er_50_06,er,50,hillclimb,-1,101,192,0.3244,0.3125
1,test_er_50_06,er,50,hillclimb,-1,202,96,0.3145,0.31125
1,test_er_50_06,er,50,hillclimb,-1,202,192,0.3266,0.3176125
1,test_er_50_06,er,50,hillclimb,-1,303,96,0.3154,0.312575
1,test_er_50_06,er,50,hillclimb,-1,303,192,0.3204,0.3114625
1,test_er_50_06,er,50,log_mse,17,101,96,0.3254,0.319775
1,test_er_50_06,er,50,log_mse,17,101,192,0.3342,0.3283875
1,test_er_50_06,er,50,log_mse,17,202,96,0.3125,0.3131
1,test_er_50_06,er,50,log_mse,17,202,192,0.3238,0.3168875
1,test_er_50_06,er,50,log_mse,17,303,96,0.3129,0.3038375
1,test_er_50_06,er,50,log_mse,17,303,192,0.3281,0.322725
1,test_er_50_06,er,50,log_mse,23,101,96,0.3305,0.3255125
1,test_er_50_06,er,50,log_mse,23,101,192,0.3337,0.3265875
1,test_er_50_06,er,50,log_mse,23,202,96,0.3202,0.3125875
1,test_er_50_06,er,50,log_mse,23,202,192,0.3288,0.3247625
1,test_er_50_06,er,50,log_mse,23,303,96,0.3279,0.3239125
1,test_er_50_06,er,50,log_mse,23,303,192,0.3337,0.3293625
1,test_er_50_06,er,50,mse,17,101,96,0.3242,0.3229875
1,test_er_50_06,er,50,mse,17,101,192,0.3341,0.3269125
1,test_er_50_06,er,50,mse,17,202,96,0.3151,0.3151375
1,test_er_50_06,er,50,mse,17,202,192,0.3255,0.3213875
1,test_er_50_06,er,50,mse,17,303,96,0.3218,0.317375
1,test_er_50_06,er,50,mse,17,303,192,0.3298,0.320575
1,test_er_50_06,er,50,mse,23,101,96,0.3213,0.31945
1,test_er_50_06,er,50,mse,23,101,192,0.3295,0.324325
1,test_er_50_06,er,50,mse,23,202,96,0.3149,0.3112
1,test_er_50_06,er,50,mse,23,202,192,0.3217,0.31545
1,test_er_50_06,er,50,mse,23,303,96,0.3266,0.3218875
1,test_er_50_06,er,50,mse,23,303,192,0.3311,0.322875
1,test_er_50_06,er,50,pool_random,-1,101,96,0.3068,0.3059
1,test_er_50_06,er,50,pool_random,-1,101,192,0.3125,0.308975
1,test_er_50_06,er,50,pool_random,-1,202,96,0.3077,0.3067
1,test_er_50_06,er,50,pool_random,-1,202,192,0.315,0.3072
1,test_er_50_06,er,50,pool_random,-1,303,96,0.3155,0.3087625
1,test_er_50_06,er,50,pool_random,-1,303,192,0.3175,0.3136
1,test_er_50_06,er,50,random,-1,101,96,0.3037,0.3032875
1,test_er_50_06,er,50,random,-1,101,192,0.3037,0.3032875
1,test_er_50_06,er,50,random,-1,202,96,0.3063,0.304025
1,test_er_50_06,er,50,random,-1,202,192,0.3069,0.3024
1,test_er_50_06,er,50,random,-1,303,96,0.304,0.304725
1,test_er_50_06,er,50,random,-1,303,192,0.3098,0.3024125
1,test_er_50_06,er,50,ranknet,17,101,96,0.3192,0.313175
1,test_er_50_06,er,50,ranknet,17,101,192,0.3207,0.315275
1,test_er_50_06,er,50,ranknet,17,202,96,0.3207,0.3174625
1,test_er_50_06,er,50,ranknet,17,202,192,0.3247,0.3221
1,test_er_50_06,er,50,ranknet,17,303,96,0.3263,0.3220625
1,test_er_50_06,er,50,ranknet,17,303,192,0.3361,0.33145
1,test_er_50_06,er,50,ranknet,23,101,96,0.3279,0.3228625
1,test_er_50_06,er,50,ranknet,23,101,192,0.3369,0.3297125
1,test_er_50_06,er,50,ranknet,23,202,96,0.325,0.318
1,test_er_50_06,er,50,ranknet,23,202,192,0.3318,0.3214625
1,test_er_50_06,er,50,ranknet,23,303,96,0.3291,0.32465
1,test_er_50_06,er,50,ranknet,23,303,192,0.3304,0.325425
1,test_er_50_07,er,50,ea,-1,101,96,0.3267,0.3211125
1,test_er_50_07,er,50,ea,-1,101,192,0.3342,0.3301625
1,test_er_50_07,er,50,ea,-1,202,96,0.3388,0.329425
1,test_er_50_07,er,50,ea,-1,202,192,0.3431,0.328875
1,test_er_50_07,er,50,ea,-1,303,96,0.3266,0.3130875
1,test_er_50_07,er,50,ea,-1,303,192,0.3348,0.3229125
1,test_er_50_07,er,50,global_log_mse,17,101,96,0.3418,0.3340375
1,test_er_50_07,er,50,global_log_mse,17,101,192,0.3516,0.335525
1,test_er_50_07,er,50,global_log_mse,17,202,96,0.3332,0.32825
1,test_er_50_07,er,50,global_log_mse,17,202,192,0.3458,0.336
1,test_er_50_07,er,50,global_log_mse,17,303,96,0.3454,0.34525
1,test_er_50_07,er,50,global_log_mse,17,303,192,0.3548,0.342425
1,test_er_50_07,er,50,global_log_mse,23,101,96,0.3491,0.3392125
1,test_er_50_07,er,50,global_log_mse,23,101,192,0.3505,0.3307125
1,test_er_50_07,er,50,global_log_mse,23,202,96,0.3365,0.3307375
1,test_er_50_07,er,50,global_log_mse,23,202,192,0.3424,0.3369125
1,test_er_50_07,er,50,global_log_mse,23,303,96,0.3428,0.3365875
1,test_er_50_07,er,50,global_log_mse,23,303,192,0.348,0.3396125
1,test_er_50_07,er,50,global_mse,17,101,96,0.3383,0.328525
1,test_er_50_07,er,50,global_mse,17,101,192,0.3442,0.3366375
1,test_er_50_07,er,50,global_mse,17,202,96,0.3386,0.334425
1,test_er_50_07,er,50,global_mse,17,202,192,0.3476,0.3387875
1,test_er_50_07,er,50,global_mse,17,303,96,0.3373,0.3318625
1,test_er_50_07,er,50,global_mse,17,303,192,0.3414,0.3301875
1,test_er_50_07,er,50,global_mse,23,101,96,0.3379,0.3350125
1,test_er_50_07,er,50,global_mse,23,101,192,0.3487,0.3369125
1,test_er_50_07,er,50,global_mse,23,202,96,0.3389,0.3252125
1,test_er_50_07,er,50,global_mse,23,202,192,0.3477,0.338725
1,test_er_50_07,er,50,global_mse,23,303,96,0.3451,0.338125
1,test_er_50_07,er,50,global_mse,23,303,192,0.3476,0.3367375
1,test_er_50_07,er,50,hillclimb,-1,101,96,0.3367,0.3317375
1,test_er_50_07,er,50,hillclimb,-1,101,192,0.3432,0.3256875
1,test_er_50_07,er,50,hillclimb,-1,202,96,0.3427,0.3168625
1,test_er_50_07,er,50,hillclimb,-1,202,192,0.3463,0.3230375
1,test_er_50_07,er,50,hillclimb,-1,303,96,0.3392,0.3264875
1,test_er_50_07,er,50,hillclimb,-1,303,192,0.3471,0.3291375
1,test_er_50_07,er,50,log_mse,17,101,96,0.3428,0.3397625
1,test_er_50_07,er,50,log_mse,17,101,192,0.3512,0.344025
1,test_er_50_07,er,50,log_mse,17,202,96,0.3342,0.3265625
1,test_er_50_07,er,50,log_mse,17,202,192,0.3419,0.3346
1,test_er_50_07,er,50,log_mse,17,303,96,0.3336,0.3309375
1,test_er_50_07,er,50,log_mse,17,303,192,0.3456,0.33815
1,test_er_50_07,er,50,log_mse,23,101,96,0.3438,0.3321875
1,test_er_50_07,er,50,log_mse,23,101,192,0.3554,0.3424
1,test_er_50_07,er,50,log_mse,23,202,96,0.3349,0.32485
1,test_er_50_07,er,50,log_mse,23,202,192,0.3443,0.33925
1,test_er_50_07,er,50,log_mse,23,303,96,0.347,0.3273125
1,test_er_50_07,er,50,log_mse,23,303,192,0.347,0.3273125
1,test_er_50_07,er,50,mse,17,101,96,0.34,0.3260125
1,test_er_50_07,er,50,mse,17,101,192,0.3439,0.3278
1,test_er_50_07,er,50,mse,17,202,96,0.3418,0.334675
1,test_er_50_07,er,50,mse,17,202,192,0.3462,0.33955
1,test_er_50_07,er,50,mse,17,303,96,0.3355,0.3315875
1,test_er_50_07,er,50,mse,17,303,192,0.3449,0.338675
1,test_er_50_07,er,50,mse,23,101,96,0.3411,0.332775
1,test_er_50_07,er,50,mse,23,101,192,0.3487,0.3405375
1,test_er_50_07,er,50,mse,23,202,96,0.338,0.3244875
1,test_er_50_07,er,50,mse,23,202,192,0.3409,0.3356
1,test_er_50_07,er,50,mse,23,303,96,0.3353,0.326325
1,test_er_50_07,er,50,mse,23,303,192,0.3461,0.34095
1,test_er_50_07,er,50,pool_random,-1,101,96,0.3301,0.324825
1,test_er_50_07,er,50,pool_random,-1,101,192,0.3334,0.3149
1,test_er_50_07,er,50,pool_random,-1,202,96,0.3297,0.311275
1,test_er_50_07,er,50,pool_random,-1,202,192,0.3375,0.3225625
1,test_er_50_07,er,50,pool_random,-1,303,96,0.3277,0.3238875
1,test_er_50_07,er,50,pool_random,-1,303,192,0.3342,0.328075
1,test_er_50_07,er,50,random,-1,101,96,0.3263,0.3202875
1,test_er_50_07,er,50,random,-1,101,192,0.3355,0.3265875
1,test_er_50_07,er,50,random,-1,202,96,0.3216,0.3138875
1,test_er_50_07,er,50,random,-1,202,192,0.3253,0.3236375
1,test_er_50_07,er,50,random,-1,303,96,0.3258,0.32165
1,test_er_50_07,er,50,random,-1,303,192,0.3258,0.32165
1,test_er_50_07,er,50,ranknet,17,101,96,0.3435,0.3353875
1,test_er_50_07,er,50,ranknet,17,101,192,0.3506,0.34465
1,test_er_50_07,er,50,ranknet,17,202,96,0.3396,0.335725
1,test_er_50_07,er,50,ranknet,17,202,192,0.3463,0.3353375
1,test_er_50_07,er,50,ranknet,17,303,96,0.3385,0.33695
1,test_er_50_07,er,50,ranknet,17,303,192,0.3466,0.3371
1,test_er_50_07,er,50,ranknet,23,101,96,0.342,0.3414875
1,test_er_50_07,er,50,ranknet,23,101,192,0.3457,0.342275
1,test_er_50_07,er,50,ranknet,23,202,96,0.3452,0.329225
1,test_er_50_07,er,50,ranknet,23,202,192,0.3504,0.3346625
1,test_er_50_07,er,50,ranknet,23,303,96,0.3436,0.332275
1,test_er_50_07,er,50,ranknet,23,303,192,0.3514,0.3409625
