block,task_id,family,n,comparator,budget,field,log_ratio,absolute_r_difference,rank_r,baseline_r,matched_seed_pairs
0,test_ba_100_00,ba,100,selected_regression,96,best_r,0.010256195913737358,0.0025208333333333285,0.255275,0.25275416666666667,6
0,test_ba_100_01,ba,100,selected_regression,96,best_r,0.0026077176034791753,0.0006708333333333242,0.26085833333333336,0.2601875,6
0,test_ba_100_02,ba,100,selected_regression,96,best_r,0.02096945143729087,0.004750000000000004,0.23146666666666668,0.22671666666666668,6
0,test_ba_100_03,ba,100,selected_regression,96,best_r,0.0376223187288884,0.008695833333333328,0.23652083333333337,0.22782500000000003,6
0,test_ba_100_04,ba,100,selected_regression,96,best_r,0.018614383048837113,0.004387499999999998,0.23957916666666668,0.23519166666666666,6
0,test_ba_100_05,ba,100,selected_regression,96,best_r,0.02240122786541594,0.005345833333333337,0.24100416666666666,0.23565833333333333,6
0,test_ba_100_06,ba,100,selected_regression,96,best_r,0.01933603242522244,0.004804166666666669,0.2520125,0.24720833333333336,6
0,test_ba_100_07,ba,100,selected_regression,96,best_r,0.02155613164799885,0.004549999999999994,0.2142625,0.2097125,6
0,test_ba_50_00,ba,50,selected_regression,96,best_r,0.009644680614694616,0.0023833333333333298,0.24728333333333333,0.2449,6
0,test_ba_50_01,ba,50,selected_regression,96,best_r,0.019150151514933208,0.005316666666666664,0.28075000000000006,0.27543333333333336,6
0,test_ba_50_02,ba,50,selected_regression,96,best_r,0.024353462780441093,0.0066833333333333285,0.27799999999999997,0.27131666666666665,6
0,test_ba_50_03,ba,50,selected_regression,96,best_r,0.041488289240313246,0.010916666666666667,0.26858333333333334,0.25766666666666665,6
0,test_ba_50_04,ba,50,selected_regression,96,best_r,0.031483497035452966,0.00796666666666665,0.2579166666666666,0.24995,6
0,test_ba_50_05,ba,50,selected_regression,96,best_r,0.05314543409683573,0.014833333333333356,0.28681666666666666,0.2719833333333333,6
0,test_ba_50_06,ba,50,selected_regression,96,best_r,0.028573952062832916,0.007783333333333327,0.2760333333333333,0.26824999999999993,6
0,test_ba_50_07,ba,50,selected_regression,96,best_r,0.019555395527457786,0.005150000000000006,0.26348333333333335,0.2583333333333333,6
0,test_er_100_00,er,100,selected_regression,96,best_r,0.003185023385935442,0.0010166666666666564,0.31973333333333337,0.3187166666666667,6
0,test_er_100_01,er,100,selected_regression,96,best_r,0.000798077825350199,0.0002666666666666558,0.32384583333333333,0.3235791666666667,6
0,test_er_100_02,er,100,selected_regression,96,best_r,0.008010703679219031,0.0025833333333333355,0.3217708333333333,0.3191875,6
0,test_er_100_03,er,100,selected_regression,96,best_r,0.008307982627656923,0.0026166666666666747,0.3128458333333333,0.3102291666666666,6
0,test_er_100_04,er,100,selected_regression,96,best_r,0.0013116712611720217,0.0004125000000000008,0.32059166666666666,0.3201791666666667,6
0,test_er_100_05,er,100,selected_regression,96,best_r,0.004539054620158598,0.0014458333333333313,0.3187125,0.3172666666666667,6
0,test_er_100_06,er,100,selected_regression,96,best_r,0.009004614517048112,0.0029208333333333447,0.3270541666666667,0.32413333333333333,6
0,test_er_100_07,er,100,selected_regression,96,best_r,0.007724214189935532,0.002558333333333329,0.3319833333333333,0.329425,6
0,test_er_50_00,er,50,selected_regression,96,best_r,0.009127144358423545,0.0031333333333333213,0.34408333333333335,0.34095000000000003,6
0,test_er_50_01,er,50,selected_regression,96,best_r,-0.0007433705634594858,-0.0002666666666666743,0.3391166666666667,0.33938333333333337,6
0,test_er_50_02,er,50,selected_regression,96,best_r,0.0009984317126327062,0.0003333333333333244,0.34725,0.3469166666666667,6
0,test_er_50_03,er,50,selected_regression,96,best_r,0.00556601573803141,0.0018833333333333295,0.3372833333333333,0.3354,6
0,test_er_50_04,er,50,selected_regression,96,best_r,-0.005208201018915036,-0.0017666666666666757,0.33368333333333333,0.33545,6
0,test_er_50_05,er,50,selected_regression,96,best_r,0.0037372641372843004,0.0013166666666666698,0.35205000000000003,0.35073333333333334,6
0,test_er_50_06,er,50,selected_regression,96,best_r,0.005096521071140454,0.0017000000000000164,0.33440000000000003,0.33269999999999994,6
0,test_er_50_07,er,50,selected_regression,96,best_r,-0.004741638556310214,-0.0015833333333333348,0.3335666666666666,0.33515,6
1,test_ba_100_00,ba,100,selected_regression,96,best_r,0.029822672840527947,0.007616666666666679,0.25887499999999997,0.25125833333333336,6
1,test_ba_100_01,ba,100,selected_regression,96,best_r,0.027290063767783687,0.00642500000000001,0.23837916666666667,0.23195416666666666,6
1,test_ba_100_02,ba,100,selected_regression,96,best_r,0.017898251241019642,0.004491666666666658,0.2541125,0.24962083333333332,6
1,test_ba_100_03,ba,100,selected_regression,96,best_r,0.012397746687937644,0.0030916666666666683,0.2524875,0.2493958333333333,6
1,test_ba_100_04,ba,100,selected_regression,96,best_r,0.027322397017517968,0.0065041666666666624,0.24115833333333334,0.2346541666666667,6
1,test_ba_100_05,ba,100,selected_regression,96,best_r,0.02106106774974788,0.004945833333333334,0.23469583333333333,0.22975,6
1,test_ba_100_06,ba,100,selected_regression,96,best_r,-0.0004354197948980351,-0.0001333333333333464,0.2574166666666666,0.25755,6
1,test_ba_100_07,ba,100,selected_regression,96,best_r,0.004676747257689321,0.0012208333333333283,0.2662291666666667,0.26500833333333335,6
1,test_ba_50_00,ba,50,selected_regression,96,best_r,0.006407028363048812,0.0016333333333333339,0.25898333333333334,0.25735,6
1,test_ba_50_01,ba,50,selected_regression,96,best_r,0.014028139518782614,0.004116666666666667,0.2956666666666667,0.29155,6
1,test_ba_50_02,ba,50,selected_regression,96,best_r,0.011370010800059366,0.0030666666666666806,0.26795,0.2648833333333333,6
1,test_ba_50_03,ba,50,selected_regression,96,best_r,0.023637645760993753,0.006433333333333319,0.27535,0.2689166666666667,6
1,test_ba_50_04,ba,50,selected_regression,96,best_r,0.045615372616729856,0.011166666666666677,0.25028333333333336,0.23911666666666667,6
1,test_ba_50_05,ba,50,selected_regression,96,best_r,0.005031792410876953,0.001366666666666655,0.2755666666666666,0.27420000000000005,6
1,test_ba_50_06,ba,50,selected_regression,96,best_r,-0.002430379352241546,-0.0007333333333333358,0.3084333333333333,0.30916666666666665,6
1,test_ba_50_07,ba,50,selected_regression,96,best_r,0.01229737711055779,0.003166666666666665,0.2581833333333334,0.25501666666666667,6
1,test_er_100_00,er,100,selected_regression,96,best_r,0.0031910727645821074,0.0010333333333333306,0.3278666666666667,0.3268333333333333,6
1,test_er_100_01,er,100,selected_regression,96,best_r,0.007566051995277447,0.0025625000000000044,0.33948333333333336,0.33692083333333334,6
1,test_er_100_02,er,100,selected_regression,96,best_r,0.004321813061690624,0.0014083333333333077,0.32600416666666665,0.32459583333333336,6
1,test_er_100_03,er,100,selected_regression,96,best_r,0.0027281424962605516,0.0008666666666666637,0.32169583333333335,0.3208291666666666,6
1,test_er_100_04,er,100,selected_regression,96,best_r,0.0014321519678777584,0.00045833333333333837,0.32019166666666665,0.31973333333333337,6
1,test_er_100_05,er,100,selected_regression,96,best_r,-0.0005954087433995668,-0.0002041666666666627,0.321325,0.3215291666666667,6
1,test_er_100_06,er,100,selected_regression,96,best_r,-0.002613071756848155,-0.0008583333333333129,0.324875,0.3257333333333334,6
1,test_er_100_07,er,100,selected_regression,96,best_r,0.008562905794870304,0.00274166666666667,0.3215208333333333,0.31877916666666667,6
1,test_er_50_00,er,50,selected_regression,96,best_r,-0.002611662318864142,-0.0008499999999999989,0.33231666666666665,0.33316666666666667,6
1,test_er_50_01,er,50,selected_regression,96,best_r,0.005266546604036376,0.001833333333333335,0.3487,0.34686666666666666,6
1,test_er_50_02,er,50,selected_regression,96,best_r,0.006506584306916183,0.002166666666666659,0.33421666666666666,0.33205,6
1,test_er_50_03,er,50,selected_regression,96,best_r,0.004522247171395414,0.0015333333333333403,0.3393166666666667,0.3377833333333333,6
1,test_er_50_04,er,50,selected_regression,96,best_r,0.0028560627099102533,0.0009999999999999916,0.3522666666666667,0.35126666666666667,6
1,test_er_50_05,er,50,selected_regression,96,best_r,-0.009670058833606247,-0.003216666666666664,0.3307333333333334,0.33395,6
1,test_er_50_06,er,50,selected_regression,96,best_r,0.00987203994374738,0.0031333333333333213,0.3247,0.3215666666666667,6
1,test_er_50_07,er,50,selected_regression,96,best_r,0.007974369794771318,0.0026833333333333618,0.3420666666666667,0.3393833333333333,6
0,test_ba_100_00,ba,100,mse,96,best_r,0.010256195913737358,0.0025208333333333285,0.255275,0.25275416666666667,6
0,test_ba_100_01,ba,100,mse,96,best_r,0.0026077176034791753,0.0006708333333333242,0.26085833333333336,0.2601875,6
0,test_ba_100_02,ba,100,mse,96,best_r,0.02096945143729087,0.004750000000000004,0.23146666666666668,0.22671666666666668,6
0,test_ba_100_03,ba,100,mse,96,best_r,0.0376223187288884,0.008695833333333328,0.23652083333333337,0.22782500000000003,6
0,test_ba_100_04,ba,100,mse,96,best_r,0.018614383048837113,0.004387499999999998,0.23957916666666668,0.23519166666666666,6
0,test_ba_100_05,ba,100,mse,96,best_r,0.02240122786541594,0.005345833333333337,0.24100416666666666,0.23565833333333333,6
0,test_ba_100_06,ba,100,mse,96,best_r,0.01933603242522244,0.004804166666666669,0.2520125,0.24720833333333336,6
0,test_ba_100_07,ba,100,mse,96,best_r,0.02155613164799885,0.004549999999999994,0.2142625,0.2097125,6
0,test_ba_50_00,ba,50,mse,96,best_r,0.009644680614694616,0.0023833333333333298,0.24728333333333333,0.2449,6
0,test_ba_50_01,ba,50,mse,96,best_r,0.019150151514933208,0.005316666666666664,0.28075000000000006,0.27543333333333336,6
0,test_ba_50_02,ba,50,mse,96,best_r,0.024353462780441093,0.0066833333333333285,0.27799999999999997,0.27131666666666665,6
0,test_ba_50_03,ba,50,mse,96,best_r,0.041488289240313246,0.010916666666666667,0.26858333333333334,0.25766666666666665,6
0,test_ba_50_04,ba,50,mse,96,best_r,0.031483497035452966,0.00796666666666665,0.2579166666666666,0.24995,6
0,test_ba_50_05,ba,50,mse,96,best_r,0.05314543409683573,0.014833333333333356,0.28681666666666666,0.2719833333333333,6
0,test_ba_50_06,ba,50,mse,96,best_r,0.028573952062832916,0.007783333333333327,0.2760333333333333,0.26824999999999993,6
0,test_ba_50_07,ba,50,mse,96,best_r,0.019555395527457786,0.005150000000000006,0.26348333333333335,0.2583333333333333,6
0,test_er_100_00,er,100,mse,96,best_r,0.003185023385935442,0.0010166666666666564,0.31973333333333337,0.3187166666666667,6
0,test_er_100_01,er,100,mse,96,best_r,0.000798077825350199,0.0002666666666666558,0.32384583333333333,0.3235791666666667,6
0,test_er_100_02,er,100,mse,96,best_r,0.008010703679219031,0.0025833333333333355,0.3217708333333333,0.3191875,6
0,test_er_100_03,er,100,mse,96,best_r,0.008307982627656923,0.0026166666666666747,0.3128458333333333,0.3102291666666666,6
0,test_er_100_04,er,100,mse,96,best_r,0.0013116712611720217,0.0004125000000000008,0.32059166666666666,0.3201791666666667,6
0,test_er_100_05,er,100,mse,96,best_r,0.004539054620158598,0.0014458333333333313,0.3187125,0.3172666666666667,6
0,test_er_100_06,er,100,mse,96,best_r,0.009004614517048112,0.0029208333333333447,0.3270541666666667,0.32413333333333333,6
0,test_er_100_07,er,100,mse,96,best_r,0.007724214189935532,0.002558333333333329,0.3319833333333333,0.329425,6
0,test_er_50_00,er,50,mse,96,best_r,0.009127144358423545,0.0031333333333333213,0.34408333333333335,0.34095000000000003,6
0,test_er_50_01,er,50,mse,96,best_r,-0.0007433705634594858,-0.0002666666666666743,0.3391166666666667,0.33938333333333337,6
0,test_er_50_02,er,50,mse,96,best_r,0.0009984317126327062,0.0003333333333333244,0.34725,0.3469166666666667,6
0,test_er_50_03,er,50,mse,96,best_r,0.00556601573803141,0.0018833333333333295,0.3372833333333333,0.3354,6
0,test_er_50_04,er,50,mse,96,best_r,-0.005208201018915036,-0.0017666666666666757,0.33368333333333333,0.33545,6
0,test_er_50_05,er,50,mse,96,best_r,0.0037372641372843004,0.0013166666666666698,0.35205000000000003,0.35073333333333334,6
0,test_er_50_06,er,50,mse,96,best_r,0.005096521071140454,0.0017000000000000164,0.33440000000000003,0.33269999999999994,6
0,test_er_50_07,er,50,mse,96,best_r,-0.004741638556310214,-0.0015833333333333348,0.3335666666666666,0.33515,6
1,test_ba_100_00,ba,100,mse,96,best_r,0.028916333529674137,0.007383333333333339,0.25887499999999997,0.2514916666666666,6
1,test_ba_100_01,ba,100,mse,96,best_r,0.023870890982893026,0.005625000000000005,0.23837916666666667,0.23275416666666668,6
1,test_ba_100_02,ba,100,mse,96,best_r,0.023709275131050197,0.005954166666666673,0.2541125,0.24815833333333334,6
1,test_ba_100_03,ba,100,mse,96,best_r,0.012205330372388412,0.0030708333333333234,0.2524875,0.24941666666666662,6
1,test_ba_100_04,ba,100,mse,96,best_r,0.025275558895047807,0.006012499999999994,0.24115833333333334,0.23514583333333336,6
1,test_ba_100_05,ba,100,mse,96,best_r,0.02560669358798906,0.005958333333333334,0.23469583333333333,0.2287375,6
1,test_ba_100_06,ba,100,mse,96,best_r,0.012783295573126824,0.0032916666666666697,0.2574166666666666,0.254125,6
1,test_ba_100_07,ba,100,mse,96,best_r,0.014541175503556986,0.003799999999999998,0.2662291666666667,0.2624291666666667,6
1,test_ba_50_00,ba,50,mse,96,best_r,0.03933141984982113,0.009983333333333335,0.25898333333333334,0.24900000000000003,6
1,test_ba_50_01,ba,50,mse,96,best_r,0.02640221310540415,0.007683333333333338,0.2956666666666667,0.2879833333333333,6
1,test_ba_50_02,ba,50,mse,96,best_r,0.036137406563361944,0.009516666666666692,0.26795,0.25843333333333335,6
1,test_ba_50_03,ba,50,mse,96,best_r,0.02753974064412473,0.007449999999999984,0.27535,0.2679,6
1,test_ba_50_04,ba,50,mse,96,best_r,0.04242230249456593,0.010316666666666677,0.25028333333333336,0.23996666666666666,6
1,test_ba_50_05,ba,50,mse,96,best_r,0.003284996784535961,0.0008833333333333285,0.2755666666666666,0.27468333333333333,6
1,test_ba_50_06,ba,50,mse,96,best_r,0.014446057848098945,0.004449999999999991,0.3084333333333333,0.3039833333333333,6
1,test_ba_50_07,ba,50,mse,96,best_r,0.02028437811441666,0.0051499999999999975,0.2581833333333334,0.2530333333333333,6
1,test_er_100_00,er,100,mse,96,best_r,0.0031698616172607524,0.0010333333333333306,0.3278666666666667,0.32683333333333336,6
1,test_er_100_01,er,100,mse,96,best_r,0.005956592512959779,0.0020166666666666757,0.33948333333333336,0.33746666666666664,6
1,test_er_100_02,er,100,mse,96,best_r,0.010276319383112638,0.003337499999999984,0.32600416666666665,0.3226666666666667,6
1,test_er_100_03,er,100,mse,96,best_r,0.003696025921737834,0.001175,0.32169583333333335,0.3205208333333333,6
1,test_er_100_04,er,100,mse,96,best_r,0.01073413132985853,0.0034125000000000127,0.32019166666666665,0.31677916666666667,6
1,test_er_100_05,er,100,mse,96,best_r,0.003908389843843989,0.0012666666666666753,0.321325,0.32005833333333333,6
1,test_er_100_06,er,100,mse,96,best_r,0.006486058127054532,0.002091666666666686,0.324875,0.32278333333333337,6
1,test_er_100_07,er,100,mse,96,best_r,0.011614414633714166,0.0037208333333333308,0.3215208333333333,0.3178,6
1,test_er_50_00,er,50,mse,96,best_r,-0.004353338434932761,-0.001433333333333342,0.33231666666666665,0.33375,6
1,test_er_50_01,er,50,mse,96,best_r,0.011005884397326549,0.0038166666666666813,0.3487,0.3448833333333334,6
1,test_er_50_02,er,50,mse,96,best_r,0.0029301160982203715,0.000966666666666662,0.33421666666666666,0.33325,6
1,test_er_50_03,er,50,mse,96,best_r,0.01036344137675162,0.003499999999999994,0.3393166666666667,0.3358166666666667,6
1,test_er_50_04,er,50,mse,96,best_r,-0.00042145460585024875,-0.00015000000000001124,0.3522666666666667,0.35241666666666666,6
1,test_er_50_05,er,50,mse,96,best_r,-0.003453838493827121,-0.0011500000000000028,0.3307333333333334,0.33188333333333336,6
1,test_er_50_06,er,50,mse,96,best_r,0.01258153843590471,0.004050000000000008,0.3247,0.32065,6
1,test_er_50_07,er,50,mse,96,best_r,0.01014199362511146,0.0034500000000000086,0.3420666666666667,0.33861666666666673,6
0,test_ba_100_00,ba,100,log_mse,96,best_r,0.020837375502855218,0.005208333333333343,0.255275,0.25006666666666666,6
0,test_ba_100_01,ba,100,log_mse,96,best_r,0.014811064191848966,0.00384166666666666,0.26085833333333336,0.25701666666666667,6
0,test_ba_100_02,ba,100,log_mse,96,best_r,0.0354513844984155,0.008066666666666672,0.23146666666666668,0.22340000000000002,6
0,test_ba_100_03,ba,100,log_mse,96,best_r,0.03506077381005227,0.008083333333333323,0.23652083333333337,0.2284375,6
0,test_ba_100_04,ba,100,log_mse,96,best_r,0.011702504748581226,0.002758333333333335,0.23957916666666668,0.23682083333333334,6
0,test_ba_100_05,ba,100,log_mse,96,best_r,0.011499726311245082,0.0027458333333333362,0.24100416666666666,0.23825833333333335,6
0,test_ba_100_06,ba,100,log_mse,96,best_r,0.027907816221470785,0.006945833333333332,0.2520125,0.24506666666666668,6
0,test_ba_100_07,ba,100,log_mse,96,best_r,0.0187616770811691,0.003929166666666664,0.2142625,0.21033333333333334,6
0,test_ba_50_00,ba,50,log_mse,96,best_r,0.021935724144287985,0.005400000000000002,0.24728333333333333,0.24188333333333334,6
0,test_ba_50_01,ba,50,log_mse,96,best_r,0.03236062902864648,0.00893333333333333,0.28075000000000006,0.27181666666666665,6
0,test_ba_50_02,ba,50,log_mse,96,best_r,0.02695599133974581,0.007383333333333335,0.27799999999999997,0.27061666666666667,6
0,test_ba_50_03,ba,50,log_mse,96,best_r,0.05713523308512514,0.014866666666666672,0.26858333333333334,0.25371666666666665,6
0,test_ba_50_04,ba,50,log_mse,96,best_r,0.0406944402199978,0.010183333333333317,0.2579166666666666,0.24773333333333333,6
0,test_ba_50_05,ba,50,log_mse,96,best_r,0.054191369514622445,0.015100000000000011,0.28681666666666666,0.27171666666666666,6
0,test_ba_50_06,ba,50,log_mse,96,best_r,0.02683479289871864,0.007249999999999988,0.2760333333333333,0.2687833333333334,6
0,test_ba_50_07,ba,50,log_mse,96,best_r,0.038231208407537604,0.009866666666666662,0.26348333333333335,0.25361666666666666,6
0,test_er_100_00,er,100,log_mse,96,best_r,0.006724729899396935,0.0021416666666666715,0.31973333333333337,0.31759166666666666,6
0,test_er_100_01,er,100,log_mse,96,best_r,0.0007716935203846222,0.00025833333333333264,0.32384583333333333,0.3235875,6
0,test_er_100_02,er,100,log_mse,96,best_r,0.0034706289940381724,0.001104166666666656,0.3217708333333333,0.3206666666666667,6
0,test_er_100_03,er,100,log_mse,96,best_r,0.006450039470238661,0.002045833333333321,0.3128458333333333,0.3108,6
0,test_er_100_04,er,100,log_mse,96,best_r,-0.004247662422636275,-0.0013666666666666643,0.32059166666666666,0.32195833333333335,6
0,test_er_100_05,er,100,log_mse,96,best_r,0.0005505059271787351,0.0001791666666666747,0.3187125,0.31853333333333333,6
0,test_er_100_06,er,100,log_mse,96,best_r,0.009383870233302623,0.0030458333333333496,0.3270541666666667,0.3240083333333334,6
0,test_er_100_07,er,100,log_mse,96,best_r,-0.0034014198067924425,-0.0011291666666666627,0.3319833333333333,0.3331125,6
0,test_er_50_00,er,50,log_mse,96,best_r,0.009511072508506644,0.0032333333333333194,0.34408333333333335,0.34085000000000004,6
0,test_er_50_01,er,50,log_mse,96,best_r,0.0066130771940570154,0.002233333333333337,0.3391166666666667,0.33688333333333337,6
0,test_er_50_02,er,50,log_mse,96,best_r,0.005554373788410348,0.0019166666666666499,0.34725,0.3453333333333333,6
0,test_er_50_03,er,50,log_mse,96,best_r,0.008888854962264275,0.002999999999999984,0.3372833333333333,0.3342833333333333,6
0,test_er_50_04,er,50,log_mse,96,best_r,0.0028498848062451314,0.0009499999999999879,0.33368333333333333,0.3327333333333333,6
0,test_er_50_05,er,50,log_mse,96,best_r,0.009700524758672025,0.00341666666666667,0.35205000000000003,0.3486333333333333,6
0,test_er_50_06,er,50,log_mse,96,best_r,0.0053566963312972555,0.0017666666666666757,0.33440000000000003,0.33263333333333334,6
0,test_er_50_07,er,50,log_mse,96,best_r,0.004727191894950747,0.0015666666666666607,0.3335666666666666,0.33199999999999996,6
1,test_ba_100_00,ba,100,log_mse,96,best_r,0.029822672840527947,0.007616666666666679,0.25887499999999997,0.25125833333333336,6
1,test_ba_100_01,ba,100,log_mse,96,best_r,0.027290063767783687,0.00642500000000001,0.23837916666666667,0.23195416666666666,6
1,test_ba_100_02,ba,100,log_mse,96,best_r,0.017898251241019642,0.004491666666666658,0.2541125,0.24962083333333332,6
1,test_ba_100_03,ba,100,log_mse,96,best_r,0.012397746687937644,0.0030916666666666683,0.2524875,0.2493958333333333,6
1,test_ba_100_04,ba,100,log_mse,96,best_r,0.027322397017517968,0.0065041666666666624,0.24115833333333334,0.2346541666666667,6
1,test_ba_100_05,ba,100,log_mse,96,best_r,0.02106106774974788,0.004945833333333334,0.23469583333333333,0.22975,6
1,test_ba_100_06,ba,100,log_mse,96,best_r,-0.0004354197948980351,-0.0001333333333333464,0.2574166666666666,0.25755,6
1,test_ba_100_07,ba,100,log_mse,96,best_r,0.004676747257689321,0.0012208333333333283,0.2662291666666667,0.26500833333333335,6
1,test_ba_50_00,ba,50,log_mse,96,best_r,0.006407028363048812,0.0016333333333333339,0.25898333333333334,0.25735,6
1,test_ba_50_01,ba,50,log_mse,96,best_r,0.014028139518782614,0.004116666666666667,0.2956666666666667,0.29155,6
1,test_ba_50_02,ba,50,log_mse,96,best_r,0.011370010800059366,0.0030666666666666806,0.26795,0.2648833333333333,6
1,test_ba_50_03,ba,50,log_mse,96,best_r,0.023637645760993753,0.006433333333333319,0.27535,0.2689166666666667,6
1,test_ba_50_04,ba,50,log_mse,96,best_r,0.045615372616729856,0.011166666666666677,0.25028333333333336,0.23911666666666667,6
1,test_ba_50_05,ba,50,log_mse,96,best_r,0.005031792410876953,0.001366666666666655,0.2755666666666666,0.27420000000000005,6
1,test_ba_50_06,ba,50,log_mse,96,best_r,-0.002430379352241546,-0.0007333333333333358,0.3084333333333333,0.30916666666666665,6
1,test_ba_50_07,ba,50,log_mse,96,best_r,0.01229737711055779,0.003166666666666665,0.2581833333333334,0.25501666666666667,6
1,test_er_100_00,er,100,log_mse,96,best_r,0.0031910727645821074,0.0010333333333333306,0.3278666666666667,0.3268333333333333,6
1,test_er_100_01,er,100,log_mse,96,best_r,0.007566051995277447,0.0025625000000000044,0.33948333333333336,0.33692083333333334,6
1,test_er_100_02,er,100,log_mse,96,best_r,0.004321813061690624,0.0014083333333333077,0.32600416666666665,0.32459583333333336,6
1,test_er_100_03,er,100,log_mse,96,best_r,0.0027281424962605516,0.0008666666666666637,0.32169583333333335,0.3208291666666666,6
1,test_er_100_04,er,100,log_mse,96,best_r,0.0014321519678777584,0.00045833333333333837,0.32019166666666665,0.31973333333333337,6
1,test_er_100_05,er,100,log_mse,96,best_r,-0.0005954087433995668,-0.0002041666666666627,0.321325,0.3215291666666667,6
1,test_er_100_06,er,100,log_mse,96,best_r,-0.002613071756848155,-0.0008583333333333129,0.324875,0.3257333333333334,6
1,test_er_100_07,er,100,log_mse,96,best_r,0.008562905794870304,0.00274166666666667,0.3215208333333333,0.31877916666666667,6
1,test_er_50_00,er,50,log_mse,96,best_r,-0.002611662318864142,-0.0008499999999999989,0.33231666666666665,0.33316666666666667,6
1,test_er_50_01,er,50,log_mse,96,best_r,0.005266546604036376,0.001833333333333335,0.3487,0.34686666666666666,6
1,test_er_50_02,er,50,log_mse,96,best_r,0.006506584306916183,0.002166666666666659,0.33421666666666666,0.33205,6
1,test_er_50_03,er,50,log_mse,96,best_r,0.004522247171395414,0.0015333333333333403,0.3393166666666667,0.3377833333333333,6
1,test_er_50_04,er,50,log_mse,96,best_r,0.0028560627099102533,0.0009999999999999916,0.3522666666666667,0.35126666666666667,6
1,test_er_50_05,er,50,log_mse,96,best_r,-0.009670058833606247,-0.003216666666666664,0.3307333333333334,0.33395,6
1,test_er_50_06,er,50,log_mse,96,best_r,0.00987203994374738,0.0031333333333333213,0.3247,0.3215666666666667,6
1,test_er_50_07,er,50,log_mse,96,best_r,0.007974369794771318,0.0026833333333333618,0.3420666666666667,0.3393833333333333,6
0,test_ba_100_00,ba,100,global_mse,96,best_r,0.014381598220521265,0.0035625000000000053,0.255275,0.2517125,6
0,test_ba_100_01,ba,100,global_mse,96,best_r,0.024444477025819044,0.006241666666666659,0.26085833333333336,0.25461666666666666,6
0,test_ba_100_02,ba,100,global_mse,96,best_r,0.02970319399626732,0.006712500000000001,0.23146666666666668,0.22475416666666667,6
0,test_ba_100_03,ba,100,global_mse,96,best_r,0.024186413000870526,0.005633333333333328,0.23652083333333337,0.2308875,6
0,test_ba_100_04,ba,100,global_mse,96,best_r,0.012609994703555387,0.002991666666666661,0.23957916666666668,0.23658750000000003,6
0,test_ba_100_05,ba,100,global_mse,96,best_r,0.03209760977495845,0.0076,0.24100416666666666,0.23340416666666666,6
0,test_ba_100_06,ba,100,global_mse,96,best_r,0.034696644722498844,0.008595833333333336,0.2520125,0.24341666666666664,6
0,test_ba_100_07,ba,100,global_mse,96,best_r,0.04533195075302746,0.009520833333333334,0.2142625,0.20474166666666668,6
0,test_ba_50_00,ba,50,global_mse,96,best_r,0.007201703691583954,0.0017666666666666618,0.24728333333333333,0.2455166666666667,6
0,test_ba_50_01,ba,50,global_mse,96,best_r,0.03367596037708596,0.009266666666666664,0.28075000000000006,0.2714833333333333,6
0,test_ba_50_02,ba,50,global_mse,96,best_r,0.018888748152094504,0.005183333333333336,0.27799999999999997,0.27281666666666665,6
0,test_ba_50_03,ba,50,global_mse,96,best_r,0.04130778082146732,0.010783333333333325,0.26858333333333334,0.2578,6
0,test_ba_50_04,ba,50,global_mse,96,best_r,0.04527502634363021,0.011383333333333315,0.2579166666666666,0.24653333333333335,6
0,test_ba_50_05,ba,50,global_mse,96,best_r,0.03870030486661099,0.010866666666666672,0.28681666666666666,0.27595,6
0,test_ba_50_06,ba,50,global_mse,96,best_r,0.032121638549398444,0.008733333333333315,0.2760333333333333,0.26730000000000004,6
0,test_ba_50_07,ba,50,global_mse,96,best_r,0.039017478615195625,0.010133333333333322,0.26348333333333335,0.25335,6
0,test_er_100_00,er,100,global_mse,96,best_r,0.01048561648041927,0.0033250000000000037,0.31973333333333337,0.31640833333333335,6
0,test_er_100_01,er,100,global_mse,96,best_r,0.012235911952880601,0.003945833333333333,0.32384583333333333,0.3199,6
0,test_er_100_02,er,100,global_mse,96,best_r,0.011153179054639174,0.0035833333333333273,0.3217708333333333,0.3181875,6
0,test_er_100_03,er,100,global_mse,96,best_r,0.0076407560443904066,0.002408333333333327,0.3128458333333333,0.31043750000000003,6
0,test_er_100_04,er,100,global_mse,96,best_r,0.007606124462855955,0.002412499999999993,0.32059166666666666,0.3181791666666667,6
0,test_er_100_05,er,100,global_mse,96,best_r,0.009662615238981006,0.003066666666666671,0.3187125,0.31564583333333335,6
0,test_er_100_06,er,100,global_mse,96,best_r,0.011336196983816946,0.0036708333333333545,0.3270541666666667,0.3233833333333333,6
0,test_er_100_07,er,100,global_mse,96,best_r,0.011839686098441405,0.003908333333333329,0.3319833333333333,0.32807499999999995,6
0,test_er_50_00,er,50,global_mse,96,best_r,0.016728506044270206,0.005716666666666666,0.34408333333333335,0.33836666666666665,6
0,test_er_50_01,er,50,global_mse,96,best_r,-0.0043286338175257235,-0.0014833333333333272,0.3391166666666667,0.3406,6
0,test_er_50_02,er,50,global_mse,96,best_r,0.015112684474798762,0.005166666666666653,0.34725,0.3420833333333333,6
0,test_er_50_03,er,50,global_mse,96,best_r,0.0023135296735808325,0.0007833333333333211,0.3372833333333333,0.3365,6
0,test_er_50_04,er,50,global_mse,96,best_r,0.0011531935436507876,0.0003666666666666633,0.33368333333333333,0.3333166666666667,6
0,test_er_50_05,er,50,global_mse,96,best_r,0.01606676003964518,0.005616666666666677,0.35205000000000003,0.3464333333333333,6
0,test_er_50_06,er,50,global_mse,96,best_r,0.014691016626998966,0.004866666666666668,0.33440000000000003,0.32953333333333334,6
0,test_er_50_07,er,50,global_mse,96,best_r,0.01301888480522529,0.004299999999999998,0.3335666666666666,0.3292666666666667,6
1,test_ba_100_00,ba,100,global_mse,96,best_r,0.02428432860653949,0.006187500000000003,0.25887499999999997,0.2526875,6
1,test_ba_100_01,ba,100,global_mse,96,best_r,0.017484466086288696,0.004112500000000005,0.23837916666666667,0.23426666666666662,6
1,test_ba_100_02,ba,100,global_mse,96,best_r,0.028403285454220276,0.007087500000000006,0.2541125,0.24702500000000005,6
1,test_ba_100_03,ba,100,global_mse,96,best_r,0.013145207867518577,0.0032958333333333264,0.2524875,0.24919166666666667,6
1,test_ba_100_04,ba,100,global_mse,96,best_r,0.01680004061660036,0.003987499999999995,0.24115833333333334,0.23717083333333333,6
1,test_ba_100_05,ba,100,global_mse,96,best_r,0.010684168935787003,0.0025374999999999933,0.23469583333333333,0.23215833333333333,6
1,test_ba_100_06,ba,100,global_mse,96,best_r,0.005168022160654605,0.001362499999999998,0.2574166666666666,0.25605416666666664,6
1,test_ba_100_07,ba,100,global_mse,96,best_r,0.0031138812049190108,0.0008124999999999938,0.2662291666666667,0.26541666666666663,6
1,test_ba_50_00,ba,50,global_mse,96,best_r,0.019320379419800564,0.004983333333333335,0.25898333333333334,0.254,6
1,test_ba_50_01,ba,50,global_mse,96,best_r,0.011531525024604672,0.0033999999999999955,0.2956666666666667,0.2922666666666667,6
1,test_ba_50_02,ba,50,global_mse,96,best_r,0.03437234338976869,0.009083333333333351,0.26795,0.25886666666666663,6
1,test_ba_50_03,ba,50,global_mse,96,best_r,0.020022749729312513,0.0054166666666666625,0.27535,0.2699333333333333,6
1,test_ba_50_04,ba,50,global_mse,96,best_r,0.018609057384351813,0.004583333333333346,0.25028333333333336,0.24570000000000003,6
1,test_ba_50_05,ba,50,global_mse,96,best_r,0.016452396990904398,0.004483333333333311,0.2755666666666666,0.27108333333333334,6
1,test_ba_50_06,ba,50,global_mse,96,best_r,0.009760776473008404,0.002966666666666673,0.3084333333333333,0.3054666666666667,6
1,test_ba_50_07,ba,50,global_mse,96,best_r,-0.0023918082183303512,-0.0006166666666666635,0.2581833333333334,0.2588,6
1,test_er_100_00,er,100,global_mse,96,best_r,-0.006765887041736651,-0.0022458333333333267,0.3278666666666667,0.3301125,6
1,test_er_100_01,er,100,global_mse,96,best_r,0.012283766781481046,0.004141666666666682,0.33948333333333336,0.33534166666666665,6
1,test_er_100_02,er,100,global_mse,96,best_r,0.0022871524366162035,0.000741666666666659,0.32600416666666665,0.32526249999999995,6
1,test_er_100_03,er,100,global_mse,96,best_r,0.006033196465493448,0.001899999999999985,0.32169583333333335,0.31979583333333333,6
1,test_er_100_04,er,100,global_mse,96,best_r,0.008459982855825872,0.002700000000000008,0.32019166666666665,0.31749166666666667,6
1,test_er_100_05,er,100,global_mse,96,best_r,0.0061467371249191065,0.0019750000000000045,0.321325,0.31934999999999997,6
1,test_er_100_06,er,100,global_mse,96,best_r,0.0068452607161908026,0.002204166666666683,0.324875,0.32267083333333335,6
1,test_er_100_07,er,100,global_mse,96,best_r,0.009982796224950808,0.0031999999999999993,0.3215208333333333,0.31832083333333333,6
1,test_er_50_00,er,50,global_mse,96,best_r,0.008583414987325445,0.0028666666666666654,0.33231666666666665,0.32945,6
1,test_er_50_01,er,50,global_mse,96,best_r,0.00674059588432997,0.0023333333333333353,0.3487,0.34636666666666666,6
1,test_er_50_02,er,50,global_mse,96,best_r,0.00501092165062928,0.0016499999999999941,0.33421666666666666,0.3325666666666667,6
1,test_er_50_03,er,50,global_mse,96,best_r,0.01430759055161016,0.004816666666666673,0.3393166666666667,0.33449999999999996,6
1,test_er_50_04,er,50,global_mse,96,best_r,0.0058253246144454,0.0020333333333333405,0.3522666666666667,0.35023333333333334,6
1,test_er_50_05,er,50,global_mse,96,best_r,-0.003213595720245939,-0.0010666666666666418,0.3307333333333334,0.3318,6
1,test_er_50_06,er,50,global_mse,96,best_r,0.013222464632828586,0.004250000000000004,0.3247,0.32045,6
1,test_er_50_07,er,50,global_mse,96,best_r,0.007979659140565766,0.0027166666666666914,0.3420666666666667,0.33935000000000004,6
0,test_ba_100_00,ba,100,global_log_mse,96,best_r,0.022617220381373686,0.005695833333333335,0.255275,0.24957916666666669,6
0,test_ba_100_01,ba,100,global_log_mse,96,best_r,0.0264320435803499,0.00677499999999998,0.26085833333333336,0.2540833333333334,6
0,test_ba_100_02,ba,100,global_log_mse,96,best_r,0.020856553451734487,0.004770833333333335,0.23146666666666668,0.22669583333333332,6
0,test_ba_100_03,ba,100,global_log_mse,96,best_r,0.037178510778552165,0.008524999999999996,0.23652083333333337,0.22799583333333331,6
0,test_ba_100_04,ba,100,global_log_mse,96,best_r,0.022188529113558342,0.005208333333333338,0.23957916666666668,0.2343708333333333,6
0,test_ba_100_05,ba,100,global_log_mse,96,best_r,0.03351438662636935,0.007754166666666669,0.24100416666666666,0.23324999999999999,6
0,test_ba_100_06,ba,100,global_log_mse,96,best_r,0.026176464408511402,0.0065125,0.2520125,0.24550000000000002,6
0,test_ba_100_07,ba,100,global_log_mse,96,best_r,0.05106369634679161,0.010620833333333335,0.2142625,0.2036416666666667,6
0,test_ba_50_00,ba,50,global_log_mse,96,best_r,0.006833346229222875,0.0017166666666666626,0.24728333333333333,0.24556666666666668,6
0,test_ba_50_01,ba,50,global_log_mse,96,best_r,0.024853363155511583,0.0068499999999999854,0.28075000000000006,0.2739,6
0,test_ba_50_02,ba,50,global_log_mse,96,best_r,0.01655292907042329,0.0045499999999999985,0.27799999999999997,0.27345,6
0,test_ba_50_03,ba,50,global_log_mse,96,best_r,0.03468105915864707,0.00908333333333334,0.26858333333333334,0.2595,6
0,test_ba_50_04,ba,50,global_log_mse,96,best_r,0.02280075715011265,0.005716666666666652,0.2579166666666666,0.25220000000000004,6
0,test_ba_50_05,ba,50,global_log_mse,96,best_r,0.03294436976330176,0.009233333333333343,0.28681666666666666,0.27758333333333335,6
0,test_ba_50_06,ba,50,global_log_mse,96,best_r,0.04744403995680813,0.012766666666666657,0.2760333333333333,0.26326666666666665,6
0,test_ba_50_07,ba,50,global_log_mse,96,best_r,0.03212547227571812,0.008316666666666658,0.26348333333333335,0.2551666666666667,6
0,test_er_100_00,er,100,global_log_mse,96,best_r,0.015508122941000103,0.0048958333333333215,0.31973333333333337,0.3148375,6
0,test_er_100_01,er,100,global_log_mse,96,best_r,0.011303675733703703,0.003633333333333331,0.32384583333333333,0.3202125,6
0,test_er_100_02,er,100,global_log_mse,96,best_r,0.014356810955727313,0.004599999999999993,0.3217708333333333,0.31717083333333335,6
0,test_er_100_03,er,100,global_log_mse,96,best_r,0.015282417879513531,0.0047666666666666595,0.3128458333333333,0.3080791666666667,6
0,test_er_100_04,er,100,global_log_mse,96,best_r,0.008262228034321398,0.002620833333333341,0.32059166666666666,0.3179708333333333,6
0,test_er_100_05,er,100,global_log_mse,96,best_r,0.01335541929850167,0.004225000000000025,0.3187125,0.3144875,6
0,test_er_100_06,er,100,global_log_mse,96,best_r,0.012379304036970568,0.004016666666666687,0.3270541666666667,0.32303750000000003,6
0,test_er_100_07,er,100,global_log_mse,96,best_r,0.011014950684644649,0.0036375000000000066,0.3319833333333333,0.32834583333333334,6
0,test_er_50_00,er,50,global_log_mse,96,best_r,0.012873226543287597,0.004399999999999987,0.34408333333333335,0.33968333333333334,6
0,test_er_50_01,er,50,global_log_mse,96,best_r,0.0019499258897556929,0.0006166666666666635,0.3391166666666667,0.33849999999999997,6
0,test_er_50_02,er,50,global_log_mse,96,best_r,0.01013833567353574,0.003499999999999994,0.34725,0.34375,6
0,test_er_50_03,er,50,global_log_mse,96,best_r,0.008926626027310059,0.0029999999999999936,0.3372833333333333,0.3342833333333333,6
0,test_er_50_04,er,50,global_log_mse,96,best_r,0.0023103160789024954,0.0007666666666666655,0.33368333333333333,0.3329166666666667,6
0,test_er_50_05,er,50,global_log_mse,96,best_r,0.015569782470640905,0.00545000000000001,0.35205000000000003,0.3466,6
0,test_er_50_06,er,50,global_log_mse,96,best_r,0.01405810342040429,0.0046666666666666705,0.33440000000000003,0.32973333333333327,6
0,test_er_50_07,er,50,global_log_mse,96,best_r,0.01968936139735107,0.006516666666666661,0.3335666666666666,0.32705,6
1,test_ba_100_00,ba,100,global_log_mse,96,best_r,0.02352310354152151,0.006029166666666669,0.25887499999999997,0.2528458333333334,6
1,test_ba_100_01,ba,100,global_log_mse,96,best_r,0.018229820052280517,0.004312500000000001,0.23837916666666667,0.23406666666666665,6
1,test_ba_100_02,ba,100,global_log_mse,96,best_r,0.02060433365299059,0.005179166666666665,0.2541125,0.24893333333333334,6
1,test_ba_100_03,ba,100,global_log_mse,96,best_r,0.009061384736402759,0.0022583333333333296,0.2524875,0.25022916666666667,6
1,test_ba_100_04,ba,100,global_log_mse,96,best_r,0.015848324330065215,0.003762500000000002,0.24115833333333334,0.23739583333333336,6
1,test_ba_100_05,ba,100,global_log_mse,96,best_r,0.013975764999321948,0.0032791666666666616,0.23469583333333333,0.2314166666666667,6
1,test_ba_100_06,ba,100,global_log_mse,96,best_r,0.007461487318865155,0.0019125000000000069,0.2574166666666666,0.25550416666666664,6
1,test_ba_100_07,ba,100,global_log_mse,96,best_r,0.009002590175426315,0.00235,0.2662291666666667,0.26387916666666666,6
1,test_ba_50_00,ba,50,global_log_mse,96,best_r,0.025912892034450703,0.006633333333333329,0.25898333333333334,0.25235,6
1,test_ba_50_01,ba,50,global_log_mse,96,best_r,0.023064003845943787,0.0067499999999999965,0.2956666666666667,0.28891666666666665,6
1,test_ba_50_02,ba,50,global_log_mse,96,best_r,0.04478638406728271,0.011766666666666675,0.26795,0.2561833333333333,6
1,test_ba_50_03,ba,50,global_log_mse,96,best_r,0.021005501692054628,0.005699999999999983,0.27535,0.26965,6
1,test_ba_50_04,ba,50,global_log_mse,96,best_r,0.02815717859635361,0.006900000000000013,0.25028333333333336,0.2433833333333333,6
1,test_ba_50_05,ba,50,global_log_mse,96,best_r,0.0034007152775468318,0.0008999999999999841,0.2755666666666666,0.2746666666666666,6
1,test_ba_50_06,ba,50,global_log_mse,96,best_r,-0.00433370902133321,-0.0013166666666666604,0.3084333333333333,0.30974999999999997,6
1,test_ba_50_07,ba,50,global_log_mse,96,best_r,0.008840194097285984,0.002249999999999988,0.2581833333333334,0.25593333333333335,6
1,test_er_100_00,er,100,global_log_mse,96,best_r,0.007147718609238222,0.0023166666666666613,0.3278666666666667,0.32555,6
1,test_er_100_01,er,100,global_log_mse,96,best_r,0.011462879236890539,0.003870833333333342,0.33948333333333336,0.33561250000000004,6
1,test_er_100_02,er,100,global_log_mse,96,best_r,-0.0007541803264673576,-0.0002583333333333511,0.32600416666666665,0.32626249999999996,6
1,test_er_100_03,er,100,global_log_mse,96,best_r,0.004863461367903453,0.0015458333333333296,0.32169583333333335,0.32015,6
1,test_er_100_04,er,100,global_log_mse,96,best_r,0.009558635107520601,0.0030416666666666647,0.32019166666666665,0.31715,6
1,test_er_100_05,er,100,global_log_mse,96,best_r,0.00272050831449939,0.0008791666666666809,0.321325,0.3204458333333333,6
1,test_er_100_06,er,100,global_log_mse,96,best_r,-0.0025533989479842255,-0.0008416666666666572,0.324875,0.3257166666666667,6
1,test_er_100_07,er,100,global_log_mse,96,best_r,0.00883251370031949,0.0028375000000000115,0.3215208333333333,0.3186833333333333,6
1,test_er_50_00,er,50,global_log_mse,96,best_r,-0.00011837142330872509,0.0,0.33231666666666665,0.33231666666666665,6
1,test_er_50_01,er,50,global_log_mse,96,best_r,0.001019580369316736,0.0003499999999999985,0.3487,0.34835,6
1,test_er_50_02,er,50,global_log_mse,96,best_r,0.011960751550885529,0.003950000000000009,0.33421666666666666,0.33026666666666665,6
1,test_er_50_03,er,50,global_log_mse,96,best_r,0.0065522289972516036,0.0021833333333333336,0.3393166666666667,0.33713333333333334,6
1,test_er_50_04,er,50,global_log_mse,96,best_r,0.005308864065826907,0.0018499999999999999,0.3522666666666667,0.35041666666666665,6
1,test_er_50_05,er,50,global_log_mse,96,best_r,-0.009295780163550739,-0.0030999999999999825,0.3307333333333334,0.33383333333333337,6
1,test_er_50_06,er,50,global_log_mse,96,best_r,0.002322570527371815,0.0007333333333333266,0.3247,0.3239666666666667,6
1,test_er_50_07,er,50,global_log_mse,96,best_r,0.0018528247046250832,0.0006000000000000172,0.3420666666666667,0.34146666666666664,6
0,test_ba_100_00,ba,100,ea,96,best_r,0.058018820673933276,0.014383333333333331,0.255275,0.24089166666666664,6
0,test_ba_100_01,ba,100,ea,96,best_r,0.04441371308709796,0.011266666666666656,0.26085833333333336,0.24959166666666666,6
0,test_ba_100_02,ba,100,ea,96,best_r,0.0726247119199689,0.016225000000000003,0.23146666666666668,0.21524166666666666,6
0,test_ba_100_03,ba,100,ea,96,best_r,0.06709910988008168,0.015354166666666669,0.23652083333333337,0.22116666666666665,6
0,test_ba_100_04,ba,100,ea,96,best_r,0.05834715985367236,0.013579166666666661,0.23957916666666668,0.22599999999999998,6
0,test_ba_100_05,ba,100,ea,96,best_r,0.07422272654344397,0.017245833333333332,0.24100416666666666,0.2237583333333333,6
0,test_ba_100_06,ba,100,ea,96,best_r,0.057573238595144426,0.014104166666666659,0.2520125,0.23790833333333336,6
0,test_ba_100_07,ba,100,ea,96,best_r,0.06290217425950766,0.013054166666666667,0.2142625,0.20120833333333332,6
0,test_ba_50_00,ba,50,ea,96,best_r,0.0656262170655597,0.01575,0.24728333333333333,0.23153333333333334,6
0,test_ba_50_01,ba,50,ea,96,best_r,0.06525847750330273,0.017750000000000005,0.28075000000000006,0.26299999999999996,6
0,test_ba_50_02,ba,50,ea,96,best_r,0.056231151655599276,0.01513333333333334,0.27799999999999997,0.26286666666666664,6
0,test_ba_50_03,ba,50,ea,96,best_r,0.08874838934604189,0.02281666666666667,0.26858333333333334,0.2457666666666667,6
0,test_ba_50_04,ba,50,ea,96,best_r,0.08942271528930335,0.022016666666666657,0.2579166666666666,0.2359,6
0,test_ba_50_05,ba,50,ea,96,best_r,0.06659810032939667,0.01848333333333335,0.28681666666666666,0.2683333333333333,6
0,test_ba_50_06,ba,50,ea,96,best_r,0.07014572622693244,0.018633333333333345,0.2760333333333333,0.2574,6
0,test_ba_50_07,ba,50,ea,96,best_r,0.08238524327967249,0.020849999999999997,0.26348333333333335,0.24263333333333334,6
0,test_er_100_00,er,100,ea,96,best_r,0.024840958299972394,0.007841666666666672,0.31973333333333337,0.3118916666666667,6
0,test_er_100_01,er,100,ea,96,best_r,0.02052050552854005,0.006579166666666664,0.32384583333333333,0.31726666666666664,6
0,test_er_100_02,er,100,ea,96,best_r,0.032160270208756274,0.010204166666666672,0.3217708333333333,0.3115666666666666,6
0,test_er_100_03,er,100,ea,96,best_r,0.030329818832204054,0.00937916666666667,0.3128458333333333,0.3034666666666667,6
0,test_er_100_04,er,100,ea,96,best_r,0.02613916206730175,0.008275000000000005,0.32059166666666666,0.3123166666666667,6
0,test_er_100_05,er,100,ea,96,best_r,0.015843575409627334,0.005020833333333345,0.3187125,0.31369166666666665,6
0,test_er_100_06,er,100,ea,96,best_r,0.03206232365728177,0.010320833333333335,0.3270541666666667,0.31673333333333337,6
0,test_er_100_07,er,100,ea,96,best_r,0.024538344806313537,0.008050000000000002,0.3319833333333333,0.32393333333333335,6
0,test_er_50_00,er,50,ea,96,best_r,0.03320894809055474,0.011249999999999991,0.34408333333333335,0.3328333333333333,6
0,test_er_50_01,er,50,ea,96,best_r,0.020200715532236443,0.006783333333333354,0.3391166666666667,0.3323333333333333,6
0,test_er_50_02,er,50,ea,96,best_r,0.03225777710531854,0.011016666666666666,0.34725,0.33623333333333333,6
0,test_er_50_03,er,50,ea,96,best_r,0.0324300812364012,0.01078333333333333,0.3372833333333333,0.3265,6
0,test_er_50_04,er,50,ea,96,best_r,0.025614088692916055,0.008449999999999985,0.33368333333333333,0.3252333333333333,6
0,test_er_50_05,er,50,ea,96,best_r,0.027539654018970388,0.009583333333333324,0.35205000000000003,0.3424666666666667,6
0,test_er_50_06,er,50,ea,96,best_r,0.0330247059667284,0.010866666666666663,0.33440000000000003,0.3235333333333333,6
0,test_er_50_07,er,50,ea,96,best_r,0.043056256647724146,0.014066666666666663,0.3335666666666666,0.31950000000000006,6
1,test_ba_100_00,ba,100,ea,96,best_r,0.0546194106439104,0.01377500000000001,0.25887499999999997,0.24509999999999998,6
1,test_ba_100_01,ba,100,ea,96,best_r,0.06367944242198421,0.014729166666666673,0.23837916666666667,0.22365000000000002,6
1,test_ba_100_02,ba,100,ea,96,best_r,0.05532917825500045,0.01364583333333333,0.2541125,0.2404666666666667,6
1,test_ba_100_03,ba,100,ea,96,best_r,0.05677124379714112,0.013945833333333333,0.2524875,0.23854166666666665,6
1,test_ba_100_04,ba,100,ea,96,best_r,0.062083390155135525,0.014508333333333323,0.24115833333333334,0.22665000000000002,6
1,test_ba_100_05,ba,100,ea,96,best_r,0.06141965166796487,0.014037500000000003,0.23469583333333333,0.22065833333333332,6
1,test_ba_100_06,ba,100,ea,96,best_r,0.04796353247847871,0.012091666666666659,0.2574166666666666,0.24532500000000002,6
1,test_ba_100_07,ba,100,ea,96,best_r,0.05081435082300725,0.013179166666666667,0.2662291666666667,0.25305000000000005,6
1,test_ba_50_00,ba,50,ea,96,best_r,0.08548724978247461,0.02125000000000001,0.25898333333333334,0.23773333333333332,6
1,test_ba_50_01,ba,50,ea,96,best_r,0.08468097793379453,0.023999999999999994,0.2956666666666667,0.27166666666666667,6
1,test_ba_50_02,ba,50,ea,96,best_r,0.08838289595174968,0.022683333333333344,0.26795,0.24526666666666666,6
1,test_ba_50_03,ba,50,ea,96,best_r,0.07548008731314228,0.019949999999999996,0.27535,0.2554,6
1,test_ba_50_04,ba,50,ea,96,best_r,0.06577114559836247,0.015950000000000016,0.25028333333333336,0.23433333333333337,6
1,test_ba_50_05,ba,50,ea,96,best_r,0.05903268592545822,0.01579999999999999,0.2755666666666666,0.2597666666666667,6
1,test_ba_50_06,ba,50,ea,96,best_r,0.04874227416702171,0.01469999999999999,0.3084333333333333,0.2937333333333334,6
1,test_ba_50_07,ba,50,ea,96,best_r,0.06759421349540799,0.016916666666666663,0.2581833333333334,0.24126666666666666,6
1,test_er_100_00,er,100,ea,96,best_r,0.020765160645059736,0.006708333333333316,0.3278666666666667,0.3211583333333334,6
1,test_er_100_01,er,100,ea,96,best_r,0.025543381125741022,0.008566666666666667,0.33948333333333336,0.3309166666666667,6
1,test_er_100_02,er,100,ea,96,best_r,0.021145266854157227,0.006820833333333294,0.32600416666666665,0.3191833333333334,6
1,test_er_100_03,er,100,ea,96,best_r,0.02511677357347497,0.007979166666666648,0.32169583333333335,0.31371666666666664,6
1,test_er_100_04,er,100,ea,96,best_r,0.03516748196914853,0.01106666666666665,0.32019166666666665,0.30912500000000004,6
1,test_er_100_05,er,100,ea,96,best_r,0.019106873623961153,0.006091666666666662,0.321325,0.3152333333333333,6
1,test_er_100_06,er,100,ea,96,best_r,0.030436767858513403,0.009725000000000011,0.324875,0.31515,6
1,test_er_100_07,er,100,ea,96,best_r,0.03293068726533512,0.010429166666666684,0.3215208333333333,0.3110916666666666,6
1,test_er_50_00,er,50,ea,96,best_r,0.035209074650577654,0.011483333333333326,0.33231666666666665,0.32083333333333336,6
1,test_er_50_01,er,50,ea,96,best_r,0.040749953278621215,0.013933333333333344,0.3487,0.33476666666666666,6
1,test_er_50_02,er,50,ea,96,best_r,0.05331156197998746,0.017350000000000015,0.33421666666666666,0.31686666666666663,6
1,test_er_50_03,er,50,ea,96,best_r,0.03077535039292934,0.010283333333333339,0.3393166666666667,0.32903333333333334,6
1,test_er_50_04,er,50,ea,96,best_r,0.026459535198485134,0.009199999999999995,0.3522666666666667,0.34306666666666663,6
1,test_er_50_05,er,50,ea,96,best_r,0.0319263747129419,0.01040000000000002,0.3307333333333334,0.32033333333333336,6
1,test_er_50_06,er,50,ea,96,best_r,0.05737018817398653,0.018100000000000015,0.3247,0.3066,6
1,test_er_50_07,er,50,ea,96,best_r,0.03391927016522125,0.011366666666666692,0.3420666666666667,0.3307,6
0,test_ba_100_00,ba,100,pool_random,96,best_r,0.050583590097897174,0.012575000000000003,0.255275,0.2427,6
0,test_ba_100_01,ba,100,pool_random,96,best_r,0.042448716627439424,0.010833333333333325,0.26085833333333336,0.250025,6
0,test_ba_100_02,ba,100,pool_random,96,best_r,0.06389486209687788,0.014333333333333342,0.23146666666666668,0.21713333333333332,6
0,test_ba_100_03,ba,100,pool_random,96,best_r,0.06552780304296586,0.014979166666666655,0.23652083333333337,0.22154166666666666,6
0,test_ba_100_04,ba,100,pool_random,96,best_r,0.056665511186602985,0.013170833333333335,0.23957916666666668,0.22640833333333332,6
0,test_ba_100_05,ba,100,pool_random,96,best_r,0.04902530153237059,0.011529166666666665,0.24100416666666666,0.229475,6
0,test_ba_100_06,ba,100,pool_random,96,best_r,0.07149596110185057,0.017437500000000005,0.2520125,0.23457499999999998,6
0,test_ba_100_07,ba,100,pool_random,96,best_r,0.048388257512526435,0.010087499999999994,0.2142625,0.204175,6
0,test_ba_50_00,ba,50,pool_random,96,best_r,0.05417839568243173,0.012983333333333333,0.24728333333333333,0.23429999999999998,6
0,test_ba_50_01,ba,50,pool_random,96,best_r,0.07058290134449764,0.019150000000000018,0.28075000000000006,0.26159999999999994,6
0,test_ba_50_02,ba,50,pool_random,96,best_r,0.06614261138228024,0.017766666666666642,0.27799999999999997,0.2602333333333333,6
0,test_ba_50_03,ba,50,pool_random,96,best_r,0.08495165591486048,0.021883333333333338,0.26858333333333334,0.2467,6
0,test_ba_50_04,ba,50,pool_random,96,best_r,0.07652265875011408,0.018949999999999995,0.2579166666666666,0.23896666666666666,6
0,test_ba_50_05,ba,50,pool_random,96,best_r,0.06951205485128631,0.019250000000000007,0.28681666666666666,0.2675666666666667,6
0,test_ba_50_06,ba,50,pool_random,96,best_r,0.06013745785979269,0.016099999999999975,0.2760333333333333,0.25993333333333335,6
0,test_ba_50_07,ba,50,pool_random,96,best_r,0.0769540575780038,0.019416666666666655,0.26348333333333335,0.24406666666666668,6
0,test_er_100_00,er,100,pool_random,96,best_r,0.02307656917526155,0.007291666666666659,0.31973333333333337,0.3124416666666667,6
0,test_er_100_01,er,100,pool_random,96,best_r,0.021254302125064878,0.006820833333333322,0.32384583333333333,0.317025,6
0,test_er_100_02,er,100,pool_random,96,best_r,0.03321074031339177,0.010520833333333321,0.3217708333333333,0.31124999999999997,6
0,test_er_100_03,er,100,pool_random,96,best_r,0.03170106637292474,0.009795833333333328,0.3128458333333333,0.30305000000000004,6
0,test_er_100_04,er,100,pool_random,96,best_r,0.02712828717979127,0.00858333333333334,0.32059166666666666,0.3120083333333334,6
0,test_er_100_05,er,100,pool_random,96,best_r,0.024538014646026934,0.007729166666666676,0.3187125,0.31098333333333333,6
0,test_er_100_06,er,100,pool_random,96,best_r,0.03351036171978338,0.010779166666666673,0.3270541666666667,0.31627500000000003,6
0,test_er_100_07,er,100,pool_random,96,best_r,0.023561328856865637,0.007733333333333314,0.3319833333333333,0.32425000000000004,6
0,test_er_50_00,er,50,pool_random,96,best_r,0.03100390189279888,0.010516666666666665,0.34408333333333335,0.33356666666666673,6
0,test_er_50_01,er,50,pool_random,96,best_r,0.024268417055370695,0.00811666666666667,0.3391166666666667,0.331,6
0,test_er_50_02,er,50,pool_random,96,best_r,0.025607621585945307,0.008783333333333337,0.34725,0.3384666666666667,6
0,test_er_50_03,er,50,pool_random,96,best_r,0.027853541561734526,0.00928333333333333,0.3372833333333333,0.328,6
0,test_er_50_04,er,50,pool_random,96,best_r,0.024096612581672377,0.007949999999999985,0.33368333333333333,0.3257333333333334,6
0,test_er_50_05,er,50,pool_random,96,best_r,0.023228476523381423,0.008049999999999993,0.35205000000000003,0.34400000000000003,6
0,test_er_50_06,er,50,pool_random,96,best_r,0.028606200658354664,0.009433333333333321,0.33440000000000003,0.3249666666666667,6
0,test_er_50_07,er,50,pool_random,96,best_r,0.040309740280874855,0.013166666666666669,0.3335666666666666,0.3204,6
1,test_ba_100_00,ba,100,pool_random,96,best_r,0.06202599128342832,0.015566666666666673,0.25887499999999997,0.24330833333333335,6
1,test_ba_100_01,ba,100,pool_random,96,best_r,0.06117328320934326,0.014129166666666665,0.23837916666666667,0.22424999999999998,6
1,test_ba_100_02,ba,100,pool_random,96,best_r,0.05358170468587911,0.013229166666666662,0.2541125,0.24088333333333334,6
1,test_ba_100_03,ba,100,pool_random,96,best_r,0.059953398816964494,0.014704166666666666,0.2524875,0.23778333333333332,6
1,test_ba_100_04,ba,100,pool_random,96,best_r,0.05607166542012242,0.013141666666666668,0.24115833333333334,0.22801666666666665,6
1,test_ba_100_05,ba,100,pool_random,96,best_r,0.06713186591275268,0.01527083333333333,0.23469583333333333,0.21942499999999998,6
1,test_ba_100_06,ba,100,pool_random,96,best_r,0.04338329406976488,0.010966666666666661,0.2574166666666666,0.24645000000000003,6
1,test_ba_100_07,ba,100,pool_random,96,best_r,0.05506754010347916,0.01425416666666667,0.2662291666666667,0.25197499999999995,6
1,test_ba_50_00,ba,50,pool_random,96,best_r,0.08544013455376454,0.02121666666666666,0.25898333333333334,0.23776666666666665,6
1,test_ba_50_01,ba,50,pool_random,96,best_r,0.06041526873577028,0.01733333333333334,0.2956666666666667,0.2783333333333333,6
1,test_ba_50_02,ba,50,pool_random,96,best_r,0.08286348271202333,0.02135000000000002,0.26795,0.2466,6
1,test_ba_50_03,ba,50,pool_random,96,best_r,0.08651871821596252,0.022816666666666652,0.27535,0.25253333333333333,6
1,test_ba_50_04,ba,50,pool_random,96,best_r,0.07108379747065048,0.017183333333333342,0.25028333333333336,0.2331,6
1,test_ba_50_05,ba,50,pool_random,96,best_r,0.0688469711776538,0.018299999999999973,0.2755666666666666,0.2572666666666667,6
1,test_ba_50_06,ba,50,pool_random,96,best_r,0.04817002229306352,0.014533333333333343,0.3084333333333333,0.2939,6
1,test_ba_50_07,ba,50,pool_random,96,best_r,0.07326583682992266,0.018283333333333335,0.2581833333333334,0.2399,6
1,test_er_100_00,er,100,pool_random,96,best_r,0.02467327413027041,0.007991666666666656,0.3278666666666667,0.319875,6
1,test_er_100_01,er,100,pool_random,96,best_r,0.026700180005538175,0.008950000000000014,0.33948333333333336,0.33053333333333335,6
1,test_er_100_02,er,100,pool_random,96,best_r,0.025731659868280864,0.008287499999999984,0.32600416666666665,0.31771666666666665,6
1,test_er_100_03,er,100,pool_random,96,best_r,0.033330539014688264,0.010545833333333329,0.32169583333333335,0.31115,6
1,test_er_100_04,er,100,pool_random,96,best_r,0.028177555159083625,0.0089,0.32019166666666665,0.3112916666666667,6
1,test_er_100_05,er,100,pool_random,96,best_r,0.025581687758466462,0.008116666666666697,0.321325,0.3132083333333333,6
1,test_er_100_06,er,100,pool_random,96,best_r,0.02454969125929066,0.007875000000000012,0.324875,0.317,6
1,test_er_100_07,er,100,pool_random,96,best_r,0.025377998524590523,0.00806250000000002,0.3215208333333333,0.31345833333333334,6
1,test_er_50_00,er,50,pool_random,96,best_r,0.03173416446198674,0.010416666666666685,0.33231666666666665,0.3219,6
1,test_er_50_01,er,50,pool_random,96,best_r,0.041948785422643076,0.014333333333333337,0.3487,0.33436666666666665,6
1,test_er_50_02,er,50,pool_random,96,best_r,0.04733336978980631,0.015449999999999983,0.33421666666666666,0.31876666666666664,6
1,test_er_50_03,er,50,pool_random,96,best_r,0.0323868191513163,0.01081666666666665,0.3393166666666667,0.3285,6
1,test_er_50_04,er,50,pool_random,96,best_r,0.02802999890137864,0.009733333333333325,0.3522666666666667,0.34253333333333336,6
1,test_er_50_05,er,50,pool_random,96,best_r,0.015082646309940361,0.004933333333333345,0.3307333333333334,0.32580000000000003,6
1,test_er_50_06,er,50,pool_random,96,best_r,0.046346105066490305,0.0147,0.3247,0.31000000000000005,6
1,test_er_50_07,er,50,pool_random,96,best_r,0.038422975925116946,0.012900000000000023,0.3420666666666667,0.32916666666666666,6
0,test_ba_100_00,ba,100,hillclimb,96,best_r,0.022448100168389894,0.005675000000000004,0.255275,0.24959999999999996,6
0,test_ba_100_01,ba,100,hillclimb,96,best_r,0.004639574736294161,0.0011499999999999844,0.26085833333333336,0.2597083333333334,6
0,test_ba_100_02,ba,100,hillclimb,96,best_r,0.016249283654009152,0.0037499999999999986,0.23146666666666668,0.22771666666666668,6
0,test_ba_100_03,ba,100,hillclimb,96,best_r,0.014743780578754593,0.0034458333333333238,0.23652083333333337,0.233075,6
0,test_ba_100_04,ba,100,hillclimb,96,best_r,0.0041171978293174025,0.0009875000000000023,0.23957916666666668,0.23859166666666667,6
0,test_ba_100_05,ba,100,hillclimb,96,best_r,0.021313355088096484,0.00507083333333333,0.24100416666666666,0.23593333333333333,6
0,test_ba_100_06,ba,100,hillclimb,96,best_r,0.039705199807371215,0.009870833333333337,0.2520125,0.2421416666666667,6
0,test_ba_100_07,ba,100,hillclimb,96,best_r,0.009464619500236304,0.0020124999999999956,0.2142625,0.21224999999999997,6
0,test_ba_50_00,ba,50,hillclimb,96,best_r,0.058197788398794276,0.013949999999999995,0.24728333333333333,0.2333333333333333,6
0,test_ba_50_01,ba,50,hillclimb,96,best_r,0.05905378211181589,0.01604999999999999,0.28075000000000006,0.26470000000000005,6
0,test_ba_50_02,ba,50,hillclimb,96,best_r,0.011272638515111703,0.0031000000000000008,0.27799999999999997,0.2749,6
0,test_ba_50_03,ba,50,hillclimb,96,best_r,0.04619369769973777,0.012116666666666656,0.26858333333333334,0.2564666666666666,6
0,test_ba_50_04,ba,50,hillclimb,96,best_r,0.046385756451365424,0.011516666666666666,0.2579166666666666,0.24640000000000004,6
0,test_ba_50_05,ba,50,hillclimb,96,best_r,0.018329190123887507,0.0052166666666666845,0.28681666666666666,0.2816,6
0,test_ba_50_06,ba,50,hillclimb,96,best_r,0.057483255700520604,0.015333333333333338,0.2760333333333333,0.2607,6
0,test_ba_50_07,ba,50,hillclimb,96,best_r,0.04162448766092404,0.01078333333333333,0.26348333333333335,0.2527,6
0,test_er_100_00,er,100,hillclimb,96,best_r,0.014653982419842506,0.0046250000000000084,0.31973333333333337,0.3151083333333333,6
0,test_er_100_01,er,100,hillclimb,96,best_r,0.0037460094267614454,0.0012208333333333283,0.32384583333333333,0.32262499999999994,6
0,test_er_100_02,er,100,hillclimb,96,best_r,0.00686165692206802,0.002212499999999997,0.3217708333333333,0.31955833333333333,6
0,test_er_100_03,er,100,hillclimb,96,best_r,0.011772007247423092,0.0036375000000000066,0.3128458333333333,0.3092083333333333,6
0,test_er_100_04,er,100,hillclimb,96,best_r,0.013456336173508611,0.004283333333333352,0.32059166666666666,0.3163083333333333,6
0,test_er_100_05,er,100,hillclimb,96,best_r,0.006922696823670847,0.002204166666666655,0.3187125,0.3165083333333334,6
0,test_er_100_06,er,100,hillclimb,96,best_r,0.018542079088265898,0.006004166666666681,0.3270541666666667,0.32105,6
0,test_er_100_07,er,100,hillclimb,96,best_r,0.005553257205417858,0.0018250000000000026,0.3319833333333333,0.33015833333333333,6
0,test_er_50_00,er,50,hillclimb,96,best_r,0.015408101615906736,0.0052499999999999864,0.34408333333333335,0.3388333333333333,6
0,test_er_50_01,er,50,hillclimb,96,best_r,0.004188163489433711,0.0014166666666666865,0.3391166666666667,0.33770000000000006,6
0,test_er_50_02,er,50,hillclimb,96,best_r,-0.005041890565307349,-0.0017500000000000016,0.34725,0.34900000000000003,6
0,test_er_50_03,er,50,hillclimb,96,best_r,0.006561934182783287,0.0022166666666666632,0.3372833333333333,0.3350666666666666,6
0,test_er_50_04,er,50,hillclimb,96,best_r,0.009989255748222224,0.003316666666666662,0.33368333333333333,0.3303666666666667,6
0,test_er_50_05,er,50,hillclimb,96,best_r,0.012773485528194158,0.004483333333333349,0.35205000000000003,0.34756666666666663,6
0,test_er_50_06,er,50,hillclimb,96,best_r,0.009160564442541149,0.0030333333333333414,0.33440000000000003,0.33136666666666664,6
0,test_er_50_07,er,50,hillclimb,96,best_r,0.0139381235068057,0.0046000000000000025,0.3335666666666666,0.3289666666666667,6
1,test_ba_100_00,ba,100,hillclimb,96,best_r,0.03257241911003701,0.00829166666666667,0.25887499999999997,0.2505833333333334,6
1,test_ba_100_01,ba,100,hillclimb,96,best_r,0.007046486237403928,0.0016958333333333409,0.23837916666666667,0.23668333333333333,6
1,test_ba_100_02,ba,100,hillclimb,96,best_r,0.00969544474648693,0.0024625000000000155,0.2541125,0.25165,6
1,test_ba_100_03,ba,100,hillclimb,96,best_r,0.015314536016938107,0.003845833333333326,0.2524875,0.24864166666666665,6
1,test_ba_100_04,ba,100,hillclimb,96,best_r,0.008268284486039014,0.001983333333333323,0.24115833333333334,0.239175,6
1,test_ba_100_05,ba,100,hillclimb,96,best_r,0.010335412370362887,0.002412499999999998,0.23469583333333333,0.23228333333333331,6
1,test_ba_100_06,ba,100,hillclimb,96,best_r,-0.001971533111294507,-0.0004666666666666708,0.2574166666666666,0.2578833333333333,6
1,test_ba_100_07,ba,100,hillclimb,96,best_r,0.015042986902072002,0.0039708333333333306,0.2662291666666667,0.26225833333333337,6
1,test_ba_50_00,ba,50,hillclimb,96,best_r,0.030040519387078423,0.007683333333333329,0.25898333333333334,0.25129999999999997,6
1,test_ba_50_01,ba,50,hillclimb,96,best_r,0.014601630149653815,0.004266666666666669,0.2956666666666667,0.2914,6
1,test_ba_50_02,ba,50,hillclimb,96,best_r,0.05228435265434611,0.013683333333333353,0.26795,0.25426666666666664,6
1,test_ba_50_03,ba,50,hillclimb,96,best_r,0.010157268527009648,0.002749999999999984,0.27535,0.2726,6
1,test_ba_50_04,ba,50,hillclimb,96,best_r,0.03067550182174844,0.007583333333333345,0.25028333333333336,0.2427,6
1,test_ba_50_05,ba,50,hillclimb,96,best_r,0.025932282306759678,0.006999999999999997,0.2755666666666666,0.2685666666666667,6
1,test_ba_50_06,ba,50,hillclimb,96,best_r,0.02388892164081267,0.007233333333333332,0.3084333333333333,0.30119999999999997,6
1,test_ba_50_07,ba,50,hillclimb,96,best_r,0.023822010480752828,0.00605,0.2581833333333334,0.2521333333333333,6
1,test_er_100_00,er,100,hillclimb,96,best_r,0.004883940451409947,0.001591666666666658,0.3278666666666667,0.326275,6
1,test_er_100_01,er,100,hillclimb,96,best_r,0.01002697821254827,0.003391666666666663,0.33948333333333336,0.3360916666666667,6
1,test_er_100_02,er,100,hillclimb,96,best_r,0.02046650313334536,0.006604166666666651,0.32600416666666665,0.31939999999999996,6
1,test_er_100_03,er,100,hillclimb,96,best_r,-0.004347607717395061,-0.0014125000000000016,0.32169583333333335,0.32310833333333333,6
1,test_er_100_04,er,100,hillclimb,96,best_r,0.004876743145660822,0.0015583333333333282,0.32019166666666665,0.3186333333333333,6
1,test_er_100_05,er,100,hillclimb,96,best_r,0.005266038182569367,0.0016999999999999977,0.321325,0.319625,6
1,test_er_100_06,er,100,hillclimb,96,best_r,0.005866808574955824,0.0019000000000000221,0.324875,0.322975,6
1,test_er_100_07,er,100,hillclimb,96,best_r,0.012299057916770483,0.0039375000000000104,0.3215208333333333,0.3175833333333333,6
1,test_er_50_00,er,50,hillclimb,96,best_r,0.0034011562938092935,0.0011499999999999844,0.33231666666666665,0.33116666666666666,6
1,test_er_50_01,er,50,hillclimb,96,best_r,0.006453162131325656,0.0022333333333333185,0.3487,0.3464666666666667,6
1,test_er_50_02,er,50,hillclimb,96,best_r,0.020953198418293562,0.006916666666666664,0.33421666666666666,0.3273,6
1,test_er_50_03,er,50,hillclimb,96,best_r,0.01808587330729827,0.006083333333333339,0.3393166666666667,0.3332333333333333,6
1,test_er_50_04,er,50,hillclimb,96,best_r,0.012590155571575673,0.0044000000000000055,0.3522666666666667,0.3478666666666667,6
1,test_er_50_05,er,50,hillclimb,96,best_r,0.013895549437329182,0.004566666666666663,0.3307333333333334,0.32616666666666666,6
1,test_er_50_06,er,50,hillclimb,96,best_r,0.028895120812967936,0.009266666666666654,0.3247,0.3154333333333334,6
1,test_er_50_07,er,50,hillclimb,96,best_r,0.007436204483870765,0.0025333333333333505,0.3420666666666667,0.3395333333333333,6
0,test_ba_100_00,ba,100,random,96,best_r,0.06648009802165508,0.016425000000000006,0.255275,0.23885,6
0,test_ba_100_01,ba,100,random,96,best_r,0.05001719306407038,0.01273333333333331,0.26085833333333336,0.248125,6
0,test_ba_100_02,ba,100,random,96,best_r,0.0768365549337326,0.017133333333333337,0.23146666666666668,0.21433333333333335,6
0,test_ba_100_03,ba,100,random,96,best_r,0.07761773421847683,0.01767083333333333,0.23652083333333337,0.21885,6
0,test_ba_100_04,ba,100,random,96,best_r,0.05765045949988081,0.013420833333333335,0.23957916666666668,0.22615833333333335,6
0,test_ba_100_05,ba,100,random,96,best_r,0.06555866660080951,0.01528750000000001,0.24100416666666666,0.22571666666666668,6
0,test_ba_100_06,ba,100,random,96,best_r,0.08271552643235393,0.0200625,0.2520125,0.23195000000000002,6
0,test_ba_100_07,ba,100,random,96,best_r,0.09693037571001761,0.01982083333333333,0.2142625,0.19444166666666665,6
0,test_ba_50_00,ba,50,random,96,best_r,0.06931075428456565,0.016583333333333335,0.24728333333333333,0.2307,6
0,test_ba_50_01,ba,50,random,96,best_r,0.0884870357034675,0.02378333333333334,0.28075000000000006,0.2569666666666666,6
0,test_ba_50_02,ba,50,random,96,best_r,0.0812219338202366,0.021666666666666657,0.27799999999999997,0.2563333333333333,6
0,test_ba_50_03,ba,50,random,96,best_r,0.11436981401659496,0.029016666666666663,0.26858333333333334,0.23956666666666662,6
0,test_ba_50_04,ba,50,random,96,best_r,0.09848401805274948,0.024149999999999987,0.2579166666666666,0.23376666666666668,6
0,test_ba_50_05,ba,50,random,96,best_r,0.08122416110386126,0.02238333333333335,0.28681666666666666,0.26443333333333335,6
0,test_ba_50_06,ba,50,random,96,best_r,0.10718036558680126,0.028066666666666656,0.2760333333333333,0.24796666666666667,6
0,test_ba_50_07,ba,50,random,96,best_r,0.08422782111416031,0.02131666666666666,0.26348333333333335,0.24216666666666667,6
0,test_er_100_00,er,100,random,96,best_r,0.039884342548612055,0.012500000000000011,0.31973333333333337,0.3072333333333333,6
0,test_er_100_01,er,100,random,96,best_r,0.027982651217725554,0.008945833333333328,0.32384583333333333,0.31489999999999996,6
0,test_er_100_02,er,100,random,96,best_r,0.04186345219550782,0.013212499999999988,0.3217708333333333,0.3085583333333333,6
0,test_er_100_03,er,100,random,96,best_r,0.038797875321934135,0.011937499999999998,0.3128458333333333,0.3009083333333333,6
0,test_er_100_04,er,100,random,96,best_r,0.031603705831624904,0.009975000000000003,0.32059166666666666,0.31061666666666665,6
0,test_er_100_05,er,100,random,96,best_r,0.02785748454300947,0.008762500000000006,0.3187125,0.30995,6
0,test_er_100_06,er,100,random,96,best_r,0.036387777066902036,0.011687500000000017,0.3270541666666667,0.31536666666666663,6
0,test_er_100_07,er,100,random,96,best_r,0.026105111377655987,0.008558333333333334,0.3319833333333333,0.323425,6
0,test_er_50_00,er,50,random,96,best_r,0.04306714753216178,0.014516666666666669,0.34408333333333335,0.3295666666666667,6
0,test_er_50_01,er,50,random,96,best_r,0.027790419716048776,0.009283333333333319,0.3391166666666667,0.32983333333333337,6
0,test_er_50_02,er,50,random,96,best_r,0.042905730149043586,0.014583333333333328,0.34725,0.33266666666666667,6
0,test_er_50_03,er,50,random,96,best_r,0.034885844059189645,0.011583333333333315,0.3372833333333333,0.32570000000000005,6
0,test_er_50_04,er,50,random,96,best_r,0.03934119762461768,0.012883333333333311,0.33368333333333333,0.32080000000000003,6
0,test_er_50_05,er,50,random,96,best_r,0.03830245849395124,0.013249999999999993,0.35205000000000003,0.3388,6
0,test_er_50_06,er,50,random,96,best_r,0.04358963004993393,0.014266666666666677,0.33440000000000003,0.3201333333333333,6
0,test_er_50_07,er,50,random,96,best_r,0.04953672822597338,0.016133333333333322,0.3335666666666666,0.3174333333333333,6
1,test_ba_100_00,ba,100,random,96,best_r,0.062224763962243856,0.015608333333333326,0.25887499999999997,0.24326666666666666,6
1,test_ba_100_01,ba,100,random,96,best_r,0.06679779914099708,0.01542916666666668,0.23837916666666667,0.22294999999999998,6
1,test_ba_100_02,ba,100,random,96,best_r,0.06790522537550715,0.01663750000000001,0.2541125,0.237475,6
1,test_ba_100_03,ba,100,random,96,best_r,0.0386741982871226,0.009587499999999999,0.2524875,0.24289999999999998,6
1,test_ba_100_04,ba,100,random,96,best_r,0.06511190228226676,0.015208333333333329,0.24115833333333334,0.22594999999999998,6
1,test_ba_100_05,ba,100,random,96,best_r,0.06315750671227663,0.014420833333333332,0.23469583333333333,0.220275,6
1,test_ba_100_06,ba,100,random,96,best_r,0.05595930933699619,0.01405833333333333,0.2574166666666666,0.24335833333333334,6
1,test_ba_100_07,ba,100,random,96,best_r,0.062186018797094074,0.016045833333333325,0.2662291666666667,0.2501833333333333,6
1,test_ba_50_00,ba,50,random,96,best_r,0.09886396420562964,0.02435,0.25898333333333334,0.23463333333333333,6
1,test_ba_50_01,ba,50,random,96,best_r,0.08425814717520008,0.023866666666666658,0.2956666666666667,0.2718,6
1,test_ba_50_02,ba,50,random,96,best_r,0.09921699039946008,0.02535000000000001,0.26795,0.2426,6
1,test_ba_50_03,ba,50,random,96,best_r,0.09378574443202131,0.024583333333333318,0.27535,0.25076666666666664,6
1,test_ba_50_04,ba,50,random,96,best_r,0.08657219153344779,0.020750000000000015,0.25028333333333336,0.22953333333333334,6
1,test_ba_50_05,ba,50,random,96,best_r,0.08005682950720948,0.021199999999999986,0.2755666666666666,0.25436666666666663,6
1,test_ba_50_06,ba,50,random,96,best_r,0.060741448598290816,0.018199999999999994,0.3084333333333333,0.29023333333333334,6
1,test_ba_50_07,ba,50,random,96,best_r,0.08655324668608409,0.021449999999999997,0.2581833333333334,0.23673333333333332,6
1,test_er_100_00,er,100,random,96,best_r,0.023450869236778263,0.007591666666666663,0.3278666666666667,0.32027500000000003,6
1,test_er_100_01,er,100,random,96,best_r,0.02768903596434608,0.009266666666666664,0.33948333333333336,0.33021666666666666,6
1,test_er_100_02,er,100,random,96,best_r,0.03511441315108849,0.011254166666666657,0.32600416666666665,0.31475,6
1,test_er_100_03,er,100,random,96,best_r,0.03415103849368836,0.01080416666666667,0.32169583333333335,0.3108916666666667,6
1,test_er_100_04,er,100,random,96,best_r,0.03214345999419485,0.010133333333333328,0.32019166666666665,0.3100583333333334,6
1,test_er_100_05,er,100,random,96,best_r,0.02369155973824895,0.0075333333333333545,0.321325,0.31379166666666664,6
1,test_er_100_06,er,100,random,96,best_r,0.033750879592337954,0.01078333333333334,0.324875,0.31409166666666666,6
1,test_er_100_07,er,100,random,96,best_r,0.039198392268347704,0.012362500000000007,0.3215208333333333,0.30915833333333337,6
1,test_er_50_00,er,50,random,96,best_r,0.04329124605748271,0.014116666666666666,0.33231666666666665,0.3182,6
1,test_er_50_01,er,50,random,96,best_r,0.04644678576373045,0.01583333333333332,0.3487,0.33286666666666664,6
1,test_er_50_02,er,50,random,96,best_r,0.05269477047609771,0.01711666666666665,0.33421666666666666,0.3171,6
1,test_er_50_03,er,50,random,96,best_r,0.04248409181822194,0.014116666666666675,0.3393166666666667,0.3252,6
1,test_er_50_04,er,50,random,96,best_r,0.03498194035716746,0.012099999999999991,0.3522666666666667,0.3401666666666667,6
1,test_er_50_05,er,50,random,96,best_r,0.04239641909840212,0.013733333333333339,0.3307333333333334,0.317,6
1,test_er_50_06,er,50,random,96,best_r,0.06362842056839385,0.02003333333333332,0.3247,0.3046666666666667,6
1,test_er_50_07,er,50,random,96,best_r,0.052512278448307186,0.017500000000000033,0.3420666666666667,0.32456666666666667,6
0,test_ba_100_00,ba,100,selected_regression,96,fresh_r,0.003140888385353976,0.0007463541666666712,0.2519171875,0.25117083333333334,6
0,test_ba_100_01,ba,100,selected_regression,96,fresh_r,0.010714920061421303,0.0027244791666666637,0.25662812500000004,0.2539036458333333,6
0,test_ba_100_02,ba,100,selected_regression,96,fresh_r,0.02231393462988226,0.005040625000000003,0.23009895833333335,0.22505833333333336,6
0,test_ba_100_03,ba,100,selected_regression,96,fresh_r,0.03081195034181941,0.007026041666666667,0.23231458333333335,0.22528854166666665,6
0,test_ba_100_04,ba,100,selected_regression,96,fresh_r,0.015394713597286676,0.003607812499999997,0.23641510416666667,0.23280729166666667,6
0,test_ba_100_05,ba,100,selected_regression,96,fresh_r,0.019194378935372368,0.004545833333333337,0.23828177083333332,0.2337359375,6
0,test_ba_100_06,ba,100,selected_regression,96,fresh_r,0.014795318837223204,0.0036348958333333368,0.24730677083333333,0.24367187499999998,6
0,test_ba_100_07,ba,100,selected_regression,96,fresh_r,0.023796869178981887,0.004976041666666671,0.21239479166666667,0.20741874999999999,6
0,test_ba_50_00,ba,50,selected_regression,96,fresh_r,0.01015179864745982,0.002474999999999996,0.2445375,0.24206249999999999,6
0,test_ba_50_01,ba,50,selected_regression,96,fresh_r,0.02244720717083819,0.006174999999999996,0.2774125,0.2712375000000001,6
0,test_ba_50_02,ba,50,selected_regression,96,fresh_r,0.02144275309792339,0.005850000000000004,0.2730854166666667,0.26723541666666667,6
0,test_ba_50_03,ba,50,selected_regression,96,fresh_r,0.028626206966021223,0.007427083333333334,0.2631208333333333,0.25569375,6
0,test_ba_50_04,ba,50,selected_regression,96,fresh_r,0.025322545740530587,0.006354166666666684,0.25528333333333336,0.24892916666666665,6
0,test_ba_50_05,ba,50,selected_regression,96,fresh_r,0.038446096447430834,0.01063125,0.28203125,0.2714,6
0,test_ba_50_06,ba,50,selected_regression,96,fresh_r,0.021858838635330054,0.005837500000000005,0.27031875,0.26448124999999995,6
0,test_ba_50_07,ba,50,selected_regression,96,fresh_r,0.017705278673931835,0.004608333333333335,0.26077291666666663,0.2561645833333333,6
0,test_er_100_00,er,100,selected_regression,96,fresh_r,0.002119993388432381,0.0006749999999999904,0.31451666666666667,0.31384166666666663,6
0,test_er_100_01,er,100,selected_regression,96,fresh_r,0.0017893760627326835,0.0005734374999999958,0.31858854166666667,0.3180151041666667,6
0,test_er_100_02,er,100,selected_regression,96,fresh_r,0.004485500168157516,0.0014062499999999978,0.3174729166666667,0.31606666666666666,6
0,test_er_100_03,er,100,selected_regression,96,fresh_r,0.007583097736723852,0.0023416666666666677,0.3103109375,0.3079692708333333,6
0,test_er_100_04,er,100,selected_regression,96,fresh_r,0.0025889261097201137,0.0008171875000000014,0.3160671875,0.31525000000000003,6
0,test_er_100_05,er,100,selected_regression,96,fresh_r,0.01008236759784402,0.0031760416666666755,0.31538281250000005,0.3122067708333333,6
0,test_er_100_06,er,100,selected_regression,96,fresh_r,-0.00041066763911804953,-0.00015729166666666092,0.3200703125,0.3202276041666667,6
0,test_er_100_07,er,100,selected_regression,96,fresh_r,-0.0002461424114484874,-7.031250000000266e-05,0.32412708333333334,0.3241973958333333,6
0,test_er_50_00,er,50,selected_regression,96,fresh_r,0.004892189062987696,0.0016458333333333464,0.33805624999999995,0.33641041666666666,6
0,test_er_50_01,er,50,selected_regression,96,fresh_r,0.004704133586746407,0.0015583333333333467,0.33252708333333336,0.33096875000000003,6
0,test_er_50_02,er,50,selected_regression,96,fresh_r,-0.004897717152672821,-0.0016729166666666722,0.3391895833333334,0.3408625,6
0,test_er_50_03,er,50,selected_regression,96,fresh_r,0.0012191047116676158,0.0004312500000000126,0.32923125000000003,0.3288,6
0,test_er_50_04,er,50,selected_regression,96,fresh_r,-0.0028578158720732306,-0.00093541666666667,0.32805208333333336,0.3289875,6
0,test_er_50_05,er,50,selected_regression,96,fresh_r,0.008925694201291285,0.0030166666666666675,0.3427479166666667,0.33973125,6
0,test_er_50_06,er,50,selected_regression,96,fresh_r,0.00010913660827841243,4.166666666667133e-05,0.32827708333333333,0.3282354166666666,6
0,test_er_50_07,er,50,selected_regression,96,fresh_r,-0.000933048840782509,-0.00030624999999998015,0.32870416666666674,0.3290104166666667,6
1,test_ba_100_00,ba,100,selected_regression,96,fresh_r,0.02553253435894008,0.006489062500000013,0.2566515625,0.25016249999999995,6
1,test_ba_100_01,ba,100,selected_regression,96,fresh_r,0.013946475706594524,0.003270312499999997,0.23453906250000003,0.23126875,6
1,test_ba_100_02,ba,100,selected_regression,96,fresh_r,0.010724354216020868,0.002653645833333329,0.24961041666666664,0.24695677083333334,6
1,test_ba_100_03,ba,100,selected_regression,96,fresh_r,0.01301506149336127,0.0032234375000000045,0.25180729166666665,0.24858385416666665,6
1,test_ba_100_04,ba,100,selected_regression,96,fresh_r,0.03637227250366612,0.00858958333333334,0.24062031250000002,0.23203072916666667,6
1,test_ba_100_05,ba,100,selected_regression,96,fresh_r,0.011429830667033939,0.002677083333333339,0.23189114583333334,0.2292140625,6
1,test_ba_100_06,ba,100,selected_regression,96,fresh_r,0.006415673472183286,0.0016395833333333332,0.25628125,0.2546416666666667,6
1,test_ba_100_07,ba,100,selected_regression,96,fresh_r,0.01054578786276441,0.0027666666666666673,0.26361979166666666,0.260853125,6
1,test_ba_50_00,ba,50,selected_regression,96,fresh_r,-0.0008859458328678438,-0.00019999999999999185,0.25456666666666666,0.25476666666666664,6
1,test_ba_50_01,ba,50,selected_regression,96,fresh_r,0.014884109165298485,0.0043333333333333375,0.2916645833333334,0.28733125,6
1,test_ba_50_02,ba,50,selected_regression,96,fresh_r,0.018009761703506502,0.004752083333333342,0.26478124999999997,0.26002916666666664,6
1,test_ba_50_03,ba,50,selected_regression,96,fresh_r,0.03263822230775134,0.008831250000000004,0.2748875,0.26605625,6
1,test_ba_50_04,ba,50,selected_regression,96,fresh_r,0.03615498454873403,0.00872083333333333,0.24574791666666665,0.23702708333333333,6
1,test_ba_50_05,ba,50,selected_regression,96,fresh_r,0.01072977181931259,0.002904166666666652,0.27333958333333336,0.2704354166666667,6
1,test_ba_50_06,ba,50,selected_regression,96,fresh_r,-0.004043059571504506,-0.0012041666666666635,0.3018958333333333,0.3031,6
1,test_ba_50_07,ba,50,selected_regression,96,fresh_r,0.015394236893947344,0.00391666666666667,0.25666041666666667,0.25274375,6
1,test_er_100_00,er,100,selected_regression,96,fresh_r,0.003639043002135302,0.0011718750000000167,0.3242796875,0.3231078125,6
1,test_er_100_01,er,100,selected_regression,96,fresh_r,0.00905080030390512,0.0030005208333333164,0.3340083333333333,0.3310078125,6
1,test_er_100_02,er,100,selected_regression,96,fresh_r,0.004539745943513403,0.0014609374999999998,0.3217072916666666,0.3202463541666667,6
1,test_er_100_03,er,100,selected_regression,96,fresh_r,0.002036140727292468,0.0006203125000000068,0.3169760416666667,0.3163557291666667,6
1,test_er_100_04,er,100,selected_regression,96,fresh_r,-0.006455287935912236,-0.0020421875000000054,0.3147635416666667,0.31680572916666666,6
1,test_er_100_05,er,100,selected_regression,96,fresh_r,-0.00616983360655097,-0.001976562500000001,0.317365625,0.31934218750000004,6
1,test_er_100_06,er,100,selected_regression,96,fresh_r,-0.007513448496072816,-0.0024187499999999973,0.31984583333333333,0.3222645833333333,6
1,test_er_100_07,er,100,selected_regression,96,fresh_r,0.006990374766100091,0.002194270833333336,0.31669375,0.3144994791666667,6
1,test_er_50_00,er,50,selected_regression,96,fresh_r,-2.666144077501214e-06,-4.16666666667546e-06,0.3248520833333333,0.32485625,6
1,test_er_50_01,er,50,selected_regression,96,fresh_r,0.0016050346598193372,0.0005500000000000042,0.34125625,0.34070625000000004,6
1,test_er_50_02,er,50,selected_regression,96,fresh_r,-0.0017555381991619034,-0.0005791666666666769,0.3286395833333334,0.32921875000000006,6
1,test_er_50_03,er,50,selected_regression,96,fresh_r,0.008895758290337362,0.002943749999999986,0.3320916666666667,0.3291479166666667,6
1,test_er_50_04,er,50,selected_regression,96,fresh_r,-0.00015630930859769718,-5.833333333332691e-05,0.3449041666666666,0.3449625,6
1,test_er_50_05,er,50,selected_regression,96,fresh_r,-0.0020307479670280543,-0.0006666666666666673,0.325375,0.3260416666666666,6
1,test_er_50_06,er,50,selected_regression,96,fresh_r,0.010416847148558464,0.003247916666666665,0.31970208333333333,0.31645416666666665,6
1,test_er_50_07,er,50,selected_regression,96,fresh_r,0.014792118873401703,0.004906249999999991,0.335175,0.33026875000000006,6
0,test_ba_100_00,ba,100,mse,96,fresh_r,0.003140888385353976,0.0007463541666666712,0.2519171875,0.25117083333333334,6
0,test_ba_100_01,ba,100,mse,96,fresh_r,0.010714920061421303,0.0027244791666666637,0.25662812500000004,0.2539036458333333,6
0,test_ba_100_02,ba,100,mse,96,fresh_r,0.02231393462988226,0.005040625000000003,0.23009895833333335,0.22505833333333336,6
0,test_ba_100_03,ba,100,mse,96,fresh_r,0.03081195034181941,0.007026041666666667,0.23231458333333335,0.22528854166666665,6
0,test_ba_100_04,ba,100,mse,96,fresh_r,0.015394713597286676,0.003607812499999997,0.23641510416666667,0.23280729166666667,6
0,test_ba_100_05,ba,100,mse,96,fresh_r,0.019194378935372368,0.004545833333333337,0.23828177083333332,0.2337359375,6
0,test_ba_100_06,ba,100,mse,96,fresh_r,0.014795318837223204,0.0036348958333333368,0.24730677083333333,0.24367187499999998,6
0,test_ba_100_07,ba,100,mse,96,fresh_r,0.023796869178981887,0.004976041666666671,0.21239479166666667,0.20741874999999999,6
0,test_ba_50_00,ba,50,mse,96,fresh_r,0.01015179864745982,0.002474999999999996,0.2445375,0.24206249999999999,6
0,test_ba_50_01,ba,50,mse,96,fresh_r,0.02244720717083819,0.006174999999999996,0.2774125,0.2712375000000001,6
0,test_ba_50_02,ba,50,mse,96,fresh_r,0.02144275309792339,0.005850000000000004,0.2730854166666667,0.26723541666666667,6
0,test_ba_50_03,ba,50,mse,96,fresh_r,0.028626206966021223,0.007427083333333334,0.2631208333333333,0.25569375,6
0,test_ba_50_04,ba,50,mse,96,fresh_r,0.025322545740530587,0.006354166666666684,0.25528333333333336,0.24892916666666665,6
0,test_ba_50_05,ba,50,mse,96,fresh_r,0.038446096447430834,0.01063125,0.28203125,0.2714,6
0,test_ba_50_06,ba,50,mse,96,fresh_r,0.021858838635330054,0.005837500000000005,0.27031875,0.26448124999999995,6
0,test_ba_50_07,ba,50,mse,96,fresh_r,0.017705278673931835,0.004608333333333335,0.26077291666666663,0.2561645833333333,6
0,test_er_100_00,er,100,mse,96,fresh_r,0.002119993388432381,0.0006749999999999904,0.31451666666666667,0.31384166666666663,6
0,test_er_100_01,er,100,mse,96,fresh_r,0.0017893760627326835,0.0005734374999999958,0.31858854166666667,0.3180151041666667,6
0,test_er_100_02,er,100,mse,96,fresh_r,0.004485500168157516,0.0014062499999999978,0.3174729166666667,0.31606666666666666,6
0,test_er_100_03,er,100,mse,96,fresh_r,0.007583097736723852,0.0023416666666666677,0.3103109375,0.3079692708333333,6
0,test_er_100_04,er,100,mse,96,fresh_r,0.0025889261097201137,0.0008171875000000014,0.3160671875,0.31525000000000003,6
0,test_er_100_05,er,100,mse,96,fresh_r,0.01008236759784402,0.0031760416666666755,0.31538281250000005,0.3122067708333333,6
0,test_er_100_06,er,100,mse,96,fresh_r,-0.00041066763911804953,-0.00015729166666666092,0.3200703125,0.3202276041666667,6
0,test_er_100_07,er,100,mse,96,fresh_r,-0.0002461424114484874,-7.031250000000266e-05,0.32412708333333334,0.3241973958333333,6
0,test_er_50_00,er,50,mse,96,fresh_r,0.004892189062987696,0.0016458333333333464,0.33805624999999995,0.33641041666666666,6
0,test_er_50_01,er,50,mse,96,fresh_r,0.004704133586746407,0.0015583333333333467,0.33252708333333336,0.33096875000000003,6
0,test_er_50_02,er,50,mse,96,fresh_r,-0.004897717152672821,-0.0016729166666666722,0.3391895833333334,0.3408625,6
0,test_er_50_03,er,50,mse,96,fresh_r,0.0012191047116676158,0.0004312500000000126,0.32923125000000003,0.3288,6
0,test_er_50_04,er,50,mse,96,fresh_r,-0.0028578158720732306,-0.00093541666666667,0.32805208333333336,0.3289875,6
0,test_er_50_05,er,50,mse,96,fresh_r,0.008925694201291285,0.0030166666666666675,0.3427479166666667,0.33973125,6
0,test_er_50_06,er,50,mse,96,fresh_r,0.00010913660827841243,4.166666666667133e-05,0.32827708333333333,0.3282354166666666,6
0,test_er_50_07,er,50,mse,96,fresh_r,-0.000933048840782509,-0.00030624999999998015,0.32870416666666674,0.3290104166666667,6
1,test_ba_100_00,ba,100,mse,96,fresh_r,0.028881534262131425,0.007325000000000012,0.2566515625,0.2493265625,6
1,test_ba_100_01,ba,100,mse,96,fresh_r,0.009622268029674688,0.0022619791666666686,0.23453906250000003,0.23227708333333333,6
1,test_ba_100_02,ba,100,mse,96,fresh_r,0.013767971812447372,0.0034119791666666574,0.24961041666666664,0.2461984375,6
1,test_ba_100_03,ba,100,mse,96,fresh_r,0.016159320492186328,0.004020833333333344,0.25180729166666665,0.24778645833333335,6
1,test_ba_100_04,ba,100,mse,96,fresh_r,0.03180213383201094,0.007568229166666667,0.24062031250000002,0.23305208333333335,6
1,test_ba_100_05,ba,100,mse,96,fresh_r,0.014839013676016234,0.0034156249999999964,0.23189114583333334,0.22847552083333333,6
1,test_ba_100_06,ba,100,mse,96,fresh_r,0.017346569189141087,0.004428125000000001,0.25628125,0.251853125,6
1,test_ba_100_07,ba,100,mse,96,fresh_r,0.017351109002579492,0.00451718750000001,0.26361979166666666,0.2591026041666667,6
1,test_ba_50_00,ba,50,mse,96,fresh_r,0.02900913414856983,0.007264583333333334,0.25456666666666666,0.24730208333333334,6
1,test_ba_50_01,ba,50,mse,96,fresh_r,0.026123987745301367,0.0075250000000000134,0.2916645833333334,0.2841395833333333,6
1,test_ba_50_02,ba,50,mse,96,fresh_r,0.03504045019244629,0.009118750000000014,0.26478124999999997,0.25566249999999996,6
1,test_ba_50_03,ba,50,mse,96,fresh_r,0.02632338961463093,0.007114583333333331,0.2748875,0.2677729166666667,6
1,test_ba_50_04,ba,50,mse,96,fresh_r,0.028317018424306742,0.006854166666666657,0.24574791666666665,0.23889375,6
1,test_ba_50_05,ba,50,mse,96,fresh_r,0.0025075141085976753,0.0006666666666666673,0.27333958333333336,0.27267291666666665,6
1,test_ba_50_06,ba,50,mse,96,fresh_r,0.007379640433997418,0.002241666666666651,0.3018958333333333,0.29965416666666667,6
1,test_ba_50_07,ba,50,mse,96,fresh_r,0.025025781258377358,0.006325000000000011,0.25666041666666667,0.25033541666666664,6
1,test_er_100_00,er,100,mse,96,fresh_r,0.00027650179075478995,8.385416666667478e-05,0.3242796875,0.3241958333333334,6
1,test_er_100_01,er,100,mse,96,fresh_r,0.005154078800120605,0.001714583333333325,0.3340083333333333,0.33229375,6
1,test_er_100_02,er,100,mse,96,fresh_r,0.010021696150784595,0.0032177083333333467,0.3217072916666666,0.31848958333333327,6
1,test_er_100_03,er,100,mse,96,fresh_r,0.004019135204209496,0.0012572916666666694,0.3169760416666667,0.31571875,6
1,test_er_100_04,er,100,mse,96,fresh_r,0.011842062048698978,0.0037041666666666564,0.3147635416666667,0.31105937499999997,6
1,test_er_100_05,er,100,mse,96,fresh_r,0.002264998356826396,0.0007348958333333414,0.317365625,0.3166307291666667,6
1,test_er_100_06,er,100,mse,96,fresh_r,0.006150189839346052,0.0019630208333333288,0.31984583333333333,0.3178828125,6
1,test_er_100_07,er,100,mse,96,fresh_r,0.01075483484207866,0.0033718750000000055,0.31669375,0.31332187499999997,6
1,test_er_50_00,er,50,mse,96,fresh_r,-0.002979045351127791,-0.0009812500000000075,0.3248520833333333,0.32583333333333336,6
1,test_er_50_01,er,50,mse,96,fresh_r,0.009408426707416496,0.0031999999999999993,0.34125625,0.33805625,6
1,test_er_50_02,er,50,mse,96,fresh_r,0.003608390518959948,0.0011937499999999934,0.3286395833333334,0.3274458333333333,6
1,test_er_50_03,er,50,mse,96,fresh_r,-0.0005247407207460505,-0.0001791666666666747,0.3320916666666667,0.33227083333333335,6
1,test_er_50_04,er,50,mse,96,fresh_r,-0.0014731222032957096,-0.0005062500000000044,0.3449041666666666,0.3454104166666667,6
1,test_er_50_05,er,50,mse,96,fresh_r,0.005368893151330768,0.0017395833333333222,0.325375,0.3236354166666667,6
1,test_er_50_06,er,50,mse,96,fresh_r,0.0053246142285909475,0.0016958333333333224,0.31970208333333333,0.31800625,6
1,test_er_50_07,er,50,mse,96,fresh_r,0.017655690907148927,0.005864583333333349,0.335175,0.32931041666666666,6
0,test_ba_100_00,ba,100,log_mse,96,fresh_r,0.029012571514417527,0.007160416666666669,0.2519171875,0.24475677083333336,6
0,test_ba_100_01,ba,100,log_mse,96,fresh_r,0.018899467718610577,0.004798958333333339,0.25662812500000004,0.2518291666666666,6
0,test_ba_100_02,ba,100,log_mse,96,fresh_r,0.038384642414225636,0.008677604166666672,0.23009895833333335,0.22142135416666667,6
0,test_ba_100_03,ba,100,log_mse,96,fresh_r,0.03182549610052221,0.007220833333333329,0.23231458333333335,0.22509375,6
0,test_ba_100_04,ba,100,log_mse,96,fresh_r,0.011688978368507831,0.0027307291666666725,0.23641510416666667,0.23368437499999997,6
0,test_ba_100_05,ba,100,log_mse,96,fresh_r,0.005975800732946269,0.0014354166666666706,0.23828177083333332,0.23684635416666666,6
0,test_ba_100_06,ba,100,log_mse,96,fresh_r,0.025593437339534206,0.006277604166666673,0.24730677083333333,0.24102916666666666,6
0,test_ba_100_07,ba,100,log_mse,96,fresh_r,0.022074504617559717,0.004584375000000002,0.21239479166666667,0.20781041666666666,6
0,test_ba_50_00,ba,50,log_mse,96,fresh_r,0.02625389145618455,0.006339583333333329,0.2445375,0.2381979166666667,6
0,test_ba_50_01,ba,50,log_mse,96,fresh_r,0.032113122505293294,0.008785416666666665,0.2774125,0.26862708333333335,6
0,test_ba_50_02,ba,50,log_mse,96,fresh_r,0.01747635035852123,0.00475416666666667,0.2730854166666667,0.26833124999999997,6
0,test_ba_50_03,ba,50,log_mse,96,fresh_r,0.03915479868045254,0.010089583333333341,0.2631208333333333,0.25303125,6
0,test_ba_50_04,ba,50,log_mse,96,fresh_r,0.033747076981115544,0.008391666666666672,0.25528333333333336,0.24689166666666665,6
0,test_ba_50_05,ba,50,log_mse,96,fresh_r,0.04378290315416993,0.012045833333333339,0.28203125,0.26998541666666664,6
0,test_ba_50_06,ba,50,log_mse,96,fresh_r,0.015705222550466733,0.004197916666666672,0.27031875,0.2661208333333333,6
0,test_ba_50_07,ba,50,log_mse,96,fresh_r,0.04153332604258459,0.010518749999999993,0.26077291666666663,0.25025416666666667,6
0,test_er_100_00,er,100,log_mse,96,fresh_r,0.001516611999375414,0.00047968749999999227,0.31451666666666667,0.3140369791666667,6
0,test_er_100_01,er,100,log_mse,96,fresh_r,-0.0015695762735446685,-0.0004989583333333455,0.31858854166666667,0.3190875,6
0,test_er_100_02,er,100,log_mse,96,fresh_r,0.007263335915070664,0.0022947916666666754,0.3174729166666667,0.31517812500000003,6
0,test_er_100_03,er,100,log_mse,96,fresh_r,0.011504206234045883,0.0035578124999999885,0.3103109375,0.306753125,6
0,test_er_100_04,er,100,log_mse,96,fresh_r,-0.0025393765975162516,-0.0008052083333333163,0.3160671875,0.3168723958333333,6
0,test_er_100_05,er,100,log_mse,96,fresh_r,0.0052754533918869155,0.0016739583333333363,0.31538281250000005,0.31370885416666666,6
0,test_er_100_06,er,100,log_mse,96,fresh_r,-0.003368914063749255,-0.0010953125000000008,0.3200703125,0.321165625,6
0,test_er_100_07,er,100,log_mse,96,fresh_r,-0.004269938184932877,-0.0013729166666666681,0.32412708333333334,0.32549999999999996,6
0,test_er_50_00,er,50,log_mse,96,fresh_r,0.007795082117912733,0.0026083333333333327,0.33805624999999995,0.3354479166666667,6
0,test_er_50_01,er,50,log_mse,96,fresh_r,0.004438763147595983,0.001464583333333334,0.33252708333333336,0.3310625,6
0,test_er_50_02,er,50,log_mse,96,fresh_r,-0.0011304301161358346,-0.00038749999999999435,0.3391895833333334,0.3395770833333333,6
0,test_er_50_03,er,50,log_mse,96,fresh_r,-0.004847992198890675,-0.0015666666666666607,0.32923125000000003,0.3307979166666667,6
0,test_er_50_04,er,50,log_mse,96,fresh_r,0.006227854921109344,0.0020416666666666825,0.32805208333333336,0.32601041666666664,6
0,test_er_50_05,er,50,log_mse,96,fresh_r,0.004525301582144589,0.0015458333333333203,0.3427479166666667,0.34120208333333335,6
0,test_er_50_06,er,50,log_mse,96,fresh_r,0.007607893926174814,0.002472916666666658,0.32827708333333333,0.3258041666666666,6
0,test_er_50_07,er,50,log_mse,96,fresh_r,0.010317345162639026,0.003379166666666692,0.32870416666666674,0.325325,6
1,test_ba_100_00,ba,100,log_mse,96,fresh_r,0.02553253435894008,0.006489062500000013,0.2566515625,0.25016249999999995,6
1,test_ba_100_01,ba,100,log_mse,96,fresh_r,0.013946475706594524,0.003270312499999997,0.23453906250000003,0.23126875,6
1,test_ba_100_02,ba,100,log_mse,96,fresh_r,0.010724354216020868,0.002653645833333329,0.24961041666666664,0.24695677083333334,6
1,test_ba_100_03,ba,100,log_mse,96,fresh_r,0.01301506149336127,0.0032234375000000045,0.25180729166666665,0.24858385416666665,6
1,test_ba_100_04,ba,100,log_mse,96,fresh_r,0.03637227250366612,0.00858958333333334,0.24062031250000002,0.23203072916666667,6
1,test_ba_100_05,ba,100,log_mse,96,fresh_r,0.011429830667033939,0.002677083333333339,0.23189114583333334,0.2292140625,6
1,test_ba_100_06,ba,100,log_mse,96,fresh_r,0.006415673472183286,0.0016395833333333332,0.25628125,0.2546416666666667,6
1,test_ba_100_07,ba,100,log_mse,96,fresh_r,0.01054578786276441,0.0027666666666666673,0.26361979166666666,0.260853125,6
1,test_ba_50_00,ba,50,log_mse,96,fresh_r,-0.0008859458328678438,-0.00019999999999999185,0.25456666666666666,0.25476666666666664,6
1,test_ba_50_01,ba,50,log_mse,96,fresh_r,0.014884109165298485,0.0043333333333333375,0.2916645833333334,0.28733125,6
1,test_ba_50_02,ba,50,log_mse,96,fresh_r,0.018009761703506502,0.004752083333333342,0.26478124999999997,0.26002916666666664,6
1,test_ba_50_03,ba,50,log_mse,96,fresh_r,0.03263822230775134,0.008831250000000004,0.2748875,0.26605625,6
1,test_ba_50_04,ba,50,log_mse,96,fresh_r,0.03615498454873403,0.00872083333333333,0.24574791666666665,0.23702708333333333,6
1,test_ba_50_05,ba,50,log_mse,96,fresh_r,0.01072977181931259,0.002904166666666652,0.27333958333333336,0.2704354166666667,6
1,test_ba_50_06,ba,50,log_mse,96,fresh_r,-0.004043059571504506,-0.0012041666666666635,0.3018958333333333,0.3031,6
1,test_ba_50_07,ba,50,log_mse,96,fresh_r,0.015394236893947344,0.00391666666666667,0.25666041666666667,0.25274375,6
1,test_er_100_00,er,100,log_mse,96,fresh_r,0.003639043002135302,0.0011718750000000167,0.3242796875,0.3231078125,6
1,test_er_100_01,er,100,log_mse,96,fresh_r,0.00905080030390512,0.0030005208333333164,0.3340083333333333,0.3310078125,6
1,test_er_100_02,er,100,log_mse,96,fresh_r,0.004539745943513403,0.0014609374999999998,0.3217072916666666,0.3202463541666667,6
1,test_er_100_03,er,100,log_mse,96,fresh_r,0.002036140727292468,0.0006203125000000068,0.3169760416666667,0.3163557291666667,6
1,test_er_100_04,er,100,log_mse,96,fresh_r,-0.006455287935912236,-0.0020421875000000054,0.3147635416666667,0.31680572916666666,6
1,test_er_100_05,er,100,log_mse,96,fresh_r,-0.00616983360655097,-0.001976562500000001,0.317365625,0.31934218750000004,6
1,test_er_100_06,er,100,log_mse,96,fresh_r,-0.007513448496072816,-0.0024187499999999973,0.31984583333333333,0.3222645833333333,6
1,test_er_100_07,er,100,log_mse,96,fresh_r,0.006990374766100091,0.002194270833333336,0.31669375,0.3144994791666667,6
1,test_er_50_00,er,50,log_mse,96,fresh_r,-2.666144077501214e-06,-4.16666666667546e-06,0.3248520833333333,0.32485625,6
1,test_er_50_01,er,50,log_mse,96,fresh_r,0.0016050346598193372,0.0005500000000000042,0.34125625,0.34070625000000004,6
1,test_er_50_02,er,50,log_mse,96,fresh_r,-0.0017555381991619034,-0.0005791666666666769,0.3286395833333334,0.32921875000000006,6
1,test_er_50_03,er,50,log_mse,96,fresh_r,0.008895758290337362,0.002943749999999986,0.3320916666666667,0.3291479166666667,6
1,test_er_50_04,er,50,log_mse,96,fresh_r,-0.00015630930859769718,-5.833333333332691e-05,0.3449041666666666,0.3449625,6
1,test_er_50_05,er,50,log_mse,96,fresh_r,-0.0020307479670280543,-0.0006666666666666673,0.325375,0.3260416666666666,6
1,test_er_50_06,er,50,log_mse,96,fresh_r,0.010416847148558464,0.003247916666666665,0.31970208333333333,0.31645416666666665,6
1,test_er_50_07,er,50,log_mse,96,fresh_r,0.014792118873401703,0.004906249999999991,0.335175,0.33026875000000006,6
0,test_ba_100_00,ba,100,global_mse,96,fresh_r,0.011087130654437607,0.0026817708333333377,0.2519171875,0.24923541666666668,6
0,test_ba_100_01,ba,100,global_mse,96,fresh_r,0.02662817976538732,0.00666093750000001,0.25662812500000004,0.24996718750000002,6
0,test_ba_100_02,ba,100,global_mse,96,fresh_r,0.03859777620968923,0.0086484375,0.23009895833333335,0.2214505208333333,6
0,test_ba_100_03,ba,100,global_mse,96,fresh_r,0.01680213050358083,0.003868229166666672,0.23231458333333335,0.22844635416666667,6
0,test_ba_100_04,ba,100,global_mse,96,fresh_r,0.005874195302846625,0.0013593750000000006,0.23641510416666667,0.23505572916666664,6
0,test_ba_100_05,ba,100,global_mse,96,fresh_r,0.024540222026849103,0.0057770833333333355,0.23828177083333332,0.2325046875,6
0,test_ba_100_06,ba,100,global_mse,96,fresh_r,0.021006711693366736,0.005158854166666671,0.24730677083333333,0.24214791666666668,6
0,test_ba_100_07,ba,100,global_mse,96,fresh_r,0.0478280555450662,0.009911458333333336,0.21239479166666667,0.20248333333333335,6
0,test_ba_50_00,ba,50,global_mse,96,fresh_r,0.012497944183585394,0.0030437500000000026,0.2445375,0.24149375000000003,6
0,test_ba_50_01,ba,50,global_mse,96,fresh_r,0.03707377010882829,0.010045833333333318,0.2774125,0.26736666666666664,6
0,test_ba_50_02,ba,50,global_mse,96,fresh_r,0.02081165914937803,0.005677083333333333,0.2730854166666667,0.2674083333333333,6
0,test_ba_50_03,ba,50,global_mse,96,fresh_r,0.04042944747299099,0.010337499999999994,0.2631208333333333,0.2527833333333333,6
0,test_ba_50_04,ba,50,global_mse,96,fresh_r,0.047218830386533746,0.011758333333333343,0.25528333333333336,0.24352500000000002,6
0,test_ba_50_05,ba,50,global_mse,96,fresh_r,0.031364371381620286,0.008666666666666675,0.28203125,0.27336458333333336,6
0,test_ba_50_06,ba,50,global_mse,96,fresh_r,0.021407775549243807,0.0057291666666666645,0.27031875,0.2645895833333333,6
0,test_ba_50_07,ba,50,global_mse,96,fresh_r,0.04601423217939247,0.011752083333333338,0.26077291666666663,0.24902083333333333,6
0,test_er_100_00,er,100,global_mse,96,fresh_r,0.00927949634259665,0.0028979166666666667,0.31451666666666667,0.31161875,6
0,test_er_100_01,er,100,global_mse,96,fresh_r,0.007329370438811554,0.0023109374999999988,0.31858854166666667,0.31627760416666667,6
0,test_er_100_02,er,100,global_mse,96,fresh_r,0.012204480861747545,0.0038520833333333484,0.3174729166666667,0.31362083333333335,6
0,test_er_100_03,er,100,global_mse,96,fresh_r,0.012378543377560508,0.003819791666666674,0.3103109375,0.30649114583333326,6
0,test_er_100_04,er,100,global_mse,96,fresh_r,0.00883022394275197,0.002756249999999997,0.3160671875,0.3133109375,6
0,test_er_100_05,er,100,global_mse,96,fresh_r,0.014029757449373938,0.004390104166666677,0.31538281250000005,0.3109927083333333,6
0,test_er_100_06,er,100,global_mse,96,fresh_r,0.007520204811622112,0.0023973958333333343,0.3200703125,0.3176729166666667,6
0,test_er_100_07,er,100,global_mse,96,fresh_r,0.004697475548906632,0.0015119791666666678,0.32412708333333334,0.32261510416666667,6
0,test_er_50_00,er,50,global_mse,96,fresh_r,0.014319029312777355,0.004810416666666669,0.33805624999999995,0.3332458333333333,6
0,test_er_50_01,er,50,global_mse,96,fresh_r,-0.0036113808117571103,-0.0012104166666666583,0.33252708333333336,0.3337375,6
0,test_er_50_02,er,50,global_mse,96,fresh_r,0.01695979091988636,0.0057125,0.3391895833333334,0.33347708333333337,6
0,test_er_50_03,er,50,global_mse,96,fresh_r,0.010231472079786379,0.0033687500000000037,0.32923125000000003,0.3258625,6
0,test_er_50_04,er,50,global_mse,96,fresh_r,0.007874692625772133,0.0025687499999999994,0.32805208333333336,0.32548333333333335,6
0,test_er_50_05,er,50,global_mse,96,fresh_r,0.002261438532388567,0.000766666666666647,0.3427479166666667,0.34198124999999996,6
0,test_er_50_06,er,50,global_mse,96,fresh_r,0.009764159599028254,0.0031791666666666774,0.32827708333333333,0.32509791666666665,6
0,test_er_50_07,er,50,global_mse,96,fresh_r,0.009508623414461318,0.0031145833333333464,0.32870416666666674,0.3255895833333333,6
1,test_ba_100_00,ba,100,global_mse,96,fresh_r,0.02169197201831997,0.005503645833333344,0.2566515625,0.25114791666666664,6
1,test_ba_100_01,ba,100,global_mse,96,fresh_r,0.007447352661439219,0.0017526041666666668,0.23453906250000003,0.2327864583333333,6
1,test_ba_100_02,ba,100,global_mse,96,fresh_r,0.01870449503046828,0.004601562499999999,0.24961041666666664,0.24500885416666662,6
1,test_ba_100_03,ba,100,global_mse,96,fresh_r,0.014183415605089898,0.003526041666666674,0.25180729166666665,0.24828125,6
1,test_ba_100_04,ba,100,global_mse,96,fresh_r,0.0229266882533867,0.005439062499999999,0.24062031250000002,0.23518125,6
1,test_ba_100_05,ba,100,global_mse,96,fresh_r,0.00522351002195795,0.0012250000000000039,0.23189114583333334,0.23066614583333334,6
1,test_ba_100_06,ba,100,global_mse,96,fresh_r,0.011904417083663575,0.0030499999999999924,0.25628125,0.25323124999999996,6
1,test_ba_100_07,ba,100,global_mse,96,fresh_r,0.011283870359799933,0.0029104166666666744,0.26361979166666666,0.26070937499999997,6
1,test_ba_50_00,ba,50,global_mse,96,fresh_r,0.009292834319499474,0.002395833333333338,0.25456666666666666,0.25217083333333334,6
1,test_ba_50_01,ba,50,global_mse,96,fresh_r,0.017031130584068733,0.004952083333333339,0.2916645833333334,0.2867125,6
1,test_ba_50_02,ba,50,global_mse,96,fresh_r,0.03422129398999967,0.00889583333333333,0.26478124999999997,0.25588541666666664,6
1,test_ba_50_03,ba,50,global_mse,96,fresh_r,0.03493351454252969,0.009408333333333333,0.2748875,0.26547916666666665,6
1,test_ba_50_04,ba,50,global_mse,96,fresh_r,0.0157002228761115,0.003841666666666655,0.24574791666666665,0.24190625000000002,6
1,test_ba_50_05,ba,50,global_mse,96,fresh_r,0.020544488102670958,0.0055312499999999876,0.27333958333333336,0.26780833333333337,6
1,test_ba_50_06,ba,50,global_mse,96,fresh_r,0.005834782145741181,0.001733333333333309,0.3018958333333333,0.30016250000000005,6
1,test_ba_50_07,ba,50,global_mse,96,fresh_r,0.006690182641810441,0.0016979166666666785,0.25666041666666667,0.2549625,6
1,test_er_100_00,er,100,global_mse,96,fresh_r,-0.0048360960671165465,-0.0015979166666666618,0.3242796875,0.32587760416666667,6
1,test_er_100_01,er,100,global_mse,96,fresh_r,0.005334297953302103,0.0017749999999999895,0.3340083333333333,0.3322333333333333,6
1,test_er_100_02,er,100,global_mse,96,fresh_r,0.0005617080516440876,0.00019427083333334316,0.3217072916666666,0.32151302083333333,6
1,test_er_100_03,er,100,global_mse,96,fresh_r,0.0007757234235573105,0.00022760416666667282,0.3169760416666667,0.3167484375,6
1,test_er_100_04,er,100,global_mse,96,fresh_r,0.00644930507963554,0.002031250000000003,0.3147635416666667,0.31273229166666666,6
1,test_er_100_05,er,100,global_mse,96,fresh_r,0.0009307492567158477,0.00030781250000000426,0.317365625,0.31705781250000004,6
1,test_er_100_06,er,100,global_mse,96,fresh_r,-0.000666228929776308,-0.00021197916666666297,0.31984583333333333,0.32005781250000004,6
1,test_er_100_07,er,100,global_mse,96,fresh_r,0.00868190111299135,0.0027265625000000107,0.31669375,0.31396718749999997,6
1,test_er_50_00,er,50,global_mse,96,fresh_r,0.005797383593993483,0.0018999999999999944,0.3248520833333333,0.3229520833333333,6
1,test_er_50_01,er,50,global_mse,96,fresh_r,-0.0020792225553179187,-0.0007125000000000048,0.34125625,0.34196875,6
1,test_er_50_02,er,50,global_mse,96,fresh_r,0.004986134131603044,0.0016416666666666617,0.3286395833333334,0.32699791666666667,6
1,test_er_50_03,er,50,global_mse,96,fresh_r,0.004801927578335185,0.0015770833333333307,0.3320916666666667,0.33051458333333333,6
1,test_er_50_04,er,50,global_mse,96,fresh_r,-0.0008489008759580488,-0.00030833333333331786,0.3449041666666666,0.3452125,6
1,test_er_50_05,er,50,global_mse,96,fresh_r,0.0036418958603798186,0.0011770833333333286,0.325375,0.3241979166666667,6
1,test_er_50_06,er,50,global_mse,96,fresh_r,0.011443899006588978,0.003637499999999988,0.31970208333333333,0.3160645833333333,6
1,test_er_50_07,er,50,global_mse,96,fresh_r,0.008953385408058357,0.00298125,0.335175,0.33219374999999995,6
0,test_ba_100_00,ba,100,global_log_mse,96,fresh_r,0.01538231541571093,0.0038078125000000026,0.2519171875,0.248109375,6
0,test_ba_100_01,ba,100,global_log_mse,96,fresh_r,0.03284962752524807,0.008269270833333328,0.25662812500000004,0.2483588541666667,6
0,test_ba_100_02,ba,100,global_log_mse,96,fresh_r,0.022508384742836663,0.005130208333333344,0.23009895833333335,0.22496874999999997,6
0,test_ba_100_03,ba,100,global_log_mse,96,fresh_r,0.031481147207754634,0.007087500000000001,0.23231458333333335,0.22522708333333333,6
0,test_ba_100_04,ba,100,global_log_mse,96,fresh_r,0.01192018752033478,0.0027713541666666702,0.23641510416666667,0.23364375,6
0,test_ba_100_05,ba,100,global_log_mse,96,fresh_r,0.04031501765880027,0.009299479166666671,0.23828177083333332,0.2289822916666667,6
0,test_ba_100_06,ba,100,global_log_mse,96,fresh_r,0.02132255077569876,0.005236979166666674,0.24730677083333333,0.24206979166666667,6
0,test_ba_100_07,ba,100,global_log_mse,96,fresh_r,0.05907914312156206,0.012149479166666671,0.21239479166666667,0.2002453125,6
0,test_ba_50_00,ba,50,global_log_mse,96,fresh_r,0.021520510649550947,0.005177083333333332,0.2445375,0.23936041666666666,6
0,test_ba_50_01,ba,50,global_log_mse,96,fresh_r,0.02522700465536117,0.006870833333333326,0.2774125,0.2705416666666667,6
0,test_ba_50_02,ba,50,global_log_mse,96,fresh_r,0.020138946543173417,0.005510416666666675,0.2730854166666667,0.267575,6
0,test_ba_50_03,ba,50,global_log_mse,96,fresh_r,0.024536478615752987,0.0063104166666666656,0.2631208333333333,0.25681041666666665,6
0,test_ba_50_04,ba,50,global_log_mse,96,fresh_r,0.016053736584410307,0.004000000000000013,0.25528333333333336,0.25128333333333336,6
0,test_ba_50_05,ba,50,global_log_mse,96,fresh_r,0.026589380097270437,0.007383333333333335,0.28203125,0.27464791666666666,6
0,test_ba_50_06,ba,50,global_log_mse,96,fresh_r,0.033552205302990974,0.00890208333333333,0.27031875,0.2614166666666667,6
0,test_ba_50_07,ba,50,global_log_mse,96,fresh_r,0.039777367007922705,0.010181249999999998,0.26077291666666663,0.25059166666666666,6
0,test_er_100_00,er,100,global_log_mse,96,fresh_r,0.009140299664991473,0.0028458333333333252,0.31451666666666667,0.31167083333333334,6
0,test_er_100_01,er,100,global_log_mse,96,fresh_r,0.003555004515898993,0.0011151041666666583,0.31858854166666667,0.31747343749999996,6
0,test_er_100_02,er,100,global_log_mse,96,fresh_r,0.010382451086458617,0.003282291666666668,0.3174729166666667,0.314190625,6
0,test_er_100_03,er,100,global_log_mse,96,fresh_r,0.024838747437235343,0.007598958333333322,0.3103109375,0.30271197916666664,6
0,test_er_100_04,er,100,global_log_mse,96,fresh_r,0.007850131667084148,0.0024651041666666576,0.3160671875,0.31360208333333334,6
0,test_er_100_05,er,100,global_log_mse,96,fresh_r,0.025782373332251324,0.008037500000000012,0.31538281250000005,0.3073453125,6
0,test_er_100_06,er,100,global_log_mse,96,fresh_r,0.0069892081752749155,0.002222395833333326,0.3200703125,0.3178479166666666,6
0,test_er_100_07,er,100,global_log_mse,96,fresh_r,0.008738300774843395,0.0028291666666666695,0.32412708333333334,0.3212979166666667,6
0,test_er_50_00,er,50,global_log_mse,96,fresh_r,0.011988766416655333,0.004018749999999997,0.33805624999999995,0.3340375,6
0,test_er_50_01,er,50,global_log_mse,96,fresh_r,0.00480564322362256,0.0015645833333333414,0.33252708333333336,0.3309625,6
0,test_er_50_02,er,50,global_log_mse,96,fresh_r,0.01080168804470008,0.0036541666666666714,0.3391895833333334,0.33553541666666664,6
0,test_er_50_03,er,50,global_log_mse,96,fresh_r,0.011595030537907725,0.0038145833333333434,0.32923125000000003,0.3254166666666667,6
0,test_er_50_04,er,50,global_log_mse,96,fresh_r,-0.00010121622177299576,-4.166666666666208e-05,0.32805208333333336,0.32809375,6
0,test_er_50_05,er,50,global_log_mse,96,fresh_r,0.010989874744979311,0.003722916666666659,0.3427479166666667,0.33902499999999997,6
0,test_er_50_06,er,50,global_log_mse,96,fresh_r,0.006370466006321661,0.0020750000000000026,0.32827708333333333,0.32620208333333334,6
0,test_er_50_07,er,50,global_log_mse,96,fresh_r,0.0207094261919046,0.006731250000000022,0.32870416666666674,0.32197291666666666,6
1,test_ba_100_00,ba,100,global_log_mse,96,fresh_r,0.026250769030506396,0.0066484375000000024,0.2566515625,0.250003125,6
1,test_ba_100_01,ba,100,global_log_mse,96,fresh_r,0.014372979133210789,0.0033671874999999982,0.23453906250000003,0.23117187500000003,6
1,test_ba_100_02,ba,100,global_log_mse,96,fresh_r,0.00775467332853633,0.0019260416666666696,0.24961041666666664,0.24768437499999998,6
1,test_ba_100_03,ba,100,global_log_mse,96,fresh_r,0.011568643176515769,0.002881250000000011,0.25180729166666665,0.24892604166666665,6
1,test_ba_100_04,ba,100,global_log_mse,96,fresh_r,0.02974135287596183,0.007068229166666662,0.24062031250000002,0.2335520833333333,6
1,test_ba_100_05,ba,100,global_log_mse,96,fresh_r,0.005736449511439929,0.0013520833333333416,0.23189114583333334,0.2305390625,6
1,test_ba_100_06,ba,100,global_log_mse,96,fresh_r,0.02069207006859598,0.005253645833333325,0.25628125,0.2510276041666667,6
1,test_ba_100_07,ba,100,global_log_mse,96,fresh_r,0.0064961707943753345,0.0016692708333333472,0.26361979166666666,0.2619505208333333,6
1,test_ba_50_00,ba,50,global_log_mse,96,fresh_r,0.012283657596268241,0.003129166666666678,0.25456666666666666,0.2514375,6
1,test_ba_50_01,ba,50,global_log_mse,96,fresh_r,0.019643808740874843,0.0056854166666666555,0.2916645833333334,0.2859791666666667,6
1,test_ba_50_02,ba,50,global_log_mse,96,fresh_r,0.04568117862496484,0.011822916666666674,0.26478124999999997,0.25295833333333334,6
1,test_ba_50_03,ba,50,global_log_mse,96,fresh_r,0.03694543596037536,0.009947916666666667,0.2748875,0.26493958333333334,6
1,test_ba_50_04,ba,50,global_log_mse,96,fresh_r,0.01957217343307303,0.004770833333333326,0.24574791666666665,0.24097708333333331,6
1,test_ba_50_05,ba,50,global_log_mse,96,fresh_r,0.00451704045690047,0.001212499999999996,0.27333958333333336,0.2721270833333333,6
1,test_ba_50_06,ba,50,global_log_mse,96,fresh_r,-0.013805084928150848,-0.00416666666666667,0.3018958333333333,0.30606249999999996,6
1,test_ba_50_07,ba,50,global_log_mse,96,fresh_r,0.017846895932356905,0.0045770833333333245,0.25666041666666667,0.2520833333333334,6
1,test_er_100_00,er,100,global_log_mse,96,fresh_r,0.0061408720400491805,0.0019755208333333274,0.3242796875,0.32230416666666667,6
1,test_er_100_01,er,100,global_log_mse,96,fresh_r,0.00977003186840099,0.0032364583333333217,0.3340083333333333,0.330771875,6
1,test_er_100_02,er,100,global_log_mse,96,fresh_r,-0.00136078429011912,-0.00043229166666665836,0.3217072916666666,0.32213958333333337,6
1,test_er_100_03,er,100,global_log_mse,96,fresh_r,0.00178871428658403,0.0005520833333333327,0.3169760416666667,0.3164239583333333,6
1,test_er_100_04,er,100,global_log_mse,96,fresh_r,0.006566241809239746,0.0020609374999999894,0.3147635416666667,0.3127026041666667,6
1,test_er_100_05,er,100,global_log_mse,96,fresh_r,0.0003531791317479828,0.00010885416666668128,0.317365625,0.3172567708333333,6
1,test_er_100_06,er,100,global_log_mse,96,fresh_r,-0.004098172069816983,-0.0013177083333333432,0.31984583333333333,0.32116354166666666,6
1,test_er_100_07,er,100,global_log_mse,96,fresh_r,0.011721899887837681,0.00368750000000001,0.31669375,0.31300625000000004,6
1,test_er_50_00,er,50,global_log_mse,96,fresh_r,-0.0015508239928128723,-0.0004666666666666708,0.3248520833333333,0.32531875,6
1,test_er_50_01,er,50,global_log_mse,96,fresh_r,0.001170096179415381,0.0004145833333333293,0.34125625,0.34084166666666665,6
1,test_er_50_02,er,50,global_log_mse,96,fresh_r,0.014465621736890413,0.0046937499999999965,0.3286395833333334,0.3239458333333333,6
1,test_er_50_03,er,50,global_log_mse,96,fresh_r,0.005736587813742473,0.001879166666666654,0.3320916666666667,0.33021249999999996,6
1,test_er_50_04,er,50,global_log_mse,96,fresh_r,0.002574380568384035,0.0008750000000000054,0.3449041666666666,0.3440291666666666,6
1,test_er_50_05,er,50,global_log_mse,96,fresh_r,-0.002295324329476881,-0.0007541666666666669,0.325375,0.32612916666666664,6
1,test_er_50_06,er,50,global_log_mse,96,fresh_r,0.0025845992792663678,0.0008208333333333262,0.31970208333333333,0.31888125,6
1,test_er_50_07,er,50,global_log_mse,96,fresh_r,-0.0014297584985193323,-0.0005041666666666574,0.335175,0.3356791666666666,6
0,test_ba_100_00,ba,100,ea,96,fresh_r,0.05182709024877527,0.012728645833333344,0.2519171875,0.23918854166666667,6
0,test_ba_100_01,ba,100,ea,96,fresh_r,0.05104163457550476,0.012745833333333336,0.25662812500000004,0.24388229166666667,6
0,test_ba_100_02,ba,100,ea,96,fresh_r,0.0781094597701736,0.0172875,0.23009895833333335,0.21281145833333334,6
0,test_ba_100_03,ba,100,ea,96,fresh_r,0.0656179869805178,0.014756249999999999,0.23231458333333335,0.21755833333333333,6
0,test_ba_100_04,ba,100,ea,96,fresh_r,0.047408563898490796,0.010949479166666656,0.23641510416666667,0.225465625,6
0,test_ba_100_05,ba,100,ea,96,fresh_r,0.07745045307008434,0.01777760416666666,0.23828177083333332,0.22050416666666664,6
0,test_ba_100_06,ba,100,ea,96,fresh_r,0.04888226833550255,0.011794270833333342,0.24730677083333333,0.2355125,6
0,test_ba_100_07,ba,100,ea,96,fresh_r,0.06602972872300976,0.013571875000000006,0.21239479166666667,0.19882291666666665,6
0,test_ba_50_00,ba,50,ea,96,fresh_r,0.05898334443143374,0.013991666666666661,0.2445375,0.23054583333333334,6
0,test_ba_50_01,ba,50,ea,96,fresh_r,0.06788992849838031,0.018225,0.2774125,0.25918749999999996,6
0,test_ba_50_02,ba,50,ea,96,fresh_r,0.051776711613418826,0.013789583333333336,0.2730854166666667,0.25929583333333334,6
0,test_ba_50_03,ba,50,ea,96,fresh_r,0.08210968190492819,0.020737500000000002,0.2631208333333333,0.24238333333333337,6
0,test_ba_50_04,ba,50,ea,96,fresh_r,0.09009511167301036,0.021929166666666684,0.25528333333333336,0.23335416666666667,6
0,test_ba_50_05,ba,50,ea,96,fresh_r,0.054838070513626415,0.015035416666666662,0.28203125,0.2669958333333333,6
0,test_ba_50_06,ba,50,ea,96,fresh_r,0.06154534933849959,0.01613541666666667,0.27031875,0.25418333333333337,6
0,test_ba_50_07,ba,50,ea,96,fresh_r,0.07829845072259504,0.019668750000000002,0.26077291666666663,0.24110416666666665,6
0,test_er_100_00,er,100,ea,96,fresh_r,0.02095619567284734,0.006522916666666666,0.31451666666666667,0.30799375,6
0,test_er_100_01,er,100,ea,96,fresh_r,0.016277047421638574,0.0051479166666666505,0.31858854166666667,0.313440625,6
0,test_er_100_02,er,100,ea,96,fresh_r,0.03343628890537545,0.010442708333333337,0.3174729166666667,0.30703020833333333,6
0,test_er_100_03,er,100,ea,96,fresh_r,0.03950483230959633,0.012041145833333322,0.3103109375,0.2982697916666667,6
0,test_er_100_04,er,100,ea,96,fresh_r,0.025557027840114373,0.007978645833333325,0.3160671875,0.3080885416666667,6
0,test_er_100_05,er,100,ea,96,fresh_r,0.027438168440800378,0.008545312500000004,0.31538281250000005,0.30683750000000004,6
0,test_er_100_06,er,100,ea,96,fresh_r,0.030950208779022676,0.009743229166666673,0.3200703125,0.3103270833333333,6
0,test_er_100_07,er,100,ea,96,fresh_r,0.017848627851419944,0.005747916666666676,0.32412708333333334,0.3183791666666667,6
0,test_er_50_00,er,50,ea,96,fresh_r,0.03960955344070892,0.01312291666666667,0.33805624999999995,0.32493333333333335,6
0,test_er_50_01,er,50,ea,96,fresh_r,0.014258862209737816,0.004710416666666661,0.33252708333333336,0.32781666666666665,6
0,test_er_50_02,er,50,ea,96,fresh_r,0.027494004266417016,0.009197916666666667,0.3391895833333334,0.3299916666666666,6
0,test_er_50_03,er,50,ea,96,fresh_r,0.03736530110329364,0.012097916666666661,0.32923125000000003,0.3171333333333333,6
0,test_er_50_04,er,50,ea,96,fresh_r,0.01965290569044435,0.006385416666666681,0.32805208333333336,0.32166666666666666,6
0,test_er_50_05,er,50,ea,96,fresh_r,0.013643844991986754,0.004639583333333318,0.3427479166666667,0.3381083333333333,6
0,test_er_50_06,er,50,ea,96,fresh_r,0.021674498655461432,0.007043749999999997,0.32827708333333333,0.3212333333333333,6
0,test_er_50_07,er,50,ea,96,fresh_r,0.047932693924358206,0.015379166666666685,0.32870416666666674,0.313325,6
1,test_ba_100_00,ba,100,ea,96,fresh_r,0.059966194213410956,0.014931770833333339,0.2566515625,0.24171979166666668,6
1,test_ba_100_01,ba,100,ea,96,fresh_r,0.04973901440636627,0.011413020833333329,0.23453906250000003,0.2231260416666667,6
1,test_ba_100_02,ba,100,ea,96,fresh_r,0.04938241732168905,0.012026041666666659,0.24961041666666664,0.23758437500000004,6
1,test_ba_100_03,ba,100,ea,96,fresh_r,0.061374849749564135,0.014994791666666674,0.25180729166666665,0.2368125,6
1,test_ba_100_04,ba,100,ea,96,fresh_r,0.06617568369803055,0.015429687499999992,0.24062031250000002,0.225190625,6
1,test_ba_100_05,ba,100,ea,96,fresh_r,0.05182935274117433,0.01175885416666666,0.23189114583333334,0.22013229166666667,6
1,test_ba_100_06,ba,100,ea,96,fresh_r,0.05331566059259901,0.013332291666666662,0.25628125,0.24294895833333338,6
1,test_ba_100_07,ba,100,ea,96,fresh_r,0.05176413641182764,0.013300000000000006,0.26361979166666666,0.2503197916666667,6
1,test_ba_50_00,ba,50,ea,96,fresh_r,0.06711965601878571,0.016562500000000008,0.25456666666666666,0.23800416666666668,6
1,test_ba_50_01,ba,50,ea,96,fresh_r,0.07873144647078945,0.02211041666666667,0.2916645833333334,0.2695541666666667,6
1,test_ba_50_02,ba,50,ea,96,fresh_r,0.08648109305009705,0.02192708333333333,0.26478124999999997,0.24285416666666668,6
1,test_ba_50_03,ba,50,ea,96,fresh_r,0.09495199646676704,0.024900000000000016,0.2748875,0.2499875,6
1,test_ba_50_04,ba,50,ea,96,fresh_r,0.06338202151413665,0.015139583333333326,0.24574791666666665,0.2306083333333333,6
1,test_ba_50_05,ba,50,ea,96,fresh_r,0.07715162145220644,0.02029375000000001,0.27333958333333336,0.25304583333333336,6
1,test_ba_50_06,ba,50,ea,96,fresh_r,0.03654282288855421,0.010854166666666665,0.3018958333333333,0.29104166666666664,6
1,test_ba_50_07,ba,50,ea,96,fresh_r,0.0695585015477455,0.017310416666666672,0.25666041666666667,0.23934999999999998,6
1,test_er_100_00,er,100,ea,96,fresh_r,0.026690138163504008,0.008490104166666679,0.3242796875,0.31578958333333335,6
1,test_er_100_01,er,100,ea,96,fresh_r,0.023292357161069695,0.00769374999999999,0.3340083333333333,0.32631458333333335,6
1,test_er_100_02,er,100,ea,96,fresh_r,0.02452470078393609,0.007796874999999999,0.3217072916666666,0.31391041666666664,6
1,test_er_100_03,er,100,ea,96,fresh_r,0.029677603324626253,0.009264583333333335,0.3169760416666667,0.30771145833333335,6
1,test_er_100_04,er,100,ea,96,fresh_r,0.02914170016062677,0.009051041666666657,0.3147635416666667,0.3057125,6
1,test_er_100_05,er,100,ea,96,fresh_r,0.025618734990125003,0.008040624999999987,0.317365625,0.309325,6
1,test_er_100_06,er,100,ea,96,fresh_r,0.025117820743713132,0.007942708333333307,0.31984583333333333,0.311903125,6
1,test_er_100_07,er,100,ea,96,fresh_r,0.03192283687442845,0.009946875000000013,0.31669375,0.30674687500000003,6
1,test_er_50_00,er,50,ea,96,fresh_r,0.02962733650584748,0.009493749999999995,0.3248520833333333,0.31535833333333335,6
1,test_er_50_01,er,50,ea,96,fresh_r,0.030766275573334435,0.010343750000000004,0.34125625,0.3309125,6
1,test_er_50_02,er,50,ea,96,fresh_r,0.05100030529018706,0.016339583333333324,0.3286395833333334,0.3123,6
1,test_er_50_03,er,50,ea,96,fresh_r,0.02789052063858775,0.009137499999999984,0.3320916666666667,0.32295416666666665,6
1,test_er_50_04,er,50,ea,96,fresh_r,0.026609898740885252,0.009058333333333326,0.3449041666666666,0.33584583333333334,6
1,test_er_50_05,er,50,ea,96,fresh_r,0.026979855994055838,0.008666666666666665,0.325375,0.31670833333333337,6
1,test_er_50_06,er,50,ea,96,fresh_r,0.042071849503690466,0.013147916666666657,0.31970208333333333,0.3065541666666667,6
1,test_er_50_07,er,50,ea,96,fresh_r,0.04271383972750825,0.013966666666666646,0.335175,0.3212083333333333,6
0,test_ba_100_00,ba,100,pool_random,96,fresh_r,0.05444217388976941,0.013339062500000004,0.2519171875,0.238578125,6
0,test_ba_100_01,ba,100,pool_random,96,fresh_r,0.05810225933436835,0.014485416666666667,0.25662812500000004,0.24214270833333332,6
0,test_ba_100_02,ba,100,pool_random,96,fresh_r,0.06724446421958927,0.014936458333333338,0.23009895833333335,0.2151625,6
0,test_ba_100_03,ba,100,pool_random,96,fresh_r,0.0593348941467526,0.013369791666666667,0.23231458333333335,0.21894479166666667,6
0,test_ba_100_04,ba,100,pool_random,96,fresh_r,0.05768525281113825,0.013229687500000004,0.23641510416666667,0.2231854166666667,6
0,test_ba_100_05,ba,100,pool_random,96,fresh_r,0.0452948602352525,0.010580729166666669,0.23828177083333332,0.22770104166666671,6
0,test_ba_100_06,ba,100,pool_random,96,fresh_r,0.06742110751385728,0.016164062500000003,0.24730677083333333,0.23114270833333336,6
0,test_ba_100_07,ba,100,pool_random,96,fresh_r,0.0503626290529294,0.010410416666666677,0.21239479166666667,0.201984375,6
0,test_ba_50_00,ba,50,pool_random,96,fresh_r,0.06380774155878276,0.015104166666666669,0.2445375,0.22943333333333335,6
0,test_ba_50_01,ba,50,pool_random,96,fresh_r,0.06468743460606877,0.01738749999999999,0.2774125,0.260025,6
0,test_ba_50_02,ba,50,pool_random,96,fresh_r,0.05346776345926796,0.014277083333333348,0.2730854166666667,0.2588083333333333,6
0,test_ba_50_03,ba,50,pool_random,96,fresh_r,0.07860649282289357,0.019875000000000004,0.2631208333333333,0.24324583333333336,6
0,test_ba_50_04,ba,50,pool_random,96,fresh_r,0.08168816599478923,0.02000833333333334,0.25528333333333336,0.235275,6
0,test_ba_50_05,ba,50,pool_random,96,fresh_r,0.05639724977123822,0.015456250000000013,0.28203125,0.266575,6
0,test_ba_50_06,ba,50,pool_random,96,fresh_r,0.04060093038449913,0.010743750000000015,0.27031875,0.259575,6
0,test_ba_50_07,ba,50,pool_random,96,fresh_r,0.0734194415113969,0.01838125,0.26077291666666663,0.24239166666666667,6
0,test_er_100_00,er,100,pool_random,96,fresh_r,0.01878656696507417,0.005856249999999998,0.31451666666666667,0.30866041666666666,6
0,test_er_100_01,er,100,pool_random,96,fresh_r,0.019268035354835806,0.006082291666666656,0.31858854166666667,0.31250625000000004,6
0,test_er_100_02,er,100,pool_random,96,fresh_r,0.03718632089624383,0.0115875,0.3174729166666667,0.3058854166666667,6
0,test_er_100_03,er,100,pool_random,96,fresh_r,0.04206953082794682,0.012803645833333321,0.3103109375,0.2975072916666667,6
0,test_er_100_04,er,100,pool_random,96,fresh_r,0.020134489717404374,0.006308854166666665,0.3160671875,0.30975833333333336,6
0,test_er_100_05,er,100,pool_random,96,fresh_r,0.03248537044113603,0.01007239583333335,0.31538281250000005,0.30531041666666664,6
0,test_er_100_06,er,100,pool_random,96,fresh_r,0.03055872089526429,0.009631770833333322,0.3200703125,0.3104385416666667,6
0,test_er_100_07,er,100,pool_random,96,fresh_r,0.019716680433672033,0.006341666666666662,0.32412708333333334,0.31778541666666665,6
0,test_er_50_00,er,50,pool_random,96,fresh_r,0.03064037876890187,0.010189583333333327,0.33805624999999995,0.3278666666666667,6
0,test_er_50_01,er,50,pool_random,96,fresh_r,0.019267669282160386,0.006327083333333354,0.33252708333333336,0.3262,6
0,test_er_50_02,er,50,pool_random,96,fresh_r,0.0265596307912435,0.008906249999999996,0.3391895833333334,0.3302833333333333,6
0,test_er_50_03,er,50,pool_random,96,fresh_r,0.040427912187294975,0.013072916666666684,0.32923125000000003,0.3161583333333333,6
0,test_er_50_04,er,50,pool_random,96,fresh_r,0.029893376829153467,0.009677083333333355,0.32805208333333336,0.318375,6
0,test_er_50_05,er,50,pool_random,96,fresh_r,0.014853984222802888,0.005027083333333321,0.3427479166666667,0.3377208333333333,6
0,test_er_50_06,er,50,pool_random,96,fresh_r,0.021635729213962035,0.007035416666666683,0.32827708333333333,0.32124166666666665,6
0,test_er_50_07,er,50,pool_random,96,fresh_r,0.0364446413670906,0.011779166666666693,0.32870416666666674,0.31692499999999996,6
1,test_ba_100_00,ba,100,pool_random,96,fresh_r,0.06749690681233264,0.016780729166666664,0.2566515625,0.23987083333333334,6
1,test_ba_100_01,ba,100,pool_random,96,fresh_r,0.04589878495927598,0.010536979166666668,0.23453906250000003,0.22400208333333335,6
1,test_ba_100_02,ba,100,pool_random,96,fresh_r,0.0526860227849684,0.012782291666666654,0.24961041666666664,0.23682812500000003,6
1,test_ba_100_03,ba,100,pool_random,96,fresh_r,0.06240628198574947,0.015232291666666675,0.25180729166666665,0.23657499999999998,6
1,test_ba_100_04,ba,100,pool_random,96,fresh_r,0.05924837121234567,0.013839062499999999,0.24062031250000002,0.22678125000000002,6
1,test_ba_100_05,ba,100,pool_random,96,fresh_r,0.05716225689653234,0.01290052083333334,0.23189114583333334,0.218990625,6
1,test_ba_100_06,ba,100,pool_random,96,fresh_r,0.05271034448108155,0.013178125000000004,0.25628125,0.24310312499999998,6
1,test_ba_100_07,ba,100,pool_random,96,fresh_r,0.06543880129333667,0.016698958333333347,0.26361979166666666,0.24692083333333334,6
1,test_ba_50_00,ba,50,pool_random,96,fresh_r,0.06981672732630519,0.01718333333333334,0.25456666666666666,0.23738333333333336,6
1,test_ba_50_01,ba,50,pool_random,96,fresh_r,0.057980902503603875,0.01645208333333333,0.2916645833333334,0.2752125,6
1,test_ba_50_02,ba,50,pool_random,96,fresh_r,0.07118021372773703,0.01822291666666666,0.26478124999999997,0.24655833333333335,6
1,test_ba_50_03,ba,50,pool_random,96,fresh_r,0.08860225577229226,0.02328749999999999,0.2748875,0.2516,6
1,test_ba_50_04,ba,50,pool_random,96,fresh_r,0.06906916879174424,0.016443749999999997,0.24574791666666665,0.22930416666666664,6
1,test_ba_50_05,ba,50,pool_random,96,fresh_r,0.06505413893365167,0.01718124999999999,0.27333958333333336,0.2561583333333333,6
1,test_ba_50_06,ba,50,pool_random,96,fresh_r,0.03603200767334961,0.010716666666666652,0.3018958333333333,0.2911791666666667,6
1,test_ba_50_07,ba,50,pool_random,96,fresh_r,0.08312312260726808,0.02049791666666666,0.25666041666666667,0.23616250000000003,6
1,test_er_100_00,er,100,pool_random,96,fresh_r,0.01583701852742305,0.005088020833333355,0.3242796875,0.3191916666666666,6
1,test_er_100_01,er,100,pool_random,96,fresh_r,0.01848523174635666,0.006110416666666646,0.3340083333333333,0.3278979166666667,6
1,test_er_100_02,er,100,pool_random,96,fresh_r,0.032302575066878954,0.010240624999999984,0.3217072916666666,0.3114666666666667,6
1,test_er_100_03,er,100,pool_random,96,fresh_r,0.03132993178583338,0.009771875000000005,0.3169760416666667,0.30720416666666667,6
1,test_er_100_04,er,100,pool_random,96,fresh_r,0.037436515546013654,0.011572916666666664,0.3147635416666667,0.303190625,6
1,test_er_100_05,er,100,pool_random,96,fresh_r,0.026804366953194894,0.008409374999999997,0.317365625,0.30895625,6
1,test_er_100_06,er,100,pool_random,96,fresh_r,0.024027982684425398,0.007597916666666649,0.31984583333333333,0.3122479166666667,6
1,test_er_100_07,er,100,pool_random,96,fresh_r,0.027460184643324604,0.008575000000000008,0.31669375,0.30811875,6
1,test_er_50_00,er,50,pool_random,96,fresh_r,0.033286730271295244,0.01067708333333331,0.3248520833333333,0.31417500000000004,6
1,test_er_50_01,er,50,pool_random,96,fresh_r,0.032223080865618293,0.010839583333333328,0.34125625,0.3304166666666667,6
1,test_er_50_02,er,50,pool_random,96,fresh_r,0.04812797001921865,0.01545208333333332,0.3286395833333334,0.3131875,6
1,test_er_50_03,er,50,pool_random,96,fresh_r,0.03024910885215308,0.009879166666666661,0.3320916666666667,0.3222125,6
1,test_er_50_04,er,50,pool_random,96,fresh_r,0.02686803257969696,0.009145833333333344,0.3449041666666666,0.3357583333333333,6
1,test_er_50_05,er,50,pool_random,96,fresh_r,0.013605190272029584,0.004399999999999987,0.325375,0.32097499999999995,6
1,test_er_50_06,er,50,pool_random,96,fresh_r,0.04008194570144721,0.012581249999999997,0.31970208333333333,0.30712083333333334,6
1,test_er_50_07,er,50,pool_random,96,fresh_r,0.046468295980233214,0.015179166666666669,0.335175,0.3199958333333333,6
0,test_ba_100_00,ba,100,hillclimb,96,fresh_r,0.03363258103457347,0.00834218750000001,0.2519171875,0.243575,6
0,test_ba_100_01,ba,100,hillclimb,96,fresh_r,0.02471774124037923,0.0062489583333333225,0.25662812500000004,0.25037916666666665,6
0,test_ba_100_02,ba,100,hillclimb,96,fresh_r,0.028861298311008584,0.006557291666666677,0.23009895833333335,0.22354166666666667,6
0,test_ba_100_03,ba,100,hillclimb,96,fresh_r,0.024597496659828053,0.005649999999999998,0.23231458333333335,0.22666458333333336,6
0,test_ba_100_04,ba,100,hillclimb,96,fresh_r,0.008436903302180311,0.0019911458333333374,0.23641510416666667,0.23442395833333332,6
0,test_ba_100_05,ba,100,hillclimb,96,fresh_r,0.021379599187382844,0.00501302083333334,0.23828177083333332,0.23326875,6
0,test_ba_100_06,ba,100,hillclimb,96,fresh_r,0.034170575725510195,0.008352604166666666,0.24730677083333333,0.23895416666666666,6
0,test_ba_100_07,ba,100,hillclimb,96,fresh_r,0.03184362553152214,0.006663541666666666,0.21239479166666667,0.20573125,6
0,test_ba_50_00,ba,50,hillclimb,96,fresh_r,0.07019761599746377,0.016458333333333342,0.2445375,0.22807916666666664,6
0,test_ba_50_01,ba,50,hillclimb,96,fresh_r,0.07767275088444227,0.020712499999999995,0.2774125,0.2567,6
0,test_ba_50_02,ba,50,hillclimb,96,fresh_r,0.018730713412125965,0.005093750000000008,0.2730854166666667,0.2679916666666667,6
0,test_ba_50_03,ba,50,hillclimb,96,fresh_r,0.04027069827202448,0.010379166666666653,0.2631208333333333,0.2527416666666667,6
0,test_ba_50_04,ba,50,hillclimb,96,fresh_r,0.053214401203028366,0.013116666666666674,0.25528333333333336,0.24216666666666667,6
0,test_ba_50_05,ba,50,hillclimb,96,fresh_r,0.020535611900594487,0.00573541666666665,0.28203125,0.27629583333333335,6
0,test_ba_50_06,ba,50,hillclimb,96,fresh_r,0.04862536830489806,0.012739583333333332,0.27031875,0.2575791666666667,6
0,test_ba_50_07,ba,50,hillclimb,96,fresh_r,0.04525542842643656,0.011597916666666671,0.26077291666666663,0.249175,6
0,test_er_100_00,er,100,hillclimb,96,fresh_r,0.018199684902483384,0.005633333333333333,0.31451666666666667,0.3088833333333333,6
0,test_er_100_01,er,100,hillclimb,96,fresh_r,0.01316760650478433,0.004160416666666639,0.31858854166666667,0.31442812500000006,6
0,test_er_100_02,er,100,hillclimb,96,fresh_r,0.02688289146385749,0.008418750000000003,0.3174729166666667,0.30905416666666663,6
0,test_er_100_03,er,100,hillclimb,96,fresh_r,0.02862065510352395,0.008761979166666675,0.3103109375,0.30154895833333334,6
0,test_er_100_04,er,100,hillclimb,96,fresh_r,0.01865119757829807,0.005841145833333348,0.3160671875,0.3102260416666667,6
0,test_er_100_05,er,100,hillclimb,96,fresh_r,0.028607089928611856,0.008896354166666667,0.31538281250000005,0.3064864583333333,6
0,test_er_100_06,er,100,hillclimb,96,fresh_r,0.020728438176578937,0.006568229166666671,0.3200703125,0.3135020833333333,6
0,test_er_100_07,er,100,hillclimb,96,fresh_r,0.006524555771396229,0.002114583333333355,0.32412708333333334,0.3220125,6
0,test_er_50_00,er,50,hillclimb,96,fresh_r,0.02037519138446608,0.0068229166666666785,0.33805624999999995,0.3312333333333333,6
0,test_er_50_01,er,50,hillclimb,96,fresh_r,0.018635899772994912,0.006143750000000003,0.33252708333333336,0.3263833333333334,6
0,test_er_50_02,er,50,hillclimb,96,fresh_r,0.008828423646158169,0.0029979166666666834,0.3391895833333334,0.33619166666666667,6
0,test_er_50_03,er,50,hillclimb,96,fresh_r,0.03678213741810743,0.011822916666666655,0.32923125000000003,0.31740833333333335,6
0,test_er_50_04,er,50,hillclimb,96,fresh_r,0.015058363081010296,0.004835416666666666,0.32805208333333336,0.32321666666666665,6
0,test_er_50_05,er,50,hillclimb,96,fresh_r,0.013771415383041873,0.004681249999999998,0.3427479166666667,0.3380666666666667,6
0,test_er_50_06,er,50,hillclimb,96,fresh_r,0.01592878441683816,0.005156249999999992,0.32827708333333333,0.32312083333333336,6
0,test_er_50_07,er,50,hillclimb,96,fresh_r,0.02440051389736757,0.007933333333333348,0.32870416666666674,0.3207708333333334,6
1,test_ba_100_00,ba,100,hillclimb,96,fresh_r,0.03207984176189632,0.008125520833333335,0.2566515625,0.24852604166666667,6
1,test_ba_100_01,ba,100,hillclimb,96,fresh_r,0.004542949150568686,0.0010994791666666716,0.23453906250000003,0.23343958333333334,6
1,test_ba_100_02,ba,100,hillclimb,96,fresh_r,0.009977907622399427,0.002491666666666665,0.24961041666666664,0.24711874999999997,6
1,test_ba_100_03,ba,100,hillclimb,96,fresh_r,0.027262647049884334,0.006772916666666666,0.25180729166666665,0.245034375,6
1,test_ba_100_04,ba,100,hillclimb,96,fresh_r,0.03452328169614305,0.008128645833333337,0.24062031250000002,0.23249166666666668,6
1,test_ba_100_05,ba,100,hillclimb,96,fresh_r,0.008109176847125697,0.001886979166666668,0.23189114583333334,0.23000416666666668,6
1,test_ba_100_06,ba,100,hillclimb,96,fresh_r,0.008407788577247825,0.0021583333333333363,0.25628125,0.2541229166666667,6
1,test_ba_100_07,ba,100,hillclimb,96,fresh_r,0.03829382211456613,0.00990000000000002,0.26361979166666666,0.25371979166666664,6
1,test_ba_50_00,ba,50,hillclimb,96,fresh_r,0.015106874490099752,0.0038708333333333325,0.25456666666666666,0.2506958333333333,6
1,test_ba_50_01,ba,50,hillclimb,96,fresh_r,0.023384774303340947,0.006752083333333325,0.2916645833333334,0.28491249999999996,6
1,test_ba_50_02,ba,50,hillclimb,96,fresh_r,0.05236354461419899,0.013535416666666661,0.26478124999999997,0.25124583333333333,6
1,test_ba_50_03,ba,50,hillclimb,96,fresh_r,0.03677063933253727,0.009887500000000013,0.2748875,0.265,6
1,test_ba_50_04,ba,50,hillclimb,96,fresh_r,0.04612556693256523,0.011085416666666662,0.24574791666666665,0.2346625,6
1,test_ba_50_05,ba,50,hillclimb,96,fresh_r,0.03631471188593619,0.00967291666666667,0.27333958333333336,0.26366666666666666,6
1,test_ba_50_06,ba,50,hillclimb,96,fresh_r,0.027621317221139873,0.008233333333333334,0.3018958333333333,0.2936625,6
1,test_ba_50_07,ba,50,hillclimb,96,fresh_r,0.047412120672844914,0.011918750000000006,0.25666041666666667,0.24474166666666664,6
1,test_er_100_00,er,100,hillclimb,96,fresh_r,0.011394348488644354,0.0036578125000000052,0.3242796875,0.320621875,6
1,test_er_100_01,er,100,hillclimb,96,fresh_r,0.024370915415287717,0.008035416666666656,0.3340083333333333,0.3259729166666667,6
1,test_er_100_02,er,100,hillclimb,96,fresh_r,0.02588417924706096,0.008231250000000004,0.3217072916666666,0.31347604166666665,6
1,test_er_100_03,er,100,hillclimb,96,fresh_r,0.008013586394313512,0.0025145833333333387,0.3169760416666667,0.31446145833333333,6
1,test_er_100_04,er,100,hillclimb,96,fresh_r,0.012269784189898554,0.0038427083333333243,0.3147635416666667,0.3109208333333333,6
1,test_er_100_05,er,100,hillclimb,96,fresh_r,0.016483448316121783,0.005209374999999979,0.317365625,0.31215624999999997,6
1,test_er_100_06,er,100,hillclimb,96,fresh_r,0.01043061334567606,0.003305208333333328,0.31984583333333333,0.316540625,6
1,test_er_100_07,er,100,hillclimb,96,fresh_r,0.024340709427377344,0.00761145833333333,0.31669375,0.3090822916666667,6
1,test_er_50_00,er,50,hillclimb,96,fresh_r,0.010593364172760439,0.0034479166666666525,0.3248520833333333,0.3214041666666667,6
1,test_er_50_01,er,50,hillclimb,96,fresh_r,0.0031784873332650586,0.0011020833333333369,0.34125625,0.3401541666666667,6
1,test_er_50_02,er,50,hillclimb,96,fresh_r,0.025619243730264706,0.00829374999999998,0.3286395833333334,0.32034583333333333,6
1,test_er_50_03,er,50,hillclimb,96,fresh_r,0.026094871319002882,0.00854166666666667,0.3320916666666667,0.32355,6
1,test_er_50_04,er,50,hillclimb,96,fresh_r,0.023007230236641394,0.007845833333333338,0.3449041666666666,0.3370583333333333,6
1,test_er_50_05,er,50,hillclimb,96,fresh_r,0.013140966577158722,0.0042250000000000065,0.325375,0.32115,6
1,test_er_50_06,er,50,hillclimb,96,fresh_r,0.0250488117208717,0.007931249999999992,0.31970208333333333,0.31177083333333333,6
1,test_er_50_07,er,50,hillclimb,96,fresh_r,0.030853626771721984,0.010145833333333335,0.335175,0.3250291666666667,6
0,test_ba_100_00,ba,100,random,96,fresh_r,0.05841148281369731,0.014300520833333335,0.2519171875,0.23761666666666667,6
0,test_ba_100_01,ba,100,random,96,fresh_r,0.05756352031577052,0.014358333333333334,0.25662812500000004,0.24226979166666665,6
0,test_ba_100_02,ba,100,random,96,fresh_r,0.08068307478060466,0.017838541666666662,0.23009895833333335,0.21226041666666665,6
0,test_ba_100_03,ba,100,random,96,fresh_r,0.0734632091354942,0.016437500000000004,0.23231458333333335,0.21587708333333333,6
0,test_ba_100_04,ba,100,random,96,fresh_r,0.04571421514838886,0.010569270833333338,0.23641510416666667,0.2258458333333333,6
0,test_ba_100_05,ba,100,random,96,fresh_r,0.05064126669213329,0.011784895833333331,0.23828177083333332,0.22649687500000001,6
0,test_ba_100_06,ba,100,random,96,fresh_r,0.061901585587099385,0.014879687499999997,0.24730677083333333,0.2324270833333333,6
0,test_ba_100_07,ba,100,random,96,fresh_r,0.10521405860598142,0.021210416666666673,0.21239479166666667,0.191184375,6
0,test_ba_50_00,ba,50,random,96,fresh_r,0.06317411247182327,0.014995833333333338,0.2445375,0.22954166666666667,6
0,test_ba_50_01,ba,50,random,96,fresh_r,0.08242260429416627,0.021983333333333327,0.2774125,0.25542916666666665,6
0,test_ba_50_02,ba,50,random,96,fresh_r,0.07431209122866127,0.01960625000000001,0.2730854166666667,0.25347916666666664,6
0,test_ba_50_03,ba,50,random,96,fresh_r,0.0942912537479722,0.02365416666666667,0.2631208333333333,0.2394666666666667,6
0,test_ba_50_04,ba,50,random,96,fresh_r,0.10139011954540211,0.02459166666666668,0.25528333333333336,0.23069166666666666,6
0,test_ba_50_05,ba,50,random,96,fresh_r,0.06764577137545505,0.01845208333333334,0.28203125,0.2635791666666667,6
0,test_ba_50_06,ba,50,random,96,fresh_r,0.10058151247892859,0.025902083333333326,0.27031875,0.2444166666666667,6
0,test_ba_50_07,ba,50,random,96,fresh_r,0.08315586957845379,0.02084791666666667,0.26077291666666663,0.23992500000000003,6
0,test_er_100_00,er,100,random,96,fresh_r,0.0366281691570925,0.01130104166666665,0.31451666666666667,0.303215625,6
0,test_er_100_01,er,100,random,96,fresh_r,0.026742119906148568,0.008408333333333342,0.31858854166666667,0.3101802083333333,6
0,test_er_100_02,er,100,random,96,fresh_r,0.04133774856517233,0.012863541666666672,0.3174729166666667,0.30460937499999996,6
0,test_er_100_03,er,100,random,96,fresh_r,0.03431459891634032,0.010479687500000001,0.3103109375,0.29983124999999994,6
0,test_er_100_04,er,100,random,96,fresh_r,0.02241508936549844,0.00700364583333334,0.3160671875,0.30906354166666666,6
0,test_er_100_05,er,100,random,96,fresh_r,0.04156511020284703,0.01283697916666666,0.31538281250000005,0.30254583333333335,6
0,test_er_100_06,er,100,random,96,fresh_r,0.030984521981859834,0.009756770833333326,0.3200703125,0.31031354166666664,6
0,test_er_100_07,er,100,random,96,fresh_r,0.007405734077590313,0.002398958333333321,0.32412708333333334,0.321728125,6
0,test_er_50_00,er,50,random,96,fresh_r,0.02797842615600191,0.009331250000000013,0.33805624999999995,0.328725,6
0,test_er_50_01,er,50,random,96,fresh_r,0.022685627085670068,0.007456249999999998,0.33252708333333336,0.32507083333333336,6
0,test_er_50_02,er,50,random,96,fresh_r,0.04152557029178424,0.013802083333333335,0.3391895833333334,0.3253875,6
0,test_er_50_03,er,50,random,96,fresh_r,0.045435620793940645,0.01465624999999999,0.32923125000000003,0.314575,6
0,test_er_50_04,er,50,random,96,fresh_r,0.030039102603716658,0.009710416666666685,0.32805208333333336,0.3183416666666666,6
0,test_er_50_05,er,50,random,96,fresh_r,0.027067706250426902,0.00913958333333332,0.3427479166666667,0.3336083333333333,6
0,test_er_50_06,er,50,random,96,fresh_r,0.030297185713144995,0.009806249999999997,0.32827708333333333,0.3184708333333333,6
0,test_er_50_07,er,50,random,96,fresh_r,0.03655579822884508,0.011800000000000014,0.32870416666666674,0.3169041666666667,6
1,test_ba_100_00,ba,100,random,96,fresh_r,0.054445398580937214,0.013610937500000003,0.2566515625,0.243040625,6
1,test_ba_100_01,ba,100,random,96,fresh_r,0.05286560359740048,0.012121354166666676,0.23453906250000003,0.22241770833333332,6
1,test_ba_100_02,ba,100,random,96,fresh_r,0.05762394212045496,0.013982291666666669,0.24961041666666664,0.235628125,6
1,test_ba_100_03,ba,100,random,96,fresh_r,0.04045648911742397,0.009976041666666676,0.25180729166666665,0.24183124999999997,6
1,test_ba_100_04,ba,100,random,96,fresh_r,0.06557861982731315,0.015307812499999999,0.24062031250000002,0.22531250000000003,6
1,test_ba_100_05,ba,100,random,96,fresh_r,0.0520345189736181,0.01180260416666667,0.23189114583333334,0.2200885416666667,6
1,test_ba_100_06,ba,100,random,96,fresh_r,0.052875089148054076,0.013229166666666662,0.25628125,0.2430520833333333,6
1,test_ba_100_07,ba,100,random,96,fresh_r,0.06207508475938676,0.01587291666666668,0.26361979166666666,0.24774687499999995,6
1,test_ba_50_00,ba,50,random,96,fresh_r,0.10169366613031196,0.024591666666666668,0.25456666666666666,0.229975,6
1,test_ba_50_01,ba,50,random,96,fresh_r,0.08845103082229466,0.024631249999999993,0.2916645833333334,0.2670333333333333,6
1,test_ba_50_02,ba,50,random,96,fresh_r,0.08273106506472395,0.02106458333333332,0.26478124999999997,0.2437166666666667,6
1,test_ba_50_03,ba,50,random,96,fresh_r,0.09581108334368754,0.025120833333333342,0.2748875,0.24976666666666666,6
1,test_ba_50_04,ba,50,random,96,fresh_r,0.06688540418869192,0.015956249999999995,0.24574791666666665,0.2297916666666667,6
1,test_ba_50_05,ba,50,random,96,fresh_r,0.09949383564542595,0.02588541666666667,0.27333958333333336,0.24745416666666667,6
1,test_ba_50_06,ba,50,random,96,fresh_r,0.04700259242977554,0.01387499999999999,0.3018958333333333,0.28802083333333334,6
1,test_ba_50_07,ba,50,random,96,fresh_r,0.08253838232457884,0.02040208333333333,0.25666041666666667,0.23625833333333332,6
1,test_er_100_00,er,100,random,96,fresh_r,0.022367905650852244,0.007165104166666676,0.3242796875,0.3171145833333333,6
1,test_er_100_01,er,100,random,96,fresh_r,0.025977243937721578,0.008566666666666658,0.3340083333333333,0.32544166666666663,6
1,test_er_100_02,er,100,random,96,fresh_r,0.03394643692379031,0.010729166666666679,0.3217072916666666,0.31097812499999994,6
1,test_er_100_03,er,100,random,96,fresh_r,0.034568948311747824,0.010769791666666676,0.3169760416666667,0.30620624999999996,6
1,test_er_100_04,er,100,random,96,fresh_r,0.02907833076980462,0.00902604166666666,0.3147635416666667,0.3057375,6
1,test_er_100_05,er,100,random,96,fresh_r,0.02102844790473479,0.006609374999999991,0.317365625,0.31075625,6
1,test_er_100_06,er,100,random,96,fresh_r,0.02608493433107437,0.008238541666666654,0.31984583333333333,0.3116072916666667,6
1,test_er_100_07,er,100,random,96,fresh_r,0.0408457881547144,0.012661458333333347,0.31669375,0.3040322916666667,6
1,test_er_50_00,er,50,random,96,fresh_r,0.03224521842697078,0.010347916666666651,0.3248520833333333,0.31450416666666664,6
1,test_er_50_01,er,50,random,96,fresh_r,0.04327896703454708,0.014460416666666679,0.34125625,0.3267958333333333,6
1,test_er_50_02,er,50,random,96,fresh_r,0.04875804337951436,0.01562708333333332,0.3286395833333334,0.31301249999999997,6
1,test_er_50_03,er,50,random,96,fresh_r,0.04458840363821819,0.014466666666666647,0.3320916666666667,0.317625,6
1,test_er_50_04,er,50,random,96,fresh_r,0.02524882307390151,0.008591666666666655,0.3449041666666666,0.3363125,6
1,test_er_50_05,er,50,random,96,fresh_r,0.040658577579077315,0.01294583333333335,0.325375,0.3124291666666667,6
1,test_er_50_06,er,50,random,96,fresh_r,0.05024855546665367,0.015689583333333323,0.31970208333333333,0.3040125,6
1,test_er_50_07,er,50,random,96,fresh_r,0.05068226452311115,0.016566666666666674,0.335175,0.3186083333333333,6
0,test_ba_100_00,ba,100,selected_regression,192,best_r,0.017312624013143527,0.004500000000000004,0.2651791666666667,0.2606791666666667,6
0,test_ba_100_01,ba,100,selected_regression,192,best_r,0.0093933472855875,0.0025000000000000113,0.269175,0.266675,6
0,test_ba_100_02,ba,100,selected_regression,192,best_r,0.02369130998051811,0.005658333333333335,0.2430041666666667,0.23734583333333334,6
0,test_ba_100_03,ba,100,selected_regression,192,best_r,0.019558431730000273,0.00471666666666667,0.2455291666666667,0.24081249999999998,6
0,test_ba_100_04,ba,100,selected_regression,192,best_r,0.029863290545556018,0.007337500000000015,0.24991249999999998,0.24257499999999999,6
0,test_ba_100_05,ba,100,selected_regression,192,best_r,0.01625514191733808,0.00409166666666666,0.25437499999999996,0.25028333333333336,6
0,test_ba_100_06,ba,100,selected_regression,192,best_r,0.011040092490330307,0.002837500000000002,0.2598916666666667,0.25705416666666664,6
0,test_ba_100_07,ba,100,selected_regression,192,best_r,0.03543896149805553,0.007795833333333331,0.22465416666666668,0.21685833333333335,6
0,test_ba_50_00,ba,50,selected_regression,192,best_r,0.023627886791235453,0.00609999999999999,0.2627,0.2566,6
0,test_ba_50_01,ba,50,selected_regression,192,best_r,0.010936793709006206,0.00313333333333334,0.2885333333333333,0.28539999999999993,6
0,test_ba_50_02,ba,50,selected_regression,192,best_r,0.024137488959117326,0.006849999999999995,0.28635,0.2795,6
0,test_ba_50_03,ba,50,selected_regression,192,best_r,0.051625601224428,0.01394999999999999,0.27704999999999996,0.2631,6
0,test_ba_50_04,ba,50,selected_regression,192,best_r,0.029666998730294047,0.0077833333333333365,0.26761666666666667,0.2598333333333333,6
0,test_ba_50_05,ba,50,selected_regression,192,best_r,0.028447185735464633,0.008199999999999994,0.2941666666666667,0.28596666666666665,6
0,test_ba_50_06,ba,50,selected_regression,192,best_r,0.018678734775765083,0.005250000000000005,0.28373333333333334,0.27848333333333336,6
0,test_ba_50_07,ba,50,selected_regression,192,best_r,0.016080567865610986,0.004383333333333322,0.27371666666666666,0.2693333333333333,6
0,test_er_100_00,er,100,selected_regression,192,best_r,0.0033431599039297614,0.0010833333333333344,0.32590416666666666,0.32482083333333334,6
0,test_er_100_01,er,100,selected_regression,192,best_r,0.004610443324756166,0.0015208333333333417,0.33061250000000003,0.32909166666666667,6
0,test_er_100_02,er,100,selected_regression,192,best_r,0.0048606303069134065,0.0015958333333333334,0.3288125,0.32721666666666666,6
0,test_er_100_03,er,100,selected_regression,192,best_r,0.0007920912047107171,0.00026666666666666505,0.32124583333333334,0.32097916666666665,6
0,test_er_100_04,er,100,selected_regression,192,best_r,0.005124749344560563,0.0016625000000000019,0.32792499999999997,0.32626249999999996,6
0,test_er_100_05,er,100,selected_regression,192,best_r,0.006714748189046147,0.0021874999999999902,0.32659583333333336,0.3244083333333333,6
0,test_er_100_06,er,100,selected_regression,192,best_r,0.0066365480714958465,0.0022166666666666723,0.33375,0.33153333333333335,6
0,test_er_100_07,er,100,selected_regression,192,best_r,0.010809068895716409,0.0036375000000000066,0.3382583333333333,0.3346208333333333,6
0,test_er_50_00,er,50,selected_regression,192,best_r,0.004543254553065841,0.0015833333333333532,0.34946666666666665,0.3478833333333333,6
0,test_er_50_01,er,50,selected_regression,192,best_r,0.0017521489212499067,0.0006000000000000172,0.34785,0.34725,6
0,test_er_50_02,er,50,selected_regression,192,best_r,-0.0029353203840252417,-0.0010333333333333306,0.35203333333333336,0.3530666666666667,6
0,test_er_50_03,er,50,selected_regression,192,best_r,0.005146787695508388,0.0017666666666666664,0.34318333333333334,0.34141666666666665,6
0,test_er_50_04,er,50,selected_regression,192,best_r,-0.0015104108070097537,-0.0005166666666666745,0.3407166666666667,0.34123333333333333,6
0,test_er_50_05,er,50,selected_regression,192,best_r,0.006401618174845678,0.002266666666666676,0.35638333333333333,0.35411666666666664,6
0,test_er_50_06,er,50,selected_regression,192,best_r,0.004548215973272758,0.0015333333333333403,0.34273333333333333,0.3412,6
0,test_er_50_07,er,50,selected_regression,192,best_r,-0.0038172770630231045,-0.0012999999999999863,0.33938333333333337,0.3406833333333333,6
1,test_ba_100_00,ba,100,selected_regression,192,best_r,0.026943954527635063,0.007175000000000005,0.2708375,0.26366249999999997,6
1,test_ba_100_01,ba,100,selected_regression,192,best_r,0.027884570678757808,0.006808333333333329,0.24788333333333332,0.24107500000000004,6
1,test_ba_100_02,ba,100,selected_regression,192,best_r,0.018865867367458253,0.004925000000000003,0.2637541666666667,0.25882916666666667,6
1,test_ba_100_03,ba,100,selected_regression,192,best_r,0.02385555295944256,0.0062333333333333225,0.26580833333333337,0.259575,6
1,test_ba_100_04,ba,100,selected_regression,192,best_r,0.033168499244378,0.008220833333333325,0.25175416666666667,0.24353333333333335,6
1,test_ba_100_05,ba,100,selected_regression,192,best_r,0.026410195891104663,0.006412500000000006,0.24770833333333334,0.24129583333333335,6
1,test_ba_100_06,ba,100,selected_regression,192,best_r,0.007696828700900914,0.002058333333333338,0.26844583333333333,0.2663875,6
1,test_ba_100_07,ba,100,selected_regression,192,best_r,0.017808417986131905,0.0049125000000000045,0.27919583333333337,0.27428333333333327,6
1,test_ba_50_00,ba,50,selected_regression,192,best_r,0.0027062558313602635,0.0006333333333333191,0.2671666666666667,0.26653333333333334,6
1,test_ba_50_01,ba,50,selected_regression,192,best_r,0.009904797086522558,0.002983333333333347,0.3032166666666667,0.3002333333333333,6
1,test_ba_50_02,ba,50,selected_regression,192,best_r,0.02111317407068691,0.005849999999999994,0.27913333333333334,0.2732833333333333,6
1,test_ba_50_03,ba,50,selected_regression,192,best_r,0.016967356404540185,0.0048166666666666635,0.28696666666666665,0.28214999999999996,6
1,test_ba_50_04,ba,50,selected_regression,192,best_r,0.020305104670512535,0.00523333333333334,0.2598833333333333,0.25465,6
1,test_ba_50_05,ba,50,selected_regression,192,best_r,0.017817027413873397,0.005100000000000012,0.28683333333333333,0.28173333333333334,6
1,test_ba_50_06,ba,50,selected_regression,192,best_r,-0.004028555214595819,-0.001266666666666666,0.3159,0.31716666666666665,6
1,test_ba_50_07,ba,50,selected_regression,192,best_r,0.011090335763044405,0.002966666666666673,0.2687333333333333,0.26576666666666665,6
1,test_er_100_00,er,100,selected_regression,192,best_r,0.0006918148014956029,0.00022916666666666918,0.33493749999999994,0.33470833333333333,6
1,test_er_100_01,er,100,selected_regression,192,best_r,0.0072614555189904305,0.0025041666666666498,0.3453958333333333,0.34289166666666665,6
1,test_er_100_02,er,100,selected_regression,192,best_r,0.002767985707273754,0.0009291666666666661,0.33210833333333334,0.33117916666666664,6
1,test_er_100_03,er,100,selected_regression,192,best_r,-0.006465982018974761,-0.002120833333333331,0.3268125,0.32893333333333336,6
1,test_er_100_04,er,100,selected_regression,192,best_r,-0.0011038636243669421,-0.00034583333333331373,0.32558333333333334,0.32592916666666666,6
1,test_er_100_05,er,100,selected_regression,192,best_r,-0.0025877951068633393,-0.0008499999999999897,0.32774583333333335,0.32859583333333336,6
1,test_er_100_06,er,100,selected_regression,192,best_r,0.0038080898458214504,0.0012583333333333335,0.333075,0.3318166666666667,6
1,test_er_100_07,er,100,selected_regression,192,best_r,0.005972284859888748,0.0019416666666666749,0.32640416666666666,0.3244625,6
1,test_er_50_00,er,50,selected_regression,192,best_r,-0.004863309122321631,-0.001666666666666668,0.3405333333333333,0.3422,6
1,test_er_50_01,er,50,selected_regression,192,best_r,0.0062344101548170066,0.0022000000000000166,0.3530166666666667,0.3508166666666667,6
1,test_er_50_02,er,50,selected_regression,192,best_r,0.010686922578030474,0.0036666666666666605,0.34369999999999995,0.34003333333333335,6
1,test_er_50_03,er,50,selected_regression,192,best_r,0.004361829339958172,0.0015000000000000107,0.3444833333333333,0.34298333333333336,6
1,test_er_50_04,er,50,selected_regression,192,best_r,-0.0026022876906600842,-0.0009333333333333323,0.3567166666666666,0.35765,6
1,test_er_50_05,er,50,selected_regression,192,best_r,0.005128541690699849,0.0017333333333333274,0.33958333333333335,0.33785,6
1,test_er_50_06,er,50,selected_regression,192,best_r,-0.0009465736189869615,-0.0002833333333333299,0.3301,0.3303833333333333,6
1,test_er_50_07,er,50,selected_regression,192,best_r,0.002742736928637064,0.0009333333333333416,0.34850000000000003,0.34756666666666663,6
0,test_ba_100_00,ba,100,mse,192,best_r,0.017312624013143527,0.004500000000000004,0.2651791666666667,0.2606791666666667,6
0,test_ba_100_01,ba,100,mse,192,best_r,0.0093933472855875,0.0025000000000000113,0.269175,0.266675,6
0,test_ba_100_02,ba,100,mse,192,best_r,0.02369130998051811,0.005658333333333335,0.2430041666666667,0.23734583333333334,6
0,test_ba_100_03,ba,100,mse,192,best_r,0.019558431730000273,0.00471666666666667,0.2455291666666667,0.24081249999999998,6
0,test_ba_100_04,ba,100,mse,192,best_r,0.029863290545556018,0.007337500000000015,0.24991249999999998,0.24257499999999999,6
0,test_ba_100_05,ba,100,mse,192,best_r,0.01625514191733808,0.00409166666666666,0.25437499999999996,0.25028333333333336,6
0,test_ba_100_06,ba,100,mse,192,best_r,0.011040092490330307,0.002837500000000002,0.2598916666666667,0.25705416666666664,6
0,test_ba_100_07,ba,100,mse,192,best_r,0.03543896149805553,0.007795833333333331,0.22465416666666668,0.21685833333333335,6
0,test_ba_50_00,ba,50,mse,192,best_r,0.023627886791235453,0.00609999999999999,0.2627,0.2566,6
0,test_ba_50_01,ba,50,mse,192,best_r,0.010936793709006206,0.00313333333333334,0.2885333333333333,0.28539999999999993,6
0,test_ba_50_02,ba,50,mse,192,best_r,0.024137488959117326,0.006849999999999995,0.28635,0.2795,6
0,test_ba_50_03,ba,50,mse,192,best_r,0.051625601224428,0.01394999999999999,0.27704999999999996,0.2631,6
0,test_ba_50_04,ba,50,mse,192,best_r,0.029666998730294047,0.0077833333333333365,0.26761666666666667,0.2598333333333333,6
0,test_ba_50_05,ba,50,mse,192,best_r,0.028447185735464633,0.008199999999999994,0.2941666666666667,0.28596666666666665,6
0,test_ba_50_06,ba,50,mse,192,best_r,0.018678734775765083,0.005250000000000005,0.28373333333333334,0.27848333333333336,6
0,test_ba_50_07,ba,50,mse,192,best_r,0.016080567865610986,0.004383333333333322,0.27371666666666666,0.2693333333333333,6
0,test_er_100_00,er,100,mse,192,best_r,0.0033431599039297614,0.0010833333333333344,0.32590416666666666,0.32482083333333334,6
0,test_er_100_01,er,100,mse,192,best_r,0.004610443324756166,0.0015208333333333417,0.33061250000000003,0.32909166666666667,6
0,test_er_100_02,er,100,mse,192,best_r,0.0048606303069134065,0.0015958333333333334,0.3288125,0.32721666666666666,6
0,test_er_100_03,er,100,mse,192,best_r,0.0007920912047107171,0.00026666666666666505,0.32124583333333334,0.32097916666666665,6
0,test_er_100_04,er,100,mse,192,best_r,0.005124749344560563,0.0016625000000000019,0.32792499999999997,0.32626249999999996,6
0,test_er_100_05,er,100,mse,192,best_r,0.006714748189046147,0.0021874999999999902,0.32659583333333336,0.3244083333333333,6
0,test_er_100_06,er,100,mse,192,best_r,0.0066365480714958465,0.0022166666666666723,0.33375,0.33153333333333335,6
0,test_er_100_07,er,100,mse,192,best_r,0.010809068895716409,0.0036375000000000066,0.3382583333333333,0.3346208333333333,6
0,test_er_50_00,er,50,mse,192,best_r,0.004543254553065841,0.0015833333333333532,0.34946666666666665,0.3478833333333333,6
0,test_er_50_01,er,50,mse,192,best_r,0.0017521489212499067,0.0006000000000000172,0.34785,0.34725,6
0,test_er_50_02,er,50,mse,192,best_r,-0.0029353203840252417,-0.0010333333333333306,0.35203333333333336,0.3530666666666667,6
0,test_er_50_03,er,50,mse,192,best_r,0.005146787695508388,0.0017666666666666664,0.34318333333333334,0.34141666666666665,6
0,test_er_50_04,er,50,mse,192,best_r,-0.0015104108070097537,-0.0005166666666666745,0.3407166666666667,0.34123333333333333,6
0,test_er_50_05,er,50,mse,192,best_r,0.006401618174845678,0.002266666666666676,0.35638333333333333,0.35411666666666664,6
0,test_er_50_06,er,50,mse,192,best_r,0.004548215973272758,0.0015333333333333403,0.34273333333333333,0.3412,6
0,test_er_50_07,er,50,mse,192,best_r,-0.0038172770630231045,-0.0012999999999999863,0.33938333333333337,0.3406833333333333,6
1,test_ba_100_00,ba,100,mse,192,best_r,0.03950953773470879,0.010450000000000006,0.2708375,0.2603875,6
1,test_ba_100_01,ba,100,mse,192,best_r,0.03381124271978519,0.0082375,0.24788333333333332,0.23964583333333334,6
1,test_ba_100_02,ba,100,mse,192,best_r,0.023627835710408964,0.0061583333333333394,0.2637541666666667,0.2575958333333333,6
1,test_ba_100_03,ba,100,mse,192,best_r,0.019150851531483104,0.005020833333333326,0.26580833333333337,0.2607875,6
1,test_ba_100_04,ba,100,mse,192,best_r,0.03231409482002782,0.007987499999999995,0.25175416666666667,0.2437666666666667,6
1,test_ba_100_05,ba,100,mse,192,best_r,0.029664156332828814,0.007208333333333335,0.24770833333333334,0.24049999999999996,6
1,test_ba_100_06,ba,100,mse,192,best_r,0.0229099666604039,0.006066666666666665,0.26844583333333333,0.26237916666666666,6
1,test_ba_100_07,ba,100,mse,192,best_r,0.017657812652850272,0.0048708333333333425,0.27919583333333337,0.274325,6
1,test_ba_50_00,ba,50,mse,192,best_r,0.017465883883495573,0.004566666666666663,0.2671666666666667,0.2626,6
1,test_ba_50_01,ba,50,mse,192,best_r,0.019608816774990767,0.005883333333333342,0.3032166666666667,0.29733333333333334,6
1,test_ba_50_02,ba,50,mse,192,best_r,0.04366726974260765,0.011933333333333332,0.27913333333333334,0.26720000000000005,6
1,test_ba_50_03,ba,50,mse,192,best_r,0.037208891014214776,0.010466666666666671,0.28696666666666665,0.2765,6
1,test_ba_50_04,ba,50,mse,192,best_r,0.02794737520384651,0.00706666666666667,0.2598833333333333,0.2528166666666667,6
1,test_ba_50_05,ba,50,mse,192,best_r,0.015655352452067502,0.004483333333333367,0.28683333333333333,0.28235,6
1,test_ba_50_06,ba,50,mse,192,best_r,0.013451512058823037,0.004216666666666684,0.3159,0.3116833333333333,6
1,test_ba_50_07,ba,50,mse,192,best_r,0.023829599380084807,0.006316666666666674,0.2687333333333333,0.2624166666666667,6
1,test_er_100_00,er,100,mse,192,best_r,0.0028543952790337722,0.000962500000000005,0.33493749999999994,0.33397499999999997,6
1,test_er_100_01,er,100,mse,192,best_r,0.0074400356839350755,0.0025624999999999862,0.3453958333333333,0.3428333333333333,6
1,test_er_100_02,er,100,mse,192,best_r,0.004435150786606536,0.0014791666666666703,0.33210833333333334,0.3306291666666667,6
1,test_er_100_03,er,100,mse,192,best_r,-0.0037302809726286225,-0.0012166666666666621,0.3268125,0.32802916666666665,6
1,test_er_100_04,er,100,mse,192,best_r,0.006929592497619594,0.0022541666666666773,0.32558333333333334,0.32332916666666667,6
1,test_er_100_05,er,100,mse,192,best_r,0.00323254002048873,0.0010583333333333278,0.32774583333333335,0.3266875,6
1,test_er_100_06,er,100,mse,192,best_r,0.006806630090674688,0.002233333333333337,0.333075,0.3308416666666667,6
1,test_er_100_07,er,100,mse,192,best_r,0.005627266171008723,0.0018291666666666688,0.32640416666666666,0.324575,6
1,test_er_50_00,er,50,mse,192,best_r,0.0005586669170936885,0.0001833333333333409,0.3405333333333333,0.34035,6
1,test_er_50_01,er,50,mse,192,best_r,0.0029093952049066515,0.001033333333333349,0.3530166666666667,0.3519833333333333,6
1,test_er_50_02,er,50,mse,192,best_r,0.010835154719128902,0.0037166666666666646,0.34369999999999995,0.3399833333333333,6
1,test_er_50_03,er,50,mse,192,best_r,0.0011106070381248715,0.00038333333333332814,0.3444833333333333,0.3441,6
1,test_er_50_04,er,50,mse,192,best_r,0.004173519796656205,0.0014833333333333365,0.3567166666666666,0.3552333333333333,6
1,test_er_50_05,er,50,mse,192,best_r,0.002354308105948702,0.0008000000000000044,0.33958333333333335,0.3387833333333334,6
1,test_er_50_06,er,50,mse,192,best_r,0.004422272746177884,0.0014833333333333272,0.3301,0.32861666666666667,6
1,test_er_50_07,er,50,mse,192,best_r,0.009757286554990311,0.00338333333333334,0.34850000000000003,0.3451166666666667,6
0,test_ba_100_00,ba,100,log_mse,192,best_r,0.035290594230843846,0.009179166666666664,0.2651791666666667,0.25600000000000006,6
0,test_ba_100_01,ba,100,log_mse,192,best_r,0.01685329038516614,0.004458333333333332,0.269175,0.26471666666666666,6
0,test_ba_100_02,ba,100,log_mse,192,best_r,0.02948359206546722,0.007062499999999999,0.2430041666666667,0.23594166666666663,6
0,test_ba_100_03,ba,100,log_mse,192,best_r,0.0292844806608446,0.007062499999999999,0.2455291666666667,0.23846666666666663,6
0,test_ba_100_04,ba,100,log_mse,192,best_r,0.01179762372374335,0.0029125000000000075,0.24991249999999998,0.24700000000000003,6
0,test_ba_100_05,ba,100,log_mse,192,best_r,0.031478193397244614,0.007874999999999998,0.25437499999999996,0.24649999999999997,6
0,test_ba_100_06,ba,100,log_mse,192,best_r,0.017937470822986214,0.004616666666666676,0.2598916666666667,0.255275,6
0,test_ba_100_07,ba,100,log_mse,192,best_r,0.027174261469417357,0.006045833333333329,0.22465416666666668,0.21860833333333332,6
0,test_ba_50_00,ba,50,log_mse,192,best_r,0.0278320498290494,0.007149999999999976,0.2627,0.25555,6
0,test_ba_50_01,ba,50,log_mse,192,best_r,0.012949636413871366,0.003716666666666655,0.2885333333333333,0.28481666666666666,6
0,test_ba_50_02,ba,50,log_mse,192,best_r,0.024736222488507483,0.0070166666666666615,0.28635,0.2793333333333333,6
0,test_ba_50_03,ba,50,log_mse,192,best_r,0.04836079406203933,0.013083333333333327,0.27704999999999996,0.2639666666666667,6
0,test_ba_50_04,ba,50,log_mse,192,best_r,0.026135681100376538,0.006883333333333325,0.26761666666666667,0.2607333333333333,6
0,test_ba_50_05,ba,50,log_mse,192,best_r,0.04270176725594405,0.012283333333333332,0.2941666666666667,0.2818833333333333,6
0,test_ba_50_06,ba,50,log_mse,192,best_r,0.025216506572080192,0.0070666666666666655,0.28373333333333334,0.27666666666666667,6
0,test_ba_50_07,ba,50,log_mse,192,best_r,0.029791118155150547,0.00799999999999997,0.27371666666666666,0.2657166666666667,6
0,test_er_100_00,er,100,log_mse,192,best_r,0.004750987935707037,0.0015416666666666727,0.32590416666666666,0.3243625,6
0,test_er_100_01,er,100,log_mse,192,best_r,0.0032882035896362968,0.0010791666666666773,0.33061250000000003,0.3295333333333333,6
0,test_er_100_02,er,100,log_mse,192,best_r,0.004957057209634173,0.001629166666666663,0.3288125,0.3271833333333333,6
0,test_er_100_03,er,100,log_mse,192,best_r,0.007683546124838775,0.002474999999999996,0.32124583333333334,0.31877083333333334,6
0,test_er_100_04,er,100,log_mse,192,best_r,0.001248064176279478,0.0004083333333333346,0.32792499999999997,0.3275166666666667,6
0,test_er_100_05,er,100,log_mse,192,best_r,0.004154282063348412,0.00134999999999999,0.32659583333333336,0.3252458333333333,6
0,test_er_100_06,er,100,log_mse,192,best_r,0.008144467265943315,0.0027166666666666728,0.33375,0.33103333333333335,6
0,test_er_100_07,er,100,log_mse,192,best_r,0.00459841760205294,0.0015500000000000143,0.3382583333333333,0.33670833333333333,6
0,test_er_50_00,er,50,log_mse,192,best_r,0.005783013313872116,0.0020000000000000204,0.34946666666666665,0.34746666666666665,6
0,test_er_50_01,er,50,log_mse,192,best_r,0.01362894584159699,0.00470000000000001,0.34785,0.34315,6
0,test_er_50_02,er,50,log_mse,192,best_r,0.002762161178183373,0.000966666666666662,0.35203333333333336,0.35106666666666664,6
0,test_er_50_03,er,50,log_mse,192,best_r,0.0032644041365056387,0.001116666666666664,0.34318333333333334,0.3420666666666667,6
0,test_er_50_04,er,50,log_mse,192,best_r,0.010179740050510082,0.0034333333333333347,0.3407166666666667,0.3372833333333334,6
0,test_er_50_05,er,50,log_mse,192,best_r,0.0025145664285616313,0.0009000000000000027,0.35638333333333333,0.3554833333333334,6
0,test_er_50_06,er,50,log_mse,192,best_r,0.010820007972450753,0.003700000000000018,0.34273333333333333,0.3390333333333333,6
0,test_er_50_07,er,50,log_mse,192,best_r,0.0024574274257519765,0.0008166666666666692,0.33938333333333337,0.3385666666666667,6
1,test_ba_100_00,ba,100,log_mse,192,best_r,0.026943954527635063,0.007175000000000005,0.2708375,0.26366249999999997,6
1,test_ba_100_01,ba,100,log_mse,192,best_r,0.027884570678757808,0.006808333333333329,0.24788333333333332,0.24107500000000004,6
1,test_ba_100_02,ba,100,log_mse,192,best_r,0.018865867367458253,0.004925000000000003,0.2637541666666667,0.25882916666666667,6
1,test_ba_100_03,ba,100,log_mse,192,best_r,0.02385555295944256,0.0062333333333333225,0.26580833333333337,0.259575,6
1,test_ba_100_04,ba,100,log_mse,192,best_r,0.033168499244378,0.008220833333333325,0.25175416666666667,0.24353333333333335,6
1,test_ba_100_05,ba,100,log_mse,192,best_r,0.026410195891104663,0.006412500000000006,0.24770833333333334,0.24129583333333335,6
1,test_ba_100_06,ba,100,log_mse,192,best_r,0.007696828700900914,0.002058333333333338,0.26844583333333333,0.2663875,6
1,test_ba_100_07,ba,100,log_mse,192,best_r,0.017808417986131905,0.0049125000000000045,0.27919583333333337,0.27428333333333327,6
1,test_ba_50_00,ba,50,log_mse,192,best_r,0.0027062558313602635,0.0006333333333333191,0.2671666666666667,0.26653333333333334,6
1,test_ba_50_01,ba,50,log_mse,192,best_r,0.009904797086522558,0.002983333333333347,0.3032166666666667,0.3002333333333333,6
1,test_ba_50_02,ba,50,log_mse,192,best_r,0.02111317407068691,0.005849999999999994,0.27913333333333334,0.2732833333333333,6
1,test_ba_50_03,ba,50,log_mse,192,best_r,0.016967356404540185,0.0048166666666666635,0.28696666666666665,0.28214999999999996,6
1,test_ba_50_04,ba,50,log_mse,192,best_r,0.020305104670512535,0.00523333333333334,0.2598833333333333,0.25465,6
1,test_ba_50_05,ba,50,log_mse,192,best_r,0.017817027413873397,0.005100000000000012,0.28683333333333333,0.28173333333333334,6
1,test_ba_50_06,ba,50,log_mse,192,best_r,-0.004028555214595819,-0.001266666666666666,0.3159,0.31716666666666665,6
1,test_ba_50_07,ba,50,log_mse,192,best_r,0.011090335763044405,0.002966666666666673,0.2687333333333333,0.26576666666666665,6
1,test_er_100_00,er,100,log_mse,192,best_r,0.0006918148014956029,0.00022916666666666918,0.33493749999999994,0.33470833333333333,6
1,test_er_100_01,er,100,log_mse,192,best_r,0.0072614555189904305,0.0025041666666666498,0.3453958333333333,0.34289166666666665,6
1,test_er_100_02,er,100,log_mse,192,best_r,0.002767985707273754,0.0009291666666666661,0.33210833333333334,0.33117916666666664,6
1,test_er_100_03,er,100,log_mse,192,best_r,-0.006465982018974761,-0.002120833333333331,0.3268125,0.32893333333333336,6
1,test_er_100_04,er,100,log_mse,192,best_r,-0.0011038636243669421,-0.00034583333333331373,0.32558333333333334,0.32592916666666666,6
1,test_er_100_05,er,100,log_mse,192,best_r,-0.0025877951068633393,-0.0008499999999999897,0.32774583333333335,0.32859583333333336,6
1,test_er_100_06,er,100,log_mse,192,best_r,0.0038080898458214504,0.0012583333333333335,0.333075,0.3318166666666667,6
1,test_er_100_07,er,100,log_mse,192,best_r,0.005972284859888748,0.0019416666666666749,0.32640416666666666,0.3244625,6
1,test_er_50_00,er,50,log_mse,192,best_r,-0.004863309122321631,-0.001666666666666668,0.3405333333333333,0.3422,6
1,test_er_50_01,er,50,log_mse,192,best_r,0.0062344101548170066,0.0022000000000000166,0.3530166666666667,0.3508166666666667,6
1,test_er_50_02,er,50,log_mse,192,best_r,0.010686922578030474,0.0036666666666666605,0.34369999999999995,0.34003333333333335,6
1,test_er_50_03,er,50,log_mse,192,best_r,0.004361829339958172,0.0015000000000000107,0.3444833333333333,0.34298333333333336,6
1,test_er_50_04,er,50,log_mse,192,best_r,-0.0026022876906600842,-0.0009333333333333323,0.3567166666666666,0.35765,6
1,test_er_50_05,er,50,log_mse,192,best_r,0.005128541690699849,0.0017333333333333274,0.33958333333333335,0.33785,6
1,test_er_50_06,er,50,log_mse,192,best_r,-0.0009465736189869615,-0.0002833333333333299,0.3301,0.3303833333333333,6
1,test_er_50_07,er,50,log_mse,192,best_r,0.002742736928637064,0.0009333333333333416,0.34850000000000003,0.34756666666666663,6
0,test_ba_100_00,ba,100,global_mse,192,best_r,0.016123375153093502,0.004216666666666674,0.2651791666666667,0.2609625,6
0,test_ba_100_01,ba,100,global_mse,192,best_r,0.008357076620015877,0.0022249999999999956,0.269175,0.26695,6
0,test_ba_100_02,ba,100,global_mse,192,best_r,0.008707653514032349,0.0020916666666666675,0.2430041666666667,0.2409125,6
0,test_ba_100_03,ba,100,global_mse,192,best_r,0.03034844821513441,0.0073458333333333336,0.2455291666666667,0.2381833333333333,6
0,test_ba_100_04,ba,100,global_mse,192,best_r,0.018681740526000006,0.004633333333333341,0.24991249999999998,0.2452791666666667,6
0,test_ba_100_05,ba,100,global_mse,192,best_r,0.03220438701773958,0.008041666666666664,0.25437499999999996,0.24633333333333332,6
0,test_ba_100_06,ba,100,global_mse,192,best_r,0.02215374042432246,0.005662500000000001,0.2598916666666667,0.2542291666666667,6
0,test_ba_100_07,ba,100,global_mse,192,best_r,0.04060450194068926,0.008929166666666663,0.22465416666666668,0.21572499999999997,6
0,test_ba_50_00,ba,50,global_mse,192,best_r,0.019552076494598416,0.005116666666666658,0.2627,0.25758333333333333,6
0,test_ba_50_01,ba,50,global_mse,192,best_r,0.013667422319522752,0.003916666666666661,0.2885333333333333,0.2846166666666667,6
0,test_ba_50_02,ba,50,global_mse,192,best_r,0.020739941753822985,0.005849999999999994,0.28635,0.28049999999999997,6
0,test_ba_50_03,ba,50,global_mse,192,best_r,0.02161060757128957,0.005950000000000001,0.27704999999999996,0.2711,6
0,test_ba_50_04,ba,50,global_mse,192,best_r,0.048793307295341364,0.012666666666666665,0.26761666666666667,0.25495,6
0,test_ba_50_05,ba,50,global_mse,192,best_r,0.020483164333084457,0.005933333333333328,0.2941666666666667,0.28823333333333334,6
0,test_ba_50_06,ba,50,global_mse,192,best_r,0.01035611553325805,0.0029333333333333342,0.28373333333333334,0.2808,6
0,test_ba_50_07,ba,50,global_mse,192,best_r,0.031669373894632986,0.008533333333333318,0.27371666666666666,0.2651833333333333,6
0,test_er_100_00,er,100,global_mse,192,best_r,0.009209720330911152,0.002983333333333338,0.32590416666666666,0.3229208333333333,6
0,test_er_100_01,er,100,global_mse,192,best_r,0.015236772424893916,0.004995833333333348,0.33061250000000003,0.32561666666666667,6
0,test_er_100_02,er,100,global_mse,192,best_r,0.016176208344051625,0.005270833333333336,0.3288125,0.32354166666666667,6
0,test_er_100_03,er,100,global_mse,192,best_r,0.01287985248714083,0.004100000000000002,0.32124583333333334,0.3171458333333333,6
0,test_er_100_04,er,100,global_mse,192,best_r,0.010088579179198795,0.003270833333333334,0.32792499999999997,0.32465416666666663,6
0,test_er_100_05,er,100,global_mse,192,best_r,0.016992237192874887,0.005499999999999987,0.32659583333333336,0.32109583333333336,6
0,test_er_100_06,er,100,global_mse,192,best_r,0.010446861111700219,0.0034791666666666534,0.33375,0.33027083333333335,6
0,test_er_100_07,er,100,global_mse,192,best_r,0.01282716528604181,0.004299999999999998,0.3382583333333333,0.3339583333333333,6
0,test_er_50_00,er,50,global_mse,192,best_r,0.009383305993746864,0.0032666666666666864,0.34946666666666665,0.3462,6
0,test_er_50_01,er,50,global_mse,192,best_r,0.004679553831262519,0.0016166666666666736,0.34785,0.34623333333333334,6
0,test_er_50_02,er,50,global_mse,192,best_r,0.004093791450462918,0.0014333333333333236,0.35203333333333336,0.3506,6
0,test_er_50_03,er,50,global_mse,192,best_r,0.006708992809421078,0.0022833333333333317,0.34318333333333334,0.3409,6
0,test_er_50_04,er,50,global_mse,192,best_r,-0.00018429691522179768,-6.666666666665932e-05,0.3407166666666667,0.3407833333333334,6
0,test_er_50_05,er,50,global_mse,192,best_r,0.00767368693862566,0.0027333333333333376,0.35638333333333333,0.35365,6
0,test_er_50_06,er,50,global_mse,192,best_r,0.01679846222058402,0.0057166666666666754,0.34273333333333333,0.3370166666666667,6
0,test_er_50_07,er,50,global_mse,192,best_r,0.009245695389915118,0.003116666666666675,0.33938333333333337,0.3362666666666667,6
1,test_ba_100_00,ba,100,global_mse,192,best_r,0.023521356110174682,0.0062791666666666785,0.2708375,0.26455833333333334,6
1,test_ba_100_01,ba,100,global_mse,192,best_r,0.02067323646861754,0.005066666666666668,0.24788333333333332,0.24281666666666668,6
1,test_ba_100_02,ba,100,global_mse,192,best_r,0.02658062797415157,0.006920833333333339,0.2637541666666667,0.2568333333333333,6
1,test_ba_100_03,ba,100,global_mse,192,best_r,0.019683916665535293,0.005170833333333319,0.26580833333333337,0.2606375,6
1,test_ba_100_04,ba,100,global_mse,192,best_r,0.02889492737972858,0.0071583333333333264,0.25175416666666667,0.24459583333333335,6
1,test_ba_100_05,ba,100,global_mse,192,best_r,0.030472768321173637,0.007412500000000002,0.24770833333333334,0.24029583333333335,6
1,test_ba_100_06,ba,100,global_mse,192,best_r,0.013718499243064454,0.0036500000000000143,0.26844583333333333,0.26479583333333334,6
1,test_ba_100_07,ba,100,global_mse,192,best_r,0.008797680376001447,0.0024000000000000132,0.27919583333333337,0.2767958333333333,6
1,test_ba_50_00,ba,50,global_mse,192,best_r,0.006544484977616086,0.0016833333333333238,0.2671666666666667,0.26548333333333335,6
1,test_ba_50_01,ba,50,global_mse,192,best_r,0.010370614731186235,0.003116666666666675,0.3032166666666667,0.3001,6
1,test_ba_50_02,ba,50,global_mse,192,best_r,0.03444633185789321,0.009416666666666665,0.27913333333333334,0.26971666666666666,6
1,test_ba_50_03,ba,50,global_mse,192,best_r,0.029746077738502824,0.00836666666666667,0.28696666666666665,0.2786,6
1,test_ba_50_04,ba,50,global_mse,192,best_r,0.029196783471675647,0.007466666666666654,0.2598833333333333,0.2524166666666667,6
1,test_ba_50_05,ba,50,global_mse,192,best_r,0.016086686610437332,0.004616666666666676,0.28683333333333333,0.28221666666666667,6
1,test_ba_50_06,ba,50,global_mse,192,best_r,0.004010004617788819,0.0012500000000000011,0.3159,0.31465,6
1,test_ba_50_07,ba,50,global_mse,192,best_r,-0.004194267870310853,-0.0010999999999999899,0.2687333333333333,0.26983333333333337,6
1,test_er_100_00,er,100,global_mse,192,best_r,-0.0006062687845149749,-0.00020416666666667194,0.33493749999999994,0.33514166666666667,6
1,test_er_100_01,er,100,global_mse,192,best_r,0.010295159619040565,0.003541666666666656,0.3453958333333333,0.3418541666666666,6
1,test_er_100_02,er,100,global_mse,192,best_r,-5.8647850338383834e-06,4.16666666667546e-06,0.33210833333333334,0.33210416666666664,6
1,test_er_100_03,er,100,global_mse,192,best_r,-0.0028114246932520216,-0.0009374999999999892,0.3268125,0.32775000000000004,6
1,test_er_100_04,er,100,global_mse,192,best_r,0.005496585147207655,0.0018000000000000145,0.32558333333333334,0.32378333333333337,6
1,test_er_100_05,er,100,global_mse,192,best_r,0.0025716039879149773,0.0008499999999999989,0.32774583333333335,0.32689583333333333,6
1,test_er_100_06,er,100,global_mse,192,best_r,0.011019737453742823,0.0036416666666666633,0.333075,0.32943333333333336,6
1,test_er_100_07,er,100,global_mse,192,best_r,0.004464599435527243,0.001454166666666673,0.32640416666666666,0.32495,6
1,test_er_50_00,er,50,global_mse,192,best_r,0.0025315362337672716,0.0008666666666666637,0.3405333333333333,0.33966666666666673,6
1,test_er_50_01,er,50,global_mse,192,best_r,-0.0027772963419164533,-0.0009833333333333083,0.3530166666666667,0.35400000000000004,6
1,test_er_50_02,er,50,global_mse,192,best_r,0.010984645666536237,0.003766666666666668,0.34369999999999995,0.33993333333333337,6
1,test_er_50_03,er,50,global_mse,192,best_r,0.001693738484198626,0.0005833333333333338,0.3444833333333333,0.34390000000000004,6
1,test_er_50_04,er,50,global_mse,192,best_r,-0.003086832129766366,-0.0011166666666666731,0.3567166666666666,0.3578333333333333,6
1,test_er_50_05,er,50,global_mse,192,best_r,-0.008178810625510334,-0.002783333333333323,0.33958333333333335,0.3423666666666667,6
1,test_er_50_06,er,50,global_mse,192,best_r,0.0006402862795100147,0.0002500000000000002,0.3301,0.32985,6
1,test_er_50_07,er,50,global_mse,192,best_r,0.006626701550692227,0.0022999999999999965,0.34850000000000003,0.3462,6
0,test_ba_100_00,ba,100,global_log_mse,192,best_r,0.01971939844037411,0.005141666666666674,0.2651791666666667,0.26003750000000003,6
0,test_ba_100_01,ba,100,global_log_mse,192,best_r,0.01636187005398362,0.004350000000000002,0.269175,0.264825,6
0,test_ba_100_02,ba,100,global_log_mse,192,best_r,0.015338198836486973,0.0037125000000000075,0.2430041666666667,0.23929166666666668,6
0,test_ba_100_03,ba,100,global_log_mse,192,best_r,0.026748754131345216,0.006416666666666668,0.2455291666666667,0.23911249999999998,6
0,test_ba_100_04,ba,100,global_log_mse,192,best_r,0.024498381522306722,0.00601666666666668,0.24991249999999998,0.24389583333333334,6
0,test_ba_100_05,ba,100,global_log_mse,192,best_r,0.04096692272465439,0.010124999999999995,0.25437499999999996,0.24425,6
0,test_ba_100_06,ba,100,global_log_mse,192,best_r,0.017430231765522667,0.004466666666666665,0.2598916666666667,0.25542500000000007,6
0,test_ba_100_07,ba,100,global_log_mse,192,best_r,0.06356345582630377,0.013787499999999994,0.22465416666666668,0.21086666666666667,6
0,test_ba_50_00,ba,50,global_log_mse,192,best_r,0.01849603234374741,0.004833333333333328,0.2627,0.25786666666666663,6
0,test_ba_50_01,ba,50,global_log_mse,192,best_r,0.009882873162758465,0.0028166666666666618,0.2885333333333333,0.2857166666666667,6
0,test_ba_50_02,ba,50,global_log_mse,192,best_r,0.0005284989687434945,0.00016666666666665755,0.28635,0.28618333333333335,6
0,test_ba_50_03,ba,50,global_log_mse,192,best_r,0.04011197769507952,0.010900000000000002,0.27704999999999996,0.26615,6
0,test_ba_50_04,ba,50,global_log_mse,192,best_r,0.03831366422207432,0.01003333333333332,0.26761666666666667,0.25758333333333333,6
0,test_ba_50_05,ba,50,global_log_mse,192,best_r,0.02451337167260016,0.007100000000000005,0.2941666666666667,0.28706666666666664,6
0,test_ba_50_06,ba,50,global_log_mse,192,best_r,0.027403389043673135,0.00765,0.28373333333333334,0.2760833333333333,6
0,test_ba_50_07,ba,50,global_log_mse,192,best_r,0.029501707299196794,0.00793333333333332,0.27371666666666666,0.2657833333333333,6
0,test_er_100_00,er,100,global_log_mse,192,best_r,0.016202264013876835,0.005208333333333343,0.32590416666666666,0.32069583333333335,6
0,test_er_100_01,er,100,global_log_mse,192,best_r,0.010683517371252144,0.0035041666666666784,0.33061250000000003,0.32710833333333333,6
0,test_er_100_02,er,100,global_log_mse,192,best_r,0.006291045464020248,0.002062499999999995,0.3288125,0.32675,6
0,test_er_100_03,er,100,global_log_mse,192,best_r,0.015118161262922841,0.00482083333333332,0.32124583333333334,0.316425,6
0,test_er_100_04,er,100,global_log_mse,192,best_r,0.008669004111368889,0.0028291666666666695,0.32792499999999997,0.3250958333333333,6
0,test_er_100_05,er,100,global_log_mse,192,best_r,0.015318852112053435,0.004958333333333333,0.32659583333333336,0.3216375,6
0,test_er_100_06,er,100,global_log_mse,192,best_r,0.0068003056874584925,0.002266666666666667,0.33375,0.33148333333333335,6
0,test_er_100_07,er,100,global_log_mse,192,best_r,0.015611726120522224,0.00523333333333334,0.3382583333333333,0.33302499999999996,6
0,test_er_50_00,er,50,global_log_mse,192,best_r,0.009850942559568818,0.003416666666666688,0.34946666666666665,0.34604999999999997,6
0,test_er_50_01,er,50,global_log_mse,192,best_r,0.00856937270960602,0.0029333333333333433,0.34785,0.3449166666666666,6
0,test_er_50_02,er,50,global_log_mse,192,best_r,0.004271736782106419,0.0014833333333333365,0.35203333333333336,0.35055,6
0,test_er_50_03,er,50,global_log_mse,192,best_r,0.009551972920481442,0.003266666666666649,0.34318333333333334,0.3399166666666667,6
0,test_er_50_04,er,50,global_log_mse,192,best_r,0.0007313381572908043,0.0002500000000000002,0.3407166666666667,0.3404666666666667,6
0,test_er_50_05,er,50,global_log_mse,192,best_r,0.010774466055597594,0.0038166666666666627,0.35638333333333333,0.3525666666666667,6
0,test_er_50_06,er,50,global_log_mse,192,best_r,0.01733172525904031,0.0058833333333333515,0.34273333333333333,0.33685000000000004,6
0,test_er_50_07,er,50,global_log_mse,192,best_r,0.010941498660461985,0.003683333333333335,0.33938333333333337,0.33570000000000005,6
1,test_ba_100_00,ba,100,global_log_mse,192,best_r,0.027832449452399242,0.007412500000000007,0.2708375,0.26342499999999996,6
1,test_ba_100_01,ba,100,global_log_mse,192,best_r,0.020764135288088462,0.005083333333333329,0.24788333333333332,0.24280000000000002,6
1,test_ba_100_02,ba,100,global_log_mse,192,best_r,0.013031609742303043,0.00341666666666667,0.2637541666666667,0.2603375,6
1,test_ba_100_03,ba,100,global_log_mse,192,best_r,0.02607935027056373,0.006833333333333321,0.26580833333333337,0.258975,6
1,test_ba_100_04,ba,100,global_log_mse,192,best_r,0.023677692099496328,0.0058916666666666605,0.25175416666666667,0.2458625,6
1,test_ba_100_05,ba,100,global_log_mse,192,best_r,0.02261180390228124,0.005512499999999999,0.24770833333333334,0.2421958333333333,6
1,test_ba_100_06,ba,100,global_log_mse,192,best_r,0.021943123701920947,0.005804166666666666,0.26844583333333333,0.26264166666666666,6
1,test_ba_100_07,ba,100,global_log_mse,192,best_r,0.02621917307569681,0.007200000000000002,0.27919583333333337,0.2719958333333334,6
1,test_ba_50_00,ba,50,global_log_mse,192,best_r,0.02215606156839772,0.005833333333333329,0.2671666666666667,0.26133333333333336,6
1,test_ba_50_01,ba,50,global_log_mse,192,best_r,0.023443081653800952,0.007033333333333345,0.3032166666666667,0.29618333333333335,6
1,test_ba_50_02,ba,50,global_log_mse,192,best_r,0.03900896086466435,0.010633333333333328,0.27913333333333334,0.2685,6
1,test_ba_50_03,ba,50,global_log_mse,192,best_r,0.032259289434452304,0.009100000000000006,0.28696666666666665,0.27786666666666665,6
1,test_ba_50_04,ba,50,global_log_mse,192,best_r,0.029055222713342144,0.007433333333333324,0.2598833333333333,0.25245,6
1,test_ba_50_05,ba,50,global_log_mse,192,best_r,0.0035136151011401448,0.0010166666666666842,0.28683333333333333,0.28581666666666666,6
1,test_ba_50_06,ba,50,global_log_mse,192,best_r,-0.01173288197363376,-0.0037333333333333294,0.3159,0.3196333333333333,6
1,test_ba_50_07,ba,50,global_log_mse,192,best_r,0.0058156462539867395,0.0015666666666666607,0.2687333333333333,0.26716666666666666,6
1,test_er_100_00,er,100,global_log_mse,192,best_r,0.0033802087577961145,0.0011208333333333302,0.33493749999999994,0.3338166666666667,6
1,test_er_100_01,er,100,global_log_mse,192,best_r,0.010753529831913381,0.003695833333333324,0.3453958333333333,0.34170000000000006,6
1,test_er_100_02,er,100,global_log_mse,192,best_r,-0.0015990212541315745,-0.0005208333333333315,0.33210833333333334,0.3326291666666667,6
1,test_er_100_03,er,100,global_log_mse,192,best_r,-0.004616768787772799,-0.001520833333333323,0.3268125,0.3283333333333333,6
1,test_er_100_04,er,100,global_log_mse,192,best_r,-0.0004889841934816701,-0.00017499999999998073,0.32558333333333334,0.3257583333333333,6
1,test_er_100_05,er,100,global_log_mse,192,best_r,-0.005640614276431834,-0.0018499999999999999,0.32774583333333335,0.3295958333333333,6
1,test_er_100_06,er,100,global_log_mse,192,best_r,0.0014727461566162987,0.0004875000000000018,0.333075,0.33258750000000004,6
1,test_er_100_07,er,100,global_log_mse,192,best_r,0.004165241738050617,0.0013541666666666656,0.32640416666666666,0.32505,6
1,test_er_50_00,er,50,global_log_mse,192,best_r,0.0003893314537583943,0.00015000000000001124,0.3405333333333333,0.3403833333333333,6
1,test_er_50_01,er,50,global_log_mse,192,best_r,0.0003925793061332894,0.00015000000000001124,0.3530166666666667,0.35286666666666666,6
1,test_er_50_02,er,50,global_log_mse,192,best_r,0.014655653830810847,0.0050000000000000044,0.34369999999999995,0.3387,6
1,test_er_50_03,er,50,global_log_mse,192,best_r,-0.00296535944451751,-0.0010333333333333212,0.3444833333333333,0.34551666666666664,6
1,test_er_50_04,er,50,global_log_mse,192,best_r,-0.004413644236324797,-0.001583333333333344,0.3567166666666666,0.3583,6
1,test_er_50_05,er,50,global_log_mse,192,best_r,0.002533909446028935,0.0008499999999999989,0.33958333333333335,0.33873333333333333,6
1,test_er_50_06,er,50,global_log_mse,192,best_r,-0.006247277366981976,-0.0020500000000000054,0.3301,0.33215,6
1,test_er_50_07,er,50,global_log_mse,192,best_r,-0.0009595228487523476,-0.0003499999999999892,0.34850000000000003,0.34885000000000005,6
0,test_ba_100_00,ba,100,ea,192,best_r,0.07017094046860156,0.017970833333333353,0.2651791666666667,0.24720833333333334,6
0,test_ba_100_01,ba,100,ea,192,best_r,0.054201448301559034,0.014191666666666677,0.269175,0.25498333333333334,6
0,test_ba_100_02,ba,100,ea,192,best_r,0.09050065501771698,0.021045833333333337,0.2430041666666667,0.22195833333333334,6
0,test_ba_100_03,ba,100,ea,192,best_r,0.07411268771835167,0.017545833333333326,0.2455291666666667,0.22798333333333334,6
0,test_ba_100_04,ba,100,ea,192,best_r,0.07209151170864582,0.017395833333333343,0.24991249999999998,0.23251666666666668,6
0,test_ba_100_05,ba,100,ea,192,best_r,0.08809713705262696,0.021424999999999996,0.25437499999999996,0.23295000000000002,6
0,test_ba_100_06,ba,100,ea,192,best_r,0.06761418665428544,0.017008333333333337,0.2598916666666667,0.24288333333333334,6
0,test_ba_100_07,ba,100,ea,192,best_r,0.07896041581135632,0.017062499999999998,0.22465416666666668,0.20759166666666665,6
0,test_ba_50_00,ba,50,ea,192,best_r,0.09873766395839645,0.02473333333333332,0.2627,0.23796666666666666,6
0,test_ba_50_01,ba,50,ea,192,best_r,0.072845739304645,0.020300000000000002,0.2885333333333333,0.2682333333333333,6
0,test_ba_50_02,ba,50,ea,192,best_r,0.06064342591179556,0.016849999999999993,0.28635,0.2695,6
0,test_ba_50_03,ba,50,ea,192,best_r,0.09420910205178357,0.02494999999999999,0.27704999999999996,0.25210000000000005,6
0,test_ba_50_04,ba,50,ea,192,best_r,0.09444577461691957,0.02405,0.26761666666666667,0.24356666666666663,6
0,test_ba_50_05,ba,50,ea,192,best_r,0.05793300042549545,0.016566666666666664,0.2941666666666667,0.2776,6
0,test_ba_50_06,ba,50,ea,192,best_r,0.05546505795977499,0.015300000000000017,0.28373333333333334,0.2684333333333333,6
0,test_ba_50_07,ba,50,ea,192,best_r,0.078753580326253,0.02071666666666665,0.27371666666666666,0.253,6
0,test_er_100_00,er,100,ea,192,best_r,0.03288244400928972,0.010537500000000005,0.32590416666666666,0.31536666666666663,6
0,test_er_100_01,er,100,ea,192,best_r,0.03239422347537222,0.010537500000000014,0.33061250000000003,0.320075,6
0,test_er_100_02,er,100,ea,192,best_r,0.03626916318111214,0.01172083333333332,0.3288125,0.3170916666666666,6
0,test_er_100_03,er,100,ea,192,best_r,0.04742531879632512,0.014895833333333322,0.32124583333333334,0.30635,6
0,test_er_100_04,er,100,ea,192,best_r,0.02211325762545316,0.007175000000000005,0.32792499999999997,0.32075000000000004,6
0,test_er_100_05,er,100,ea,192,best_r,0.029586420182348555,0.009512499999999998,0.32659583333333336,0.31708333333333333,6
0,test_er_100_06,er,100,ea,192,best_r,0.038606873796682144,0.01264166666666667,0.33375,0.32110833333333333,6
0,test_er_100_07,er,100,ea,192,best_r,0.039028781556116436,0.01294999999999999,0.3382583333333333,0.32530833333333337,6
0,test_er_50_00,er,50,ea,192,best_r,0.023976320261686893,0.00826666666666668,0.34946666666666665,0.3412,6
0,test_er_50_01,er,50,ea,192,best_r,0.033261847891613724,0.011383333333333329,0.34785,0.3364666666666667,6
0,test_er_50_02,er,50,ea,192,best_r,0.02914763478406421,0.010066666666666687,0.35203333333333336,0.3419666666666666,6
0,test_er_50_03,er,50,ea,192,best_r,0.019554817982210374,0.006649999999999999,0.34318333333333334,0.33653333333333335,6
0,test_er_50_04,er,50,ea,192,best_r,0.031851046462733325,0.010683333333333342,0.3407166666666667,0.33003333333333335,6
0,test_er_50_05,er,50,ea,192,best_r,0.022625781439175926,0.007983333333333351,0.35638333333333333,0.3484,6
0,test_er_50_06,er,50,ea,192,best_r,0.02956301870823916,0.00996666666666667,0.34273333333333333,0.3327666666666667,6
0,test_er_50_07,er,50,ea,192,best_r,0.03986822112422828,0.013250000000000012,0.33938333333333337,0.32613333333333333,6
1,test_ba_100_00,ba,100,ea,192,best_r,0.07186539517892608,0.018787500000000002,0.2708375,0.25205000000000005,6
1,test_ba_100_01,ba,100,ea,192,best_r,0.06921082753670098,0.01656666666666666,0.24788333333333332,0.2313166666666667,6
1,test_ba_100_02,ba,100,ea,192,best_r,0.061744449815221904,0.015737500000000005,0.2637541666666667,0.2480166666666667,6
1,test_ba_100_03,ba,100,ea,192,best_r,0.08958194084925564,0.022791666666666655,0.26580833333333337,0.24301666666666666,6
1,test_ba_100_04,ba,100,ea,192,best_r,0.0775696711259715,0.018754166666666666,0.25175416666666667,0.233,6
1,test_ba_100_05,ba,100,ea,192,best_r,0.08537392539681454,0.020283333333333337,0.24770833333333334,0.227425,6
1,test_ba_100_06,ba,100,ea,192,best_r,0.06347767748703577,0.016512500000000013,0.26844583333333333,0.2519333333333333,6
1,test_ba_100_07,ba,100,ea,192,best_r,0.07807711185510768,0.020970833333333355,0.27919583333333337,0.258225,6
1,test_ba_50_00,ba,50,ea,192,best_r,0.0656859900264736,0.016999999999999998,0.2671666666666667,0.2501666666666667,6
1,test_ba_50_01,ba,50,ea,192,best_r,0.06738509343830347,0.01971666666666666,0.3032166666666667,0.28350000000000003,6
1,test_ba_50_02,ba,50,ea,192,best_r,0.10164646758700595,0.026966666666666656,0.27913333333333334,0.25216666666666665,6
1,test_ba_50_03,ba,50,ea,192,best_r,0.08898315250657973,0.024433333333333324,0.28696666666666665,0.26253333333333334,6
1,test_ba_50_04,ba,50,ea,192,best_r,0.07864493740545564,0.01964999999999999,0.2598833333333333,0.24023333333333333,6
1,test_ba_50_05,ba,50,ea,192,best_r,0.066032399009809,0.01836666666666666,0.28683333333333333,0.2684666666666667,6
1,test_ba_50_06,ba,50,ea,192,best_r,0.05516195634718771,0.016966666666666675,0.3159,0.29893333333333333,6
1,test_ba_50_07,ba,50,ea,192,best_r,0.07950283556692835,0.020566666666666667,0.2687333333333333,0.24816666666666665,6
1,test_er_100_00,er,100,ea,192,best_r,0.0299940181385287,0.009887500000000013,0.33493749999999994,0.32505,6
1,test_er_100_01,er,100,ea,192,best_r,0.029762440630794612,0.010129166666666642,0.3453958333333333,0.33526666666666666,6
1,test_er_100_02,er,100,ea,192,best_r,0.033507799045427736,0.010949999999999996,0.33210833333333334,0.3211583333333334,6
1,test_er_100_03,er,100,ea,192,best_r,0.03226144873048843,0.01037916666666668,0.3268125,0.31643333333333334,6
1,test_er_100_04,er,100,ea,192,best_r,0.030569579938174236,0.009816666666666687,0.32558333333333334,0.3157666666666667,6
1,test_er_100_05,er,100,ea,192,best_r,0.02811360314568807,0.009087500000000017,0.32774583333333335,0.3186583333333333,6
1,test_er_100_06,er,100,ea,192,best_r,0.04354290670388289,0.014174999999999984,0.333075,0.3189,6
1,test_er_100_07,er,100,ea,192,best_r,0.03580601892224838,0.011487499999999993,0.32640416666666666,0.3149166666666667,6
1,test_er_50_00,er,50,ea,192,best_r,0.03507025234756591,0.011766666666666684,0.3405333333333333,0.3287666666666667,6
1,test_er_50_01,er,50,ea,192,best_r,0.028966415420872912,0.010083333333333352,0.3530166666666667,0.3429333333333333,6
1,test_er_50_02,er,50,ea,192,best_r,0.06516321568122725,0.021700000000000014,0.34369999999999995,0.322,6
1,test_er_50_03,er,50,ea,192,best_r,0.03278651828053776,0.011116666666666672,0.3444833333333333,0.33336666666666664,6
1,test_er_50_04,er,50,ea,192,best_r,0.026953645804741938,0.009483333333333325,0.3567166666666666,0.34723333333333334,6
1,test_er_50_05,er,50,ea,192,best_r,0.026234855531583025,0.008783333333333337,0.33958333333333335,0.3308,6
1,test_er_50_06,er,50,ea,192,best_r,0.042263326614566804,0.013699999999999999,0.3301,0.3164,6
1,test_er_50_07,er,50,ea,192,best_r,0.032517478939632145,0.011133333333333337,0.34850000000000003,0.33736666666666665,6
0,test_ba_100_00,ba,100,pool_random,192,best_r,0.07682104386204845,0.019604166666666683,0.2651791666666667,0.24557500000000002,6
0,test_ba_100_01,ba,100,pool_random,192,best_r,0.05421293647926515,0.01419999999999999,0.269175,0.254975,6
0,test_ba_100_02,ba,100,pool_random,192,best_r,0.0869200711365921,0.020262500000000006,0.2430041666666667,0.22274166666666664,6
0,test_ba_100_03,ba,100,pool_random,192,best_r,0.08441656552181703,0.019862499999999995,0.2455291666666667,0.22566666666666668,6
0,test_ba_100_04,ba,100,pool_random,192,best_r,0.07337155345185152,0.017687500000000012,0.24991249999999998,0.23222500000000001,6
0,test_ba_100_05,ba,100,pool_random,192,best_r,0.080187004056995,0.019608333333333325,0.25437499999999996,0.2347666666666667,6
0,test_ba_100_06,ba,100,pool_random,192,best_r,0.05590636327418735,0.014150000000000005,0.2598916666666667,0.24574166666666666,6
0,test_ba_100_07,ba,100,pool_random,192,best_r,0.06872625310418222,0.014954166666666666,0.22465416666666668,0.2097,6
0,test_ba_50_00,ba,50,pool_random,192,best_r,0.08368966598810694,0.02103333333333333,0.2627,0.24166666666666667,6
0,test_ba_50_01,ba,50,pool_random,192,best_r,0.06442816830977671,0.01803333333333333,0.2885333333333333,0.2705,6
0,test_ba_50_02,ba,50,pool_random,192,best_r,0.07325263814953542,0.02024999999999999,0.28635,0.2661,6
0,test_ba_50_03,ba,50,pool_random,192,best_r,0.09382167658832179,0.02485,0.27704999999999996,0.2522,6
0,test_ba_50_04,ba,50,pool_random,192,best_r,0.07843029222407145,0.02018333333333332,0.26761666666666667,0.24743333333333337,6
0,test_ba_50_05,ba,50,pool_random,192,best_r,0.052560472145029846,0.015033333333333334,0.2941666666666667,0.2791333333333333,6
0,test_ba_50_06,ba,50,pool_random,192,best_r,0.06285407469079607,0.0173,0.28373333333333334,0.26643333333333336,6
0,test_ba_50_07,ba,50,pool_random,192,best_r,0.08427473576245682,0.022049999999999986,0.27371666666666666,0.2516666666666667,6
0,test_er_100_00,er,100,pool_random,192,best_r,0.03062983339254824,0.009820833333333343,0.32590416666666666,0.3160833333333333,6
0,test_er_100_01,er,100,pool_random,192,best_r,0.021292529675686383,0.00696250000000002,0.33061250000000003,0.32365,6
0,test_er_100_02,er,100,pool_random,192,best_r,0.03992661136707416,0.01287083333333334,0.3288125,0.3159416666666666,6
0,test_er_100_03,er,100,pool_random,192,best_r,0.04314307962438272,0.01357916666666665,0.32124583333333334,0.3076666666666667,6
0,test_er_100_04,er,100,pool_random,192,best_r,0.03621557247894234,0.011666666666666678,0.32792499999999997,0.31625833333333336,6
0,test_er_100_05,er,100,pool_random,192,best_r,0.037570898050402986,0.012029166666666683,0.32659583333333336,0.31456666666666666,6
0,test_er_100_06,er,100,pool_random,192,best_r,0.04169701407989668,0.01363333333333334,0.33375,0.32011666666666666,6
0,test_er_100_07,er,100,pool_random,192,best_r,0.03310597745665235,0.011016666666666666,0.3382583333333333,0.32724166666666665,6
0,test_er_50_00,er,50,pool_random,192,best_r,0.03259240408312083,0.011200000000000024,0.34946666666666665,0.33826666666666666,6
0,test_er_50_01,er,50,pool_random,192,best_r,0.035076100641103926,0.011983333333333337,0.34785,0.3358666666666667,6
0,test_er_50_02,er,50,pool_random,192,best_r,0.023262093402132044,0.008099999999999977,0.35203333333333336,0.34393333333333337,6
0,test_er_50_03,er,50,pool_random,192,best_r,0.03360809545182219,0.011349999999999999,0.34318333333333334,0.33183333333333326,6
0,test_er_50_04,er,50,pool_random,192,best_r,0.03386880887904081,0.01134999999999999,0.3407166666666667,0.32936666666666664,6
0,test_er_50_05,er,50,pool_random,192,best_r,0.02488529370882439,0.008750000000000008,0.35638333333333333,0.3476333333333333,6
0,test_er_50_06,er,50,pool_random,192,best_r,0.035290232993054,0.011900000000000013,0.34273333333333333,0.3308333333333333,6
0,test_er_50_07,er,50,pool_random,192,best_r,0.04374901312671362,0.014516666666666669,0.33938333333333337,0.32486666666666664,6
1,test_ba_100_00,ba,100,pool_random,192,best_r,0.09005281782442398,0.023320833333333336,0.2708375,0.2475166666666667,6
1,test_ba_100_01,ba,100,pool_random,192,best_r,0.07534868378898928,0.017983333333333327,0.24788333333333332,0.2299,6
1,test_ba_100_02,ba,100,pool_random,192,best_r,0.07181054549969335,0.0182875,0.2637541666666667,0.24546666666666664,6
1,test_ba_100_03,ba,100,pool_random,192,best_r,0.084341419959442,0.021508333333333334,0.26580833333333337,0.24429999999999996,6
1,test_ba_100_04,ba,100,pool_random,192,best_r,0.08079417224380266,0.019545833333333328,0.25175416666666667,0.23220833333333332,6
1,test_ba_100_05,ba,100,pool_random,192,best_r,0.086198868352231,0.02042500000000001,0.24770833333333334,0.22728333333333336,6
1,test_ba_100_06,ba,100,pool_random,192,best_r,0.06354166849637534,0.016529166666666678,0.26844583333333333,0.2519166666666666,6
1,test_ba_100_07,ba,100,pool_random,192,best_r,0.0810494451221418,0.02173750000000001,0.27919583333333337,0.2574583333333333,6
1,test_ba_50_00,ba,50,pool_random,192,best_r,0.08468370570023535,0.021699999999999997,0.2671666666666667,0.2454666666666667,6
1,test_ba_50_01,ba,50,pool_random,192,best_r,0.05219942318531609,0.01541666666666667,0.3032166666666667,0.2878,6
1,test_ba_50_02,ba,50,pool_random,192,best_r,0.08331288142164504,0.022333333333333334,0.27913333333333334,0.2568,6
1,test_ba_50_03,ba,50,pool_random,192,best_r,0.08132588192998307,0.022399999999999993,0.28696666666666665,0.26456666666666667,6
1,test_ba_50_04,ba,50,pool_random,192,best_r,0.09187425346628182,0.022783333333333333,0.2598833333333333,0.23709999999999998,6
1,test_ba_50_05,ba,50,pool_random,192,best_r,0.07280858218456082,0.020166666666666683,0.28683333333333333,0.26666666666666666,6
1,test_ba_50_06,ba,50,pool_random,192,best_r,0.05506883634313217,0.016933333333333345,0.3159,0.29896666666666666,6
1,test_ba_50_07,ba,50,pool_random,192,best_r,0.08559103285189651,0.02206666666666667,0.2687333333333333,0.24666666666666667,6
1,test_er_100_00,er,100,pool_random,192,best_r,0.031893101426562674,0.010520833333333349,0.33493749999999994,0.32441666666666663,6
1,test_er_100_01,er,100,pool_random,192,best_r,0.032089526558825486,0.010912499999999983,0.3453958333333333,0.3344833333333333,6
1,test_er_100_02,er,100,pool_random,192,best_r,0.03549520359876845,0.011591666666666667,0.33210833333333334,0.32051666666666667,6
1,test_er_100_03,er,100,pool_random,192,best_r,0.032391052211712706,0.01041250000000001,0.3268125,0.3164,6
1,test_er_100_04,er,100,pool_random,192,best_r,0.03111717262664511,0.009983333333333335,0.32558333333333334,0.31559999999999994,6
1,test_er_100_05,er,100,pool_random,192,best_r,0.03549382984569067,0.011437499999999998,0.32774583333333335,0.31630833333333336,6
1,test_er_100_06,er,100,pool_random,192,best_r,0.04077483221882013,0.01330833333333332,0.333075,0.3197666666666667,6
1,test_er_100_07,er,100,pool_random,192,best_r,0.028102131325417154,0.009054166666666669,0.32640416666666666,0.31735,6
1,test_er_50_00,er,50,pool_random,192,best_r,0.04663952976774308,0.015533333333333324,0.3405333333333333,0.32500000000000007,6
1,test_er_50_01,er,50,pool_random,192,best_r,0.0385169147756772,0.01335000000000001,0.3530166666666667,0.33966666666666673,6
1,test_er_50_02,er,50,pool_random,192,best_r,0.05547565505100736,0.018566666666666676,0.34369999999999995,0.32513333333333333,6
1,test_er_50_03,er,50,pool_random,192,best_r,0.031400983591171015,0.01065000000000002,0.3444833333333333,0.33383333333333337,6
1,test_er_50_04,er,50,pool_random,192,best_r,0.026498751805241874,0.009316666666666659,0.3567166666666666,0.3474000000000001,6
1,test_er_50_05,er,50,pool_random,192,best_r,0.029142897825944567,0.009750000000000009,0.33958333333333335,0.32983333333333337,6
1,test_er_50_06,er,50,pool_random,192,best_r,0.04668820628082878,0.015099999999999994,0.3301,0.31499999999999995,6
1,test_er_50_07,er,50,pool_random,192,best_r,0.03939974822311422,0.013466666666666674,0.34850000000000003,0.33503333333333335,6
0,test_ba_100_00,ba,100,hillclimb,192,best_r,0.027307929238480595,0.007154166666666693,0.2651791666666667,0.25802499999999995,6
0,test_ba_100_01,ba,100,hillclimb,192,best_r,0.009375171303838635,0.002491666666666651,0.269175,0.26668333333333333,6
0,test_ba_100_02,ba,100,hillclimb,192,best_r,0.03115454762570308,0.007479166666666676,0.2430041666666667,0.23552499999999998,6
0,test_ba_100_03,ba,100,hillclimb,192,best_r,0.010058658970342345,0.0024375,0.2455291666666667,0.24309166666666668,6
0,test_ba_100_04,ba,100,hillclimb,192,best_r,0.0015013311181358909,0.000370833333333348,0.24991249999999998,0.24954166666666666,6
0,test_ba_100_05,ba,100,hillclimb,192,best_r,0.02086424730130527,0.005266666666666656,0.25437499999999996,0.24910833333333335,6
0,test_ba_100_06,ba,100,hillclimb,192,best_r,0.034134312874115155,0.008733333333333324,0.2598916666666667,0.2511583333333333,6
0,test_ba_100_07,ba,100,hillclimb,192,best_r,0.03097450001740579,0.006879166666666668,0.22465416666666668,0.21777499999999997,6
0,test_ba_50_00,ba,50,hillclimb,192,best_r,0.06534331738039476,0.016666666666666653,0.2627,0.24603333333333333,6
0,test_ba_50_01,ba,50,hillclimb,192,best_r,0.054874374957498466,0.015399999999999988,0.2885333333333333,0.27313333333333334,6
0,test_ba_50_02,ba,50,hillclimb,192,best_r,0.014756745400754253,0.004216666666666665,0.28635,0.2821333333333333,6
0,test_ba_50_03,ba,50,hillclimb,192,best_r,0.043107502090081816,0.011716666666666653,0.27704999999999996,0.26533333333333337,6
0,test_ba_50_04,ba,50,hillclimb,192,best_r,0.04685888104350419,0.012116666666666656,0.26761666666666667,0.2555,6
0,test_ba_50_05,ba,50,hillclimb,192,best_r,0.01821359669735213,0.005299999999999981,0.2941666666666667,0.28886666666666666,6
0,test_ba_50_06,ba,50,hillclimb,192,best_r,0.04749756921103052,0.01313333333333335,0.28373333333333334,0.2706,6
0,test_ba_50_07,ba,50,hillclimb,192,best_r,0.05052099008352351,0.01348333333333332,0.27371666666666666,0.2602333333333333,6
0,test_er_100_00,er,100,hillclimb,192,best_r,0.013768820012974484,0.00442916666666666,0.32590416666666666,0.321475,6
0,test_er_100_01,er,100,hillclimb,192,best_r,0.009711426270646839,0.003195833333333361,0.33061250000000003,0.3274166666666667,6
0,test_er_100_02,er,100,hillclimb,192,best_r,0.01655842584801735,0.005404166666666664,0.3288125,0.32340833333333335,6
0,test_er_100_03,er,100,hillclimb,192,best_r,0.01574260793017108,0.004979166666666673,0.32124583333333334,0.31626666666666664,6
0,test_er_100_04,er,100,hillclimb,192,best_r,0.016696910272526858,0.005416666666666681,0.32792499999999997,0.32250833333333334,6
0,test_er_100_05,er,100,hillclimb,192,best_r,0.015391948802035822,0.004987500000000015,0.32659583333333336,0.32160833333333333,6
0,test_er_100_06,er,100,hillclimb,192,best_r,0.0207054589371639,0.0068416666666666626,0.33375,0.32690833333333336,6
0,test_er_100_07,er,100,hillclimb,192,best_r,0.009105467793166356,0.0030583333333333387,0.3382583333333333,0.3352,6
0,test_er_50_00,er,50,hillclimb,192,best_r,0.012558893245990502,0.004366666666666685,0.34946666666666665,0.34509999999999996,6
0,test_er_50_01,er,50,hillclimb,192,best_r,0.013840372251693765,0.004783333333333316,0.34785,0.3430666666666667,6
0,test_er_50_02,er,50,hillclimb,192,best_r,-0.0012439167384564228,-0.0004333333333333411,0.35203333333333336,0.35246666666666665,6
0,test_er_50_03,er,50,hillclimb,192,best_r,0.004890567466088414,0.0016833333333333238,0.34318333333333334,0.34149999999999997,6
0,test_er_50_04,er,50,hillclimb,192,best_r,0.01848502360132404,0.006216666666666666,0.3407166666666667,0.3345,6
0,test_er_50_05,er,50,hillclimb,192,best_r,0.005962131972989771,0.0021166666666666647,0.35638333333333333,0.35426666666666673,6
0,test_er_50_06,er,50,hillclimb,192,best_r,0.020882297715475746,0.007066666666666675,0.34273333333333333,0.3356666666666667,6
0,test_er_50_07,er,50,hillclimb,192,best_r,0.013984630210360704,0.0047166666666666746,0.33938333333333337,0.33466666666666667,6
1,test_ba_100_00,ba,100,hillclimb,192,best_r,0.032905111340376866,0.008712499999999984,0.2708375,0.262125,6
1,test_ba_100_01,ba,100,hillclimb,192,best_r,0.005769699819260991,0.0014249999999999957,0.24788333333333332,0.24645833333333333,6
1,test_ba_100_02,ba,100,hillclimb,192,best_r,0.02433916943556083,0.00635416666666667,0.2637541666666667,0.2574,6
1,test_ba_100_03,ba,100,hillclimb,192,best_r,0.029095516251987325,0.007633333333333316,0.26580833333333337,0.258175,6
1,test_ba_100_04,ba,100,hillclimb,192,best_r,0.025082997774267545,0.006212499999999982,0.25175416666666667,0.24554166666666666,6
1,test_ba_100_05,ba,100,hillclimb,192,best_r,0.022028491200765065,0.005383333333333333,0.24770833333333334,0.242325,6
1,test_ba_100_06,ba,100,hillclimb,192,best_r,0.006755443908467753,0.001812500000000004,0.26844583333333333,0.26663333333333333,6
1,test_ba_100_07,ba,100,hillclimb,192,best_r,0.03236169225650651,0.008887500000000001,0.27919583333333337,0.2703083333333333,6
1,test_ba_50_00,ba,50,hillclimb,192,best_r,0.01752030917832047,0.0046666666666666705,0.2671666666666667,0.2625,6
1,test_ba_50_01,ba,50,hillclimb,192,best_r,0.0056271030163504545,0.0016833333333333516,0.3032166666666667,0.30153333333333326,6
1,test_ba_50_02,ba,50,hillclimb,192,best_r,0.0696684603381404,0.0188,0.27913333333333334,0.2603333333333333,6
1,test_ba_50_03,ba,50,hillclimb,192,best_r,0.027200196374475318,0.007700000000000003,0.28696666666666665,0.27926666666666666,6
1,test_ba_50_04,ba,50,hillclimb,192,best_r,0.03301752941925452,0.008449999999999994,0.2598833333333333,0.25143333333333334,6
1,test_ba_50_05,ba,50,hillclimb,192,best_r,0.020957959801772827,0.005966666666666694,0.28683333333333333,0.28086666666666665,6
1,test_ba_50_06,ba,50,hillclimb,192,best_r,0.02475993163581471,0.007733333333333342,0.3159,0.30816666666666664,6
1,test_ba_50_07,ba,50,hillclimb,192,best_r,0.03859507062278109,0.010133333333333336,0.2687333333333333,0.2586,6
1,test_er_100_00,er,100,hillclimb,192,best_r,0.012429303533175111,0.00414583333333333,0.33493749999999994,0.33079166666666665,6
1,test_er_100_01,er,100,hillclimb,192,best_r,0.013238981209540507,0.004545833333333332,0.3453958333333333,0.34085000000000004,6
1,test_er_100_02,er,100,hillclimb,192,best_r,0.02314361854541205,0.007599999999999996,0.33210833333333334,0.32450833333333334,6
1,test_er_100_03,er,100,hillclimb,192,best_r,-0.009636913114401586,-0.0031625000000000125,0.3268125,0.329975,6
1,test_er_100_04,er,100,hillclimb,192,best_r,0.0025757638879434774,0.0008333333333333618,0.32558333333333334,0.3247499999999999,6
1,test_er_100_05,er,100,hillclimb,192,best_r,0.01205100897348779,0.003929166666666678,0.32774583333333335,0.32381666666666664,6
1,test_er_100_06,er,100,hillclimb,192,best_r,0.009188622636167125,0.0030333333333333414,0.333075,0.3300416666666666,6
1,test_er_100_07,er,100,hillclimb,192,best_r,0.011569591883585707,0.003762500000000011,0.32640416666666666,0.32264166666666666,6
1,test_er_50_00,er,50,hillclimb,192,best_r,0.0165407048667903,0.005599999999999994,0.3405333333333333,0.33493333333333336,6
1,test_er_50_01,er,50,hillclimb,192,best_r,0.003533949539744393,0.0012500000000000289,0.3530166666666667,0.3517666666666666,6
1,test_er_50_02,er,50,hillclimb,192,best_r,0.03375128556231057,0.011400000000000002,0.34369999999999995,0.3323,6
1,test_er_50_03,er,50,hillclimb,192,best_r,0.013476844061371935,0.004616666666666667,0.3444833333333333,0.3398666666666667,6
1,test_er_50_04,er,50,hillclimb,192,best_r,0.011054926367067716,0.003916666666666661,0.3567166666666666,0.35280000000000006,6
1,test_er_50_05,er,50,hillclimb,192,best_r,0.01899637172218836,0.006383333333333324,0.33958333333333335,0.3332,6
1,test_er_50_06,er,50,hillclimb,192,best_r,0.019145275735164956,0.006299999999999982,0.3301,0.32380000000000003,6
1,test_er_50_07,er,50,hillclimb,192,best_r,0.008538533189996625,0.002966666666666664,0.34850000000000003,0.3455333333333333,6
0,test_ba_100_00,ba,100,random,192,best_r,0.09046146770808389,0.02294583333333335,0.2651791666666667,0.24223333333333333,6
0,test_ba_100_01,ba,100,random,192,best_r,0.0813973464858076,0.021049999999999985,0.269175,0.248125,6
0,test_ba_100_02,ba,100,random,192,best_r,0.12111030181553623,0.02773750000000001,0.2430041666666667,0.21526666666666663,6
0,test_ba_100_03,ba,100,random,192,best_r,0.09595254877342989,0.02240416666666667,0.2455291666666667,0.223125,6
0,test_ba_100_04,ba,100,random,192,best_r,0.09821576304370845,0.023387500000000016,0.24991249999999998,0.22652499999999998,6
0,test_ba_100_05,ba,100,random,192,best_r,0.11121339577560081,0.02678333333333333,0.25437499999999996,0.22759166666666666,6
0,test_ba_100_06,ba,100,random,192,best_r,0.10618952409949195,0.02620000000000001,0.2598916666666667,0.23369166666666663,6
0,test_ba_100_07,ba,100,random,192,best_r,0.14428599126100136,0.030212499999999993,0.22465416666666668,0.19444166666666665,6
0,test_ba_50_00,ba,50,random,192,best_r,0.1296797932721456,0.03196666666666665,0.2627,0.23073333333333335,6
0,test_ba_50_01,ba,50,random,192,best_r,0.1107626295124891,0.030266666666666664,0.2885333333333333,0.2582666666666667,6
0,test_ba_50_02,ba,50,random,192,best_r,0.0959941150002039,0.02618333333333332,0.28635,0.26016666666666666,6
0,test_ba_50_03,ba,50,random,192,best_r,0.12824929301389562,0.03338333333333333,0.27704999999999996,0.2436666666666667,6
0,test_ba_50_04,ba,50,random,192,best_r,0.13542117317324606,0.03384999999999999,0.26761666666666667,0.23376666666666668,6
0,test_ba_50_05,ba,50,random,192,best_r,0.09172071148021382,0.02576666666666665,0.2941666666666667,0.2684,6
0,test_ba_50_06,ba,50,random,192,best_r,0.12396008452014412,0.03310000000000001,0.28373333333333334,0.2506333333333333,6
0,test_ba_50_07,ba,50,random,192,best_r,0.1052327856165385,0.027349999999999985,0.27371666666666666,0.2463666666666667,6
0,test_er_100_00,er,100,random,192,best_r,0.05299728219358899,0.01682083333333333,0.32590416666666666,0.3090833333333333,6
0,test_er_100_01,er,100,random,192,best_r,0.04430265172473876,0.01432916666666667,0.33061250000000003,0.3162833333333333,6
0,test_er_100_02,er,100,random,192,best_r,0.05220169637800812,0.016729166666666656,0.3288125,0.3120833333333333,6
0,test_er_100_03,er,100,random,192,best_r,0.061907719453661685,0.019304166666666667,0.32124583333333334,0.3019416666666666,6
0,test_er_100_04,er,100,random,192,best_r,0.052252276176983005,0.016699999999999993,0.32792499999999997,0.31122500000000003,6
0,test_er_100_05,er,100,random,192,best_r,0.047776799047869384,0.015237499999999978,0.32659583333333336,0.31135833333333335,6
0,test_er_100_06,er,100,random,192,best_r,0.05603841255598114,0.018200000000000004,0.33375,0.31555,6
0,test_er_100_07,er,100,random,192,best_r,0.043393620567480216,0.014366666666666666,0.3382583333333333,0.3238916666666667,6
0,test_er_50_00,er,50,random,192,best_r,0.05149630921260517,0.017533333333333345,0.34946666666666665,0.33193333333333336,6
0,test_er_50_01,er,50,random,192,best_r,0.04956349594721262,0.016816666666666657,0.34785,0.33103333333333335,6
0,test_er_50_02,er,50,random,192,best_r,0.053976930367930546,0.01849999999999998,0.35203333333333336,0.3335333333333333,6
0,test_er_50_03,er,50,random,192,best_r,0.05226190997589015,0.017483333333333323,0.34318333333333334,0.32570000000000005,6
0,test_er_50_04,er,50,random,192,best_r,0.053474473474652985,0.017750000000000005,0.3407166666666667,0.3229666666666667,6
0,test_er_50_05,er,50,random,192,best_r,0.0502742727577633,0.017483333333333323,0.35638333333333333,0.33890000000000003,6
0,test_er_50_06,er,50,random,192,best_r,0.056480127771434414,0.01883333333333334,0.34273333333333333,0.3239,6
0,test_er_50_07,er,50,random,192,best_r,0.05484996816089623,0.01808333333333333,0.33938333333333337,0.3213,6
1,test_ba_100_00,ba,100,random,192,best_r,0.09773603105739176,0.02522083333333333,0.2708375,0.24561666666666668,6
1,test_ba_100_01,ba,100,random,192,best_r,0.10158976977834555,0.023950000000000003,0.24788333333333332,0.22393333333333332,6
1,test_ba_100_02,ba,100,random,192,best_r,0.09132178392600644,0.02302083333333334,0.2637541666666667,0.24073333333333333,6
1,test_ba_100_03,ba,100,random,192,best_r,0.09008472540292961,0.022908333333333326,0.26580833333333337,0.24289999999999998,6
1,test_ba_100_04,ba,100,random,192,best_r,0.09733769748449539,0.02336249999999999,0.25175416666666667,0.22839166666666666,6
1,test_ba_100_05,ba,100,random,192,best_r,0.11732311774949933,0.027433333333333337,0.24770833333333334,0.220275,6
1,test_ba_100_06,ba,100,random,192,best_r,0.0752568016423938,0.019445833333333346,0.26844583333333333,0.24899999999999997,6
1,test_ba_100_07,ba,100,random,192,best_r,0.10492243100455508,0.027812500000000007,0.27919583333333337,0.25138333333333335,6
1,test_ba_50_00,ba,50,random,192,best_r,0.11323631375734379,0.028599999999999997,0.2671666666666667,0.23856666666666668,6
1,test_ba_50_01,ba,50,random,192,best_r,0.1050322805665138,0.03021666666666667,0.3032166666666667,0.27299999999999996,6
1,test_ba_50_02,ba,50,random,192,best_r,0.13219200597216704,0.03459999999999999,0.27913333333333334,0.24453333333333335,6
1,test_ba_50_03,ba,50,random,192,best_r,0.12384170631668345,0.033400000000000006,0.28696666666666665,0.25356666666666666,6
1,test_ba_50_04,ba,50,random,192,best_r,0.11487122889733864,0.028216666666666657,0.2598833333333333,0.2316666666666667,6
1,test_ba_50_05,ba,50,random,192,best_r,0.11149640531853548,0.03030000000000001,0.28683333333333333,0.25653333333333334,6
1,test_ba_50_06,ba,50,random,192,best_r,0.07042929392646012,0.02146666666666666,0.3159,0.2944333333333333,6
1,test_ba_50_07,ba,50,random,192,best_r,0.11073348282706841,0.028200000000000003,0.2687333333333333,0.2405333333333333,6
1,test_er_100_00,er,100,random,192,best_r,0.04206718380069064,0.013804166666666673,0.33493749999999994,0.3211333333333333,6
1,test_er_100_01,er,100,random,192,best_r,0.04231397850113547,0.014312499999999978,0.3453958333333333,0.33108333333333334,6
1,test_er_100_02,er,100,random,192,best_r,0.05279999219251338,0.01709166666666667,0.33210833333333334,0.31501666666666667,6
1,test_er_100_03,er,100,random,192,best_r,0.04738302540716493,0.015129166666666674,0.3268125,0.31168333333333337,6
1,test_er_100_04,er,100,random,192,best_r,0.04792665021151841,0.015250000000000014,0.32558333333333334,0.31033333333333335,6
1,test_er_100_05,er,100,random,192,best_r,0.039499490203390296,0.012704166666666674,0.32774583333333335,0.31504166666666666,6
1,test_er_100_06,er,100,random,192,best_r,0.0489943913021148,0.015916666666666662,0.333075,0.3171583333333334,6
1,test_er_100_07,er,100,random,192,best_r,0.04634080081797013,0.014762500000000003,0.32640416666666666,0.31164166666666665,6
1,test_er_50_00,er,50,random,192,best_r,0.06022425081555582,0.01993333333333334,0.3405333333333333,0.32060000000000005,6
1,test_er_50_01,er,50,random,192,best_r,0.05116351031979147,0.01761666666666667,0.3530166666666667,0.3354,6
1,test_er_50_02,er,50,random,192,best_r,0.07520900781499192,0.024899999999999995,0.34369999999999995,0.31880000000000003,6
1,test_er_50_03,er,50,random,192,best_r,0.054204787973367606,0.01818333333333334,0.3444833333333333,0.3263,6
1,test_er_50_04,er,50,random,192,best_r,0.03961949413246102,0.013849999999999993,0.3567166666666666,0.34286666666666665,6
1,test_er_50_05,er,50,random,192,best_r,0.06807345955431296,0.02235000000000001,0.33958333333333335,0.3172333333333333,6
1,test_er_50_06,er,50,random,192,best_r,0.07307676117238664,0.023299999999999977,0.3301,0.3068,6
1,test_er_50_07,er,50,random,192,best_r,0.058064618466975686,0.019633333333333346,0.34850000000000003,0.32886666666666664,6
0,test_ba_100_00,ba,100,selected_regression,192,fresh_r,0.006458607843838192,0.0016437500000000087,0.2605645833333334,0.2589208333333333,6
0,test_ba_100_01,ba,100,selected_regression,192,fresh_r,0.008214444734072048,0.0021260416666666706,0.26396770833333333,0.26184166666666664,6
0,test_ba_100_02,ba,100,selected_regression,192,fresh_r,0.015574772109636523,0.0036802083333333374,0.23801979166666667,0.23433958333333335,6
0,test_ba_100_03,ba,100,selected_regression,192,fresh_r,0.022823232663992558,0.005449999999999992,0.24024947916666664,0.23479947916666666,6
0,test_ba_100_04,ba,100,selected_regression,192,fresh_r,0.03247964267035861,0.007852604166666666,0.24558645833333329,0.2377338541666667,6
0,test_ba_100_05,ba,100,selected_regression,192,fresh_r,0.01090549858230086,0.0026802083333333274,0.25031875,0.24763854166666666,6
0,test_ba_100_06,ba,100,selected_regression,192,fresh_r,0.004559711855299452,0.0011734374999999898,0.25483854166666664,0.25366510416666666,6
0,test_ba_100_07,ba,100,selected_regression,192,fresh_r,0.039010310809416325,0.00845624999999999,0.22154166666666664,0.21308541666666667,6
0,test_ba_50_00,ba,50,selected_regression,192,fresh_r,0.014862802925098083,0.0037916666666666654,0.2571458333333333,0.2533541666666667,6
0,test_ba_50_01,ba,50,selected_regression,192,fresh_r,0.013560382091889112,0.0038395833333333407,0.28334375,0.27950416666666666,6
0,test_ba_50_02,ba,50,selected_regression,192,fresh_r,0.018350556107361016,0.005104166666666669,0.2785479166666667,0.27344375,6
0,test_ba_50_03,ba,50,selected_regression,192,fresh_r,0.0410769681424824,0.01088125,0.2702375,0.25935625,6
0,test_ba_50_04,ba,50,selected_regression,192,fresh_r,0.016062104608708824,0.00411458333333332,0.2608625,0.2567479166666667,6
0,test_ba_50_05,ba,50,selected_regression,192,fresh_r,0.032024016309985255,0.009045833333333309,0.28875625,0.2797104166666667,6
0,test_ba_50_06,ba,50,selected_regression,192,fresh_r,0.02556316122265286,0.007010416666666676,0.2787291666666667,0.27171874999999995,6
0,test_ba_50_07,ba,50,selected_regression,192,fresh_r,0.0021326873171182404,0.0005999999999999986,0.2661833333333334,0.26558333333333334,6
0,test_er_100_00,er,100,selected_regression,192,fresh_r,0.010160292577333106,0.0032260416666666605,0.3195666666666666,0.316340625,6
0,test_er_100_01,er,100,selected_regression,192,fresh_r,0.001585147806932639,0.0005161458333333147,0.32350677083333335,0.32299062500000003,6
0,test_er_100_02,er,100,selected_regression,192,fresh_r,0.002581223637997277,0.0008296875,0.32119427083333335,0.32036458333333334,6
0,test_er_100_03,er,100,selected_regression,192,fresh_r,0.003120603086054967,0.0009927083333333513,0.3163020833333334,0.315309375,6
0,test_er_100_04,er,100,selected_regression,192,fresh_r,0.0026143545703121427,0.0008338541666666754,0.32131770833333334,0.32048385416666664,6
0,test_er_100_05,er,100,selected_regression,192,fresh_r,0.008446562815966823,0.0026953125000000002,0.3205390625,0.31784375000000004,6
0,test_er_100_06,er,100,selected_regression,192,fresh_r,0.0016329930102001813,0.0005499999999999949,0.325140625,0.324590625,6
0,test_er_100_07,er,100,selected_regression,192,fresh_r,0.007739745525254013,0.0025348958333333373,0.3296890625,0.3271541666666667,6
0,test_er_50_00,er,50,selected_regression,192,fresh_r,-0.009326101589349321,-0.0031666666666666696,0.33949999999999997,0.3426666666666667,6
0,test_er_50_01,er,50,selected_regression,192,fresh_r,0.002384694912743021,0.0008041666666666522,0.33832291666666664,0.3375187499999999,6
0,test_er_50_02,er,50,selected_regression,192,fresh_r,-0.005621921536222839,-0.0019374999999999993,0.34296041666666666,0.34489791666666664,6
0,test_er_50_03,er,50,selected_regression,192,fresh_r,0.0033208459821932267,0.0011104166666666786,0.33424583333333335,0.33313541666666663,6
0,test_er_50_04,er,50,selected_regression,192,fresh_r,-0.0025801649972541705,-0.0008645833333333353,0.33186041666666666,0.332725,6
0,test_er_50_05,er,50,selected_regression,192,fresh_r,0.009554028289172322,0.003291666666666656,0.3473041666666667,0.3440125,6
0,test_er_50_06,er,50,selected_regression,192,fresh_r,0.009652524556899935,0.003193749999999995,0.33583125,0.3326375,6
0,test_er_50_07,er,50,selected_regression,192,fresh_r,-0.010238580876058551,-0.003400000000000005,0.33087916666666667,0.3342791666666667,6
1,test_ba_100_00,ba,100,selected_regression,192,fresh_r,0.02977095620816966,0.0078124999999999905,0.26758020833333335,0.25976770833333335,6
1,test_ba_100_01,ba,100,selected_regression,192,fresh_r,0.02220298990605409,0.005355208333333333,0.24375833333333333,0.23840312500000002,6
1,test_ba_100_02,ba,100,selected_regression,192,fresh_r,0.009177000129864799,0.0023421875000000044,0.25779531250000004,0.255453125,6
1,test_ba_100_03,ba,100,selected_regression,192,fresh_r,0.020250209697255137,0.0051984375,0.26094375,0.25574531250000004,6
1,test_ba_100_04,ba,100,selected_regression,192,fresh_r,0.04052704237597668,0.009929687500000001,0.2497859375,0.23985625,6
1,test_ba_100_05,ba,100,selected_regression,192,fresh_r,0.02866670454120622,0.006878645833333336,0.24581770833333336,0.2389390625,6
1,test_ba_100_06,ba,100,selected_regression,192,fresh_r,0.002308010688107296,0.0006036458333333236,0.26406666666666667,0.26346302083333334,6
1,test_ba_100_07,ba,100,selected_regression,192,fresh_r,0.023346037296315708,0.006333333333333348,0.27429322916666665,0.2679598958333333,6
1,test_ba_50_00,ba,50,selected_regression,192,fresh_r,-0.00016585697342800902,-0.00015000000000001124,0.26282916666666667,0.26297916666666665,6
1,test_ba_50_01,ba,50,selected_regression,192,fresh_r,0.008959239570027606,0.0026937499999999857,0.29760625,0.29491249999999997,6
1,test_ba_50_02,ba,50,selected_regression,192,fresh_r,0.0158418910005836,0.004216666666666656,0.27198541666666665,0.26776875000000006,6
1,test_ba_50_03,ba,50,selected_regression,192,fresh_r,0.030462480806150678,0.008502083333333318,0.2843166666666667,0.27581458333333336,6
1,test_ba_50_04,ba,50,selected_regression,192,fresh_r,0.02179031820157624,0.005497916666666658,0.2543666666666667,0.24886874999999997,6
1,test_ba_50_05,ba,50,selected_regression,192,fresh_r,0.018872188481646315,0.00526666666666666,0.2814166666666667,0.27615,6
1,test_ba_50_06,ba,50,selected_regression,192,fresh_r,-0.0021037991467841824,-0.0006541666666666687,0.30886875,0.30952291666666665,6
1,test_ba_50_07,ba,50,selected_regression,192,fresh_r,0.007052869326898804,0.0018666666666666831,0.2635854166666667,0.26171875,6
1,test_er_100_00,er,100,selected_regression,192,fresh_r,0.005217457358452614,0.0017291666666666705,0.32994427083333333,0.32821510416666666,6
1,test_er_100_01,er,100,selected_regression,192,fresh_r,0.0030049098015513323,0.0010197916666666584,0.3373880208333333,0.3363682291666667,6
1,test_er_100_02,er,100,selected_regression,192,fresh_r,0.004401302491741285,0.001441666666666656,0.3260078125,0.3245661458333334,6
1,test_er_100_03,er,100,selected_regression,192,fresh_r,-0.011042917649264405,-0.0035515625000000126,0.3200864583333333,0.3236380208333333,6
1,test_er_100_04,er,100,selected_regression,192,fresh_r,-5.5942348379649795e-05,-8.333333333341667e-06,0.31900208333333335,0.3190104166666667,6
1,test_er_100_05,er,100,selected_regression,192,fresh_r,-0.006419818248035399,-0.0020880208333333428,0.32202083333333337,0.3241088541666667,6
1,test_er_100_06,er,100,selected_regression,192,fresh_r,-0.0006938365734975972,-0.00023333333333334463,0.32537760416666667,0.32561093750000003,6
1,test_er_100_07,er,100,selected_regression,192,fresh_r,0.005968192216284646,0.001909374999999991,0.31983645833333335,0.31792708333333336,6
1,test_er_50_00,er,50,selected_regression,192,fresh_r,-0.010489059185113331,-0.003518750000000006,0.33073541666666667,0.3342541666666667,6
1,test_er_50_01,er,50,selected_regression,192,fresh_r,0.0018485400762780404,0.0006187500000000105,0.34336875,0.34274999999999994,6
1,test_er_50_02,er,50,selected_regression,192,fresh_r,0.004256219454084183,0.0014374999999999898,0.3365,0.33506250000000004,6
1,test_er_50_03,er,50,selected_regression,192,fresh_r,0.005494614885271476,0.0017791666666666557,0.3356333333333333,0.33385416666666673,6
1,test_er_50_04,er,50,selected_regression,192,fresh_r,-0.0025122550809274793,-0.0008750000000000054,0.34837291666666664,0.3492479166666667,6
1,test_er_50_05,er,50,selected_regression,192,fresh_r,0.007707799647826888,0.002518750000000014,0.3311604166666667,0.32864166666666667,6
1,test_er_50_06,er,50,selected_regression,192,fresh_r,-0.0017457408005135963,-0.000547916666666648,0.3242375,0.32478541666666666,6
1,test_er_50_07,er,50,selected_regression,192,fresh_r,0.004630678595761756,0.0015416666666666634,0.33916458333333327,0.33762291666666666,6
0,test_ba_100_00,ba,100,mse,192,fresh_r,0.006458607843838192,0.0016437500000000087,0.2605645833333334,0.2589208333333333,6
0,test_ba_100_01,ba,100,mse,192,fresh_r,0.008214444734072048,0.0021260416666666706,0.26396770833333333,0.26184166666666664,6
0,test_ba_100_02,ba,100,mse,192,fresh_r,0.015574772109636523,0.0036802083333333374,0.23801979166666667,0.23433958333333335,6
0,test_ba_100_03,ba,100,mse,192,fresh_r,0.022823232663992558,0.005449999999999992,0.24024947916666664,0.23479947916666666,6
0,test_ba_100_04,ba,100,mse,192,fresh_r,0.03247964267035861,0.007852604166666666,0.24558645833333329,0.2377338541666667,6
0,test_ba_100_05,ba,100,mse,192,fresh_r,0.01090549858230086,0.0026802083333333274,0.25031875,0.24763854166666666,6
0,test_ba_100_06,ba,100,mse,192,fresh_r,0.004559711855299452,0.0011734374999999898,0.25483854166666664,0.25366510416666666,6
0,test_ba_100_07,ba,100,mse,192,fresh_r,0.039010310809416325,0.00845624999999999,0.22154166666666664,0.21308541666666667,6
0,test_ba_50_00,ba,50,mse,192,fresh_r,0.014862802925098083,0.0037916666666666654,0.2571458333333333,0.2533541666666667,6
0,test_ba_50_01,ba,50,mse,192,fresh_r,0.013560382091889112,0.0038395833333333407,0.28334375,0.27950416666666666,6
0,test_ba_50_02,ba,50,mse,192,fresh_r,0.018350556107361016,0.005104166666666669,0.2785479166666667,0.27344375,6
0,test_ba_50_03,ba,50,mse,192,fresh_r,0.0410769681424824,0.01088125,0.2702375,0.25935625,6
0,test_ba_50_04,ba,50,mse,192,fresh_r,0.016062104608708824,0.00411458333333332,0.2608625,0.2567479166666667,6
0,test_ba_50_05,ba,50,mse,192,fresh_r,0.032024016309985255,0.009045833333333309,0.28875625,0.2797104166666667,6
0,test_ba_50_06,ba,50,mse,192,fresh_r,0.02556316122265286,0.007010416666666676,0.2787291666666667,0.27171874999999995,6
0,test_ba_50_07,ba,50,mse,192,fresh_r,0.0021326873171182404,0.0005999999999999986,0.2661833333333334,0.26558333333333334,6
0,test_er_100_00,er,100,mse,192,fresh_r,0.010160292577333106,0.0032260416666666605,0.3195666666666666,0.316340625,6
0,test_er_100_01,er,100,mse,192,fresh_r,0.001585147806932639,0.0005161458333333147,0.32350677083333335,0.32299062500000003,6
0,test_er_100_02,er,100,mse,192,fresh_r,0.002581223637997277,0.0008296875,0.32119427083333335,0.32036458333333334,6
0,test_er_100_03,er,100,mse,192,fresh_r,0.003120603086054967,0.0009927083333333513,0.3163020833333334,0.315309375,6
0,test_er_100_04,er,100,mse,192,fresh_r,0.0026143545703121427,0.0008338541666666754,0.32131770833333334,0.32048385416666664,6
0,test_er_100_05,er,100,mse,192,fresh_r,0.008446562815966823,0.0026953125000000002,0.3205390625,0.31784375000000004,6
0,test_er_100_06,er,100,mse,192,fresh_r,0.0016329930102001813,0.0005499999999999949,0.325140625,0.324590625,6
0,test_er_100_07,er,100,mse,192,fresh_r,0.007739745525254013,0.0025348958333333373,0.3296890625,0.3271541666666667,6
0,test_er_50_00,er,50,mse,192,fresh_r,-0.009326101589349321,-0.0031666666666666696,0.33949999999999997,0.3426666666666667,6
0,test_er_50_01,er,50,mse,192,fresh_r,0.002384694912743021,0.0008041666666666522,0.33832291666666664,0.3375187499999999,6
0,test_er_50_02,er,50,mse,192,fresh_r,-0.005621921536222839,-0.0019374999999999993,0.34296041666666666,0.34489791666666664,6
0,test_er_50_03,er,50,mse,192,fresh_r,0.0033208459821932267,0.0011104166666666786,0.33424583333333335,0.33313541666666663,6
0,test_er_50_04,er,50,mse,192,fresh_r,-0.0025801649972541705,-0.0008645833333333353,0.33186041666666666,0.332725,6
0,test_er_50_05,er,50,mse,192,fresh_r,0.009554028289172322,0.003291666666666656,0.3473041666666667,0.3440125,6
0,test_er_50_06,er,50,mse,192,fresh_r,0.009652524556899935,0.003193749999999995,0.33583125,0.3326375,6
0,test_er_50_07,er,50,mse,192,fresh_r,-0.010238580876058551,-0.003400000000000005,0.33087916666666667,0.3342791666666667,6
1,test_ba_100_00,ba,100,mse,192,fresh_r,0.041722042324374396,0.010874479166666659,0.26758020833333335,0.2567057291666667,6
1,test_ba_100_01,ba,100,mse,192,fresh_r,0.026674417767668202,0.006408854166666672,0.24375833333333333,0.23734947916666668,6
1,test_ba_100_02,ba,100,mse,192,fresh_r,0.020678231172375622,0.005257291666666664,0.25779531250000004,0.2525380208333334,6
1,test_ba_100_03,ba,100,mse,192,fresh_r,0.012655365766954292,0.003232812500000006,0.26094375,0.25771093749999996,6
1,test_ba_100_04,ba,100,mse,192,fresh_r,0.04078100431586231,0.009966145833333334,0.2497859375,0.23981979166666667,6
1,test_ba_100_05,ba,100,mse,192,fresh_r,0.0285092268197822,0.006875000000000002,0.24581770833333336,0.2389427083333333,6
1,test_ba_100_06,ba,100,mse,192,fresh_r,0.010965006436107665,0.002871875000000005,0.26406666666666667,0.26119479166666665,6
1,test_ba_100_07,ba,100,mse,192,fresh_r,0.018066141076587244,0.004906770833333333,0.27429322916666665,0.26938645833333336,6
1,test_ba_50_00,ba,50,mse,192,fresh_r,0.011488056351890022,0.0029166666666666646,0.26282916666666667,0.25991250000000005,6
1,test_ba_50_01,ba,50,mse,192,fresh_r,0.02983580829441677,0.008758333333333332,0.29760625,0.2888479166666667,6
1,test_ba_50_02,ba,50,mse,192,fresh_r,0.033898113176352065,0.009024999999999997,0.27198541666666665,0.26296041666666664,6
1,test_ba_50_03,ba,50,mse,192,fresh_r,0.048186211304285076,0.013343749999999988,0.2843166666666667,0.2709729166666667,6
1,test_ba_50_04,ba,50,mse,192,fresh_r,0.017362343431022,0.004275000000000001,0.2543666666666667,0.25009166666666666,6
1,test_ba_50_05,ba,50,mse,192,fresh_r,0.01512845889833214,0.004197916666666644,0.2814166666666667,0.27721875,6
1,test_ba_50_06,ba,50,mse,192,fresh_r,0.003990087027456698,0.0012375000000000025,0.30886875,0.30763124999999997,6
1,test_ba_50_07,ba,50,mse,192,fresh_r,0.021606671089805338,0.0056666666666666905,0.2635854166666667,0.25791875,6
1,test_er_100_00,er,100,mse,192,fresh_r,0.012617796672796845,0.004149479166666664,0.32994427083333333,0.32579479166666664,6
1,test_er_100_01,er,100,mse,192,fresh_r,0.0076576246816570945,0.002578124999999996,0.3373880208333333,0.33480989583333337,6
1,test_er_100_02,er,100,mse,192,fresh_r,0.004410647015698758,0.001434895833333329,0.3260078125,0.32457291666666666,6
1,test_er_100_03,er,100,mse,192,fresh_r,-0.006139936844540437,-0.0019734375000000173,0.3200864583333333,0.32205989583333333,6
1,test_er_100_04,er,100,mse,192,fresh_r,0.008245125428238438,0.0026270833333333263,0.31900208333333335,0.316375,6
1,test_er_100_05,er,100,mse,192,fresh_r,8.130111962164309e-05,9.374999999987402e-06,0.32202083333333337,0.3220114583333334,6
1,test_er_100_06,er,100,mse,192,fresh_r,0.0033505071150587277,0.001035937499999991,0.32537760416666667,0.32434166666666664,6
1,test_er_100_07,er,100,mse,192,fresh_r,0.008091178668785238,0.002591666666666668,0.31983645833333335,0.3172447916666667,6
1,test_er_50_00,er,50,mse,192,fresh_r,-0.004389469571564018,-0.0014604166666666585,0.33073541666666667,0.3321958333333333,6
1,test_er_50_01,er,50,mse,192,fresh_r,0.0009704824665419266,0.00032708333333333894,0.34336875,0.3430416666666667,6
1,test_er_50_02,er,50,mse,192,fresh_r,0.0107679410506097,0.003610416666666653,0.3365,0.33288958333333335,6
1,test_er_50_03,er,50,mse,192,fresh_r,-0.002221499207017086,-0.000737500000000002,0.3356333333333333,0.33637083333333334,6
1,test_er_50_04,er,50,mse,192,fresh_r,-0.001978725177537903,-0.0006895833333333453,0.34837291666666664,0.34906250000000005,6
1,test_er_50_05,er,50,mse,192,fresh_r,0.008883480821514314,0.0029000000000000046,0.3311604166666667,0.32826041666666667,6
1,test_er_50_06,er,50,mse,192,fresh_r,0.007091727788673206,0.00231666666666668,0.3242375,0.3219208333333333,6
1,test_er_50_07,er,50,mse,192,fresh_r,0.005884866623626906,0.0019791666666666707,0.33916458333333327,0.3371854166666666,6
0,test_ba_100_00,ba,100,log_mse,192,fresh_r,0.04116324464584803,0.010473958333333333,0.2605645833333334,0.25009062499999996,6
0,test_ba_100_01,ba,100,log_mse,192,fresh_r,0.015984428027907758,0.004164583333333333,0.26396770833333333,0.25980312499999997,6
0,test_ba_100_02,ba,100,log_mse,192,fresh_r,0.028214939955157236,0.006626562500000002,0.23801979166666667,0.2313932291666667,6
0,test_ba_100_03,ba,100,log_mse,192,fresh_r,0.02732031828325582,0.006468229166666663,0.24024947916666664,0.23378125000000002,6
0,test_ba_100_04,ba,100,log_mse,192,fresh_r,0.00911157077990888,0.0022067708333333345,0.24558645833333329,0.24337968749999997,6
0,test_ba_100_05,ba,100,log_mse,192,fresh_r,0.02690842519901838,0.006630208333333332,0.25031875,0.24368854166666667,6
0,test_ba_100_06,ba,100,log_mse,192,fresh_r,0.02173830624242995,0.005484895833333332,0.25483854166666664,0.24935364583333333,6
0,test_ba_100_07,ba,100,log_mse,192,fresh_r,0.034528031531674774,0.007490624999999996,0.22154166666666664,0.2140510416666667,6
0,test_ba_50_00,ba,50,log_mse,192,fresh_r,0.028502961799563423,0.007214583333333334,0.2571458333333333,0.24993124999999997,6
0,test_ba_50_01,ba,50,log_mse,192,fresh_r,0.0056334736837267115,0.0016083333333333412,0.28334375,0.2817354166666666,6
0,test_ba_50_02,ba,50,log_mse,192,fresh_r,0.018029185919298363,0.005014583333333332,0.2785479166666667,0.27353333333333335,6
0,test_ba_50_03,ba,50,log_mse,192,fresh_r,0.03788478690535126,0.01001041666666667,0.2702375,0.26022708333333333,6
0,test_ba_50_04,ba,50,log_mse,192,fresh_r,0.016256653583782293,0.004187499999999983,0.2608625,0.256675,6
0,test_ba_50_05,ba,50,log_mse,192,fresh_r,0.039606050303239916,0.011195833333333313,0.28875625,0.27756041666666664,6
0,test_ba_50_06,ba,50,log_mse,192,fresh_r,0.03463874169436935,0.009470833333333354,0.2787291666666667,0.2692583333333333,6
0,test_ba_50_07,ba,50,log_mse,192,fresh_r,0.011862593286956167,0.003131250000000011,0.2661833333333334,0.26305208333333335,6
0,test_er_100_00,er,100,log_mse,192,fresh_r,0.0041323639031920776,0.0013223958333333137,0.3195666666666666,0.31824427083333334,6
0,test_er_100_01,er,100,log_mse,192,fresh_r,-0.0015332957976195995,-0.0004937500000000058,0.32350677083333335,0.32400052083333336,6
0,test_er_100_02,er,100,log_mse,192,fresh_r,0.0002686998722252628,9.531250000000917e-05,0.32119427083333335,0.32109895833333335,6
0,test_er_100_03,er,100,log_mse,192,fresh_r,0.008605372543231056,0.0027239583333333317,0.3163020833333334,0.313578125,6
0,test_er_100_04,er,100,log_mse,192,fresh_r,0.0004046622673508545,0.00011770833333334581,0.32131770833333334,0.3212,6
0,test_er_100_05,er,100,log_mse,192,fresh_r,0.0070299479368011826,0.0022390624999999997,0.3205390625,0.31829999999999997,6
0,test_er_100_06,er,100,log_mse,192,fresh_r,-6.0554518323592295e-05,8.333333333323164e-06,0.325140625,0.32513229166666663,6
0,test_er_100_07,er,100,log_mse,192,fresh_r,0.007202147085543349,0.0023718750000000046,0.3296890625,0.3273171875,6
0,test_er_50_00,er,50,log_mse,192,fresh_r,-0.0009446486195014517,-0.0003416666666666753,0.33949999999999997,0.33984166666666665,6
0,test_er_50_01,er,50,log_mse,192,fresh_r,0.00560390595290059,0.001889583333333315,0.33832291666666664,0.33643333333333336,6
0,test_er_50_02,er,50,log_mse,192,fresh_r,-0.006778313752648173,-0.0023374999999999924,0.34296041666666666,0.3452979166666667,6
0,test_er_50_03,er,50,log_mse,192,fresh_r,0.0013850304374509181,0.0004729166666666655,0.33424583333333335,0.3337729166666667,6
0,test_er_50_04,er,50,log_mse,192,fresh_r,0.008088335593406644,0.002649999999999995,0.33186041666666666,0.32921041666666667,6
0,test_er_50_05,er,50,log_mse,192,fresh_r,0.00836357273706932,0.002899999999999995,0.3473041666666667,0.3444041666666666,6
0,test_er_50_06,er,50,log_mse,192,fresh_r,0.012148306632734278,0.00406041666666665,0.33583125,0.33177083333333335,6
0,test_er_50_07,er,50,log_mse,192,fresh_r,0.0012092015632055246,0.00038333333333332814,0.33087916666666667,0.3304958333333334,6
1,test_ba_100_00,ba,100,log_mse,192,fresh_r,0.02977095620816966,0.0078124999999999905,0.26758020833333335,0.25976770833333335,6
1,test_ba_100_01,ba,100,log_mse,192,fresh_r,0.02220298990605409,0.005355208333333333,0.24375833333333333,0.23840312500000002,6
1,test_ba_100_02,ba,100,log_mse,192,fresh_r,0.009177000129864799,0.0023421875000000044,0.25779531250000004,0.255453125,6
1,test_ba_100_03,ba,100,log_mse,192,fresh_r,0.020250209697255137,0.0051984375,0.26094375,0.25574531250000004,6
1,test_ba_100_04,ba,100,log_mse,192,fresh_r,0.04052704237597668,0.009929687500000001,0.2497859375,0.23985625,6
1,test_ba_100_05,ba,100,log_mse,192,fresh_r,0.02866670454120622,0.006878645833333336,0.24581770833333336,0.2389390625,6
1,test_ba_100_06,ba,100,log_mse,192,fresh_r,0.002308010688107296,0.0006036458333333236,0.26406666666666667,0.26346302083333334,6
1,test_ba_100_07,ba,100,log_mse,192,fresh_r,0.023346037296315708,0.006333333333333348,0.27429322916666665,0.2679598958333333,6
1,test_ba_50_00,ba,50,log_mse,192,fresh_r,-0.00016585697342800902,-0.00015000000000001124,0.26282916666666667,0.26297916666666665,6
1,test_ba_50_01,ba,50,log_mse,192,fresh_r,0.008959239570027606,0.0026937499999999857,0.29760625,0.29491249999999997,6
1,test_ba_50_02,ba,50,log_mse,192,fresh_r,0.0158418910005836,0.004216666666666656,0.27198541666666665,0.26776875000000006,6
1,test_ba_50_03,ba,50,log_mse,192,fresh_r,0.030462480806150678,0.008502083333333318,0.2843166666666667,0.27581458333333336,6
1,test_ba_50_04,ba,50,log_mse,192,fresh_r,0.02179031820157624,0.005497916666666658,0.2543666666666667,0.24886874999999997,6
1,test_ba_50_05,ba,50,log_mse,192,fresh_r,0.018872188481646315,0.00526666666666666,0.2814166666666667,0.27615,6
1,test_ba_50_06,ba,50,log_mse,192,fresh_r,-0.0021037991467841824,-0.0006541666666666687,0.30886875,0.30952291666666665,6
1,test_ba_50_07,ba,50,log_mse,192,fresh_r,0.007052869326898804,0.0018666666666666831,0.2635854166666667,0.26171875,6
1,test_er_100_00,er,100,log_mse,192,fresh_r,0.005217457358452614,0.0017291666666666705,0.32994427083333333,0.32821510416666666,6
1,test_er_100_01,er,100,log_mse,192,fresh_r,0.0030049098015513323,0.0010197916666666584,0.3373880208333333,0.3363682291666667,6
1,test_er_100_02,er,100,log_mse,192,fresh_r,0.004401302491741285,0.001441666666666656,0.3260078125,0.3245661458333334,6
1,test_er_100_03,er,100,log_mse,192,fresh_r,-0.011042917649264405,-0.0035515625000000126,0.3200864583333333,0.3236380208333333,6
1,test_er_100_04,er,100,log_mse,192,fresh_r,-5.5942348379649795e-05,-8.333333333341667e-06,0.31900208333333335,0.3190104166666667,6
1,test_er_100_05,er,100,log_mse,192,fresh_r,-0.006419818248035399,-0.0020880208333333428,0.32202083333333337,0.3241088541666667,6
1,test_er_100_06,er,100,log_mse,192,fresh_r,-0.0006938365734975972,-0.00023333333333334463,0.32537760416666667,0.32561093750000003,6
1,test_er_100_07,er,100,log_mse,192,fresh_r,0.005968192216284646,0.001909374999999991,0.31983645833333335,0.31792708333333336,6
1,test_er_50_00,er,50,log_mse,192,fresh_r,-0.010489059185113331,-0.003518750000000006,0.33073541666666667,0.3342541666666667,6
1,test_er_50_01,er,50,log_mse,192,fresh_r,0.0018485400762780404,0.0006187500000000105,0.34336875,0.34274999999999994,6
1,test_er_50_02,er,50,log_mse,192,fresh_r,0.004256219454084183,0.0014374999999999898,0.3365,0.33506250000000004,6
1,test_er_50_03,er,50,log_mse,192,fresh_r,0.005494614885271476,0.0017791666666666557,0.3356333333333333,0.33385416666666673,6
1,test_er_50_04,er,50,log_mse,192,fresh_r,-0.0025122550809274793,-0.0008750000000000054,0.34837291666666664,0.3492479166666667,6
1,test_er_50_05,er,50,log_mse,192,fresh_r,0.007707799647826888,0.002518750000000014,0.3311604166666667,0.32864166666666667,6
1,test_er_50_06,er,50,log_mse,192,fresh_r,-0.0017457408005135963,-0.000547916666666648,0.3242375,0.32478541666666666,6
1,test_er_50_07,er,50,log_mse,192,fresh_r,0.004630678595761756,0.0015416666666666634,0.33916458333333327,0.33762291666666666,6
0,test_ba_100_00,ba,100,global_mse,192,fresh_r,0.013211631608273863,0.003386979166666674,0.2605645833333334,0.25717760416666663,6
0,test_ba_100_01,ba,100,global_mse,192,fresh_r,0.018760263338502784,0.004899479166666647,0.26396770833333333,0.25906822916666666,6
0,test_ba_100_02,ba,100,global_mse,192,fresh_r,0.0028542248260309336,0.0006656249999999984,0.23801979166666667,0.23735416666666667,6
0,test_ba_100_03,ba,100,global_mse,192,fresh_r,0.022854032118023004,0.0054677083333333305,0.24024947916666664,0.23478177083333332,6
0,test_ba_100_04,ba,100,global_mse,192,fresh_r,0.013121456146978627,0.0032307291666666634,0.24558645833333329,0.24235572916666667,6
0,test_ba_100_05,ba,100,global_mse,192,fresh_r,0.03265106427942236,0.008001041666666672,0.25031875,0.24231770833333333,6
0,test_ba_100_06,ba,100,global_mse,192,fresh_r,0.020146379812807688,0.00507343749999999,0.25483854166666664,0.24976510416666667,6
0,test_ba_100_07,ba,100,global_mse,192,fresh_r,0.04721687080322362,0.010203124999999993,0.22154166666666664,0.21133854166666668,6
0,test_ba_50_00,ba,50,global_mse,192,fresh_r,0.026525925527597097,0.0067708333333333275,0.2571458333333333,0.250375,6
0,test_ba_50_01,ba,50,global_mse,192,fresh_r,0.017611028942046726,0.004945833333333334,0.28334375,0.27839791666666663,6
0,test_ba_50_02,ba,50,global_mse,192,fresh_r,0.022630616957299936,0.006210416666666663,0.2785479166666667,0.2723375,6
0,test_ba_50_03,ba,50,global_mse,192,fresh_r,0.013387421446199256,0.0035625000000000053,0.2702375,0.266675,6
0,test_ba_50_04,ba,50,global_mse,192,fresh_r,0.03740487895840425,0.009529166666666653,0.2608625,0.25133333333333335,6
0,test_ba_50_05,ba,50,global_mse,192,fresh_r,0.02547327391846363,0.007212499999999973,0.28875625,0.28154375000000004,6
0,test_ba_50_06,ba,50,global_mse,192,fresh_r,0.01566330168370438,0.0043270833333333425,0.2787291666666667,0.2744020833333333,6
0,test_ba_50_07,ba,50,global_mse,192,fresh_r,0.019765379150184458,0.005252083333333342,0.2661833333333334,0.26093124999999995,6
0,test_er_100_00,er,100,global_mse,192,fresh_r,0.008722369374134268,0.0027734374999999942,0.3195666666666666,0.31679322916666663,6
0,test_er_100_01,er,100,global_mse,192,fresh_r,0.01021300198129718,0.003282812499999991,0.32350677083333335,0.32022395833333334,6
0,test_er_100_02,er,100,global_mse,192,fresh_r,0.014067171141049621,0.004486979166666673,0.32119427083333335,0.31670729166666667,6
0,test_er_100_03,er,100,global_mse,192,fresh_r,0.012159508330470303,0.0038083333333333393,0.3163020833333334,0.31249374999999996,6
0,test_er_100_04,er,100,global_mse,192,fresh_r,0.004048301340096532,0.0012781250000000004,0.32131770833333334,0.3200395833333333,6
0,test_er_100_05,er,100,global_mse,192,fresh_r,0.02316751595521342,0.007340625000000008,0.3205390625,0.31319843750000004,6
0,test_er_100_06,er,100,global_mse,192,fresh_r,0.004125184818510507,0.0013703124999999983,0.325140625,0.3237703125,6
0,test_er_100_07,er,100,global_mse,192,fresh_r,0.006967616615012517,0.002286458333333352,0.3296890625,0.3274026041666666,6
0,test_er_50_00,er,50,global_mse,192,fresh_r,0.005821468285716304,0.0019687500000000004,0.33949999999999997,0.33753125,6
0,test_er_50_01,er,50,global_mse,192,fresh_r,0.0010139340886431566,0.0003437499999999853,0.33832291666666664,0.33797916666666666,6
0,test_er_50_02,er,50,global_mse,192,fresh_r,0.007968305352383449,0.002704166666666674,0.34296041666666666,0.34025625,6
0,test_er_50_03,er,50,global_mse,192,fresh_r,0.01986475502719552,0.006575000000000007,0.33424583333333335,0.3276708333333333,6
0,test_er_50_04,er,50,global_mse,192,fresh_r,-0.003996636254932792,-0.0013270833333333398,0.33186041666666666,0.3331875,6
0,test_er_50_05,er,50,global_mse,192,fresh_r,0.012506103248288172,0.004300000000000008,0.3473041666666667,0.3430041666666666,6
0,test_er_50_06,er,50,global_mse,192,fresh_r,0.009714156587863855,0.0032520833333333408,0.33583125,0.3325791666666666,6
0,test_er_50_07,er,50,global_mse,192,fresh_r,0.003368753252883562,0.0011208333333333302,0.33087916666666667,0.3297583333333333,6
1,test_ba_100_00,ba,100,global_mse,192,fresh_r,0.020209118529317116,0.005329687499999995,0.26758020833333335,0.26225052083333333,6
1,test_ba_100_01,ba,100,global_mse,192,fresh_r,0.01421774868324091,0.0034348958333333354,0.24375833333333333,0.24032343750000004,6
1,test_ba_100_02,ba,100,global_mse,192,fresh_r,0.019036174742396706,0.004844270833333335,0.25779531250000004,0.25295104166666665,6
1,test_ba_100_03,ba,100,global_mse,192,fresh_r,0.014305315170203878,0.0036963541666666746,0.26094375,0.2572473958333333,6
1,test_ba_100_04,ba,100,global_mse,192,fresh_r,0.03754321010777688,0.00921197916666667,0.2497859375,0.2405739583333333,6
1,test_ba_100_05,ba,100,global_mse,192,fresh_r,0.032466271587197865,0.007816666666666661,0.24581770833333336,0.2380010416666667,6
1,test_ba_100_06,ba,100,global_mse,192,fresh_r,0.003698489159655981,0.0009807291666666755,0.26406666666666667,0.2630859375,6
1,test_ba_100_07,ba,100,global_mse,192,fresh_r,0.011316005665621728,0.003055729166666669,0.27429322916666665,0.27123749999999996,6
1,test_ba_50_00,ba,50,global_mse,192,fresh_r,-0.0025144918955139844,-0.0007104166666666764,0.26282916666666667,0.2635395833333333,6
1,test_ba_50_01,ba,50,global_mse,192,fresh_r,0.016581839556587815,0.0049187499999999995,0.29760625,0.29268750000000004,6
1,test_ba_50_02,ba,50,global_mse,192,fresh_r,0.020731836043453775,0.00550624999999999,0.27198541666666665,0.26647916666666666,6
1,test_ba_50_03,ba,50,global_mse,192,fresh_r,0.04318455057682674,0.012006249999999987,0.2843166666666667,0.2723104166666667,6
1,test_ba_50_04,ba,50,global_mse,192,fresh_r,0.01885178179755859,0.004739583333333329,0.2543666666666667,0.2496270833333333,6
1,test_ba_50_05,ba,50,global_mse,192,fresh_r,0.016413146962402914,0.004589583333333323,0.2814166666666667,0.27682708333333333,6
1,test_ba_50_06,ba,50,global_mse,192,fresh_r,0.006008734082145711,0.0018395833333333296,0.30886875,0.3070291666666667,6
1,test_ba_50_07,ba,50,global_mse,192,fresh_r,0.005147621041166578,0.0013604166666666695,0.2635854166666667,0.262225,6
1,test_er_100_00,er,100,global_mse,192,fresh_r,0.008534177267893614,0.0028000000000000156,0.32994427083333333,0.32714427083333336,6
1,test_er_100_01,er,100,global_mse,192,fresh_r,0.0032154386258992605,0.001086458333333327,0.3373880208333333,0.33630156250000004,6
1,test_er_100_02,er,100,global_mse,192,fresh_r,0.0018644537921530596,0.0006135416666666523,0.3260078125,0.32539427083333333,6
1,test_er_100_03,er,100,global_mse,192,fresh_r,8.798983045715542e-05,1.6145833333304955e-05,0.3200864583333333,0.3200703125,6
1,test_er_100_04,er,100,global_mse,192,fresh_r,-0.0007291030841681192,-0.0002286458333333278,0.31900208333333335,0.31923072916666667,6
1,test_er_100_05,er,100,global_mse,192,fresh_r,-0.0014892661835497834,-0.00048385416666667697,0.32202083333333337,0.3225046875,6
1,test_er_100_06,er,100,global_mse,192,fresh_r,0.00406447242016135,0.0013177083333333246,0.32537760416666667,0.32405989583333333,6
1,test_er_100_07,er,100,global_mse,192,fresh_r,0.003085445209572457,0.0009869791666666516,0.31983645833333335,0.31884947916666667,6
1,test_er_50_00,er,50,global_mse,192,fresh_r,-0.001272210553996347,-0.00044166666666666427,0.33073541666666667,0.33117708333333334,6
1,test_er_50_01,er,50,global_mse,192,fresh_r,-0.006286644170460925,-0.002162499999999993,0.34336875,0.34553125,6
1,test_er_50_02,er,50,global_mse,192,fresh_r,0.009230353087855537,0.003083333333333327,0.3365,0.3334166666666667,6
1,test_er_50_03,er,50,global_mse,192,fresh_r,0.010167814888265049,0.003397916666666667,0.3356333333333333,0.3322354166666666,6
1,test_er_50_04,er,50,global_mse,192,fresh_r,-0.001214960760736639,-0.0004250000000000087,0.34837291666666664,0.34879791666666665,6
1,test_er_50_05,er,50,global_mse,192,fresh_r,-0.002442623111036307,-0.0008166666666666692,0.3311604166666667,0.33197708333333337,6
1,test_er_50_06,er,50,global_mse,192,fresh_r,0.0042918111400340785,0.001408333333333354,0.3242375,0.32282916666666667,6
1,test_er_50_07,er,50,global_mse,192,fresh_r,0.008366690990186904,0.0028333333333333266,0.33916458333333327,0.33633124999999997,6
0,test_ba_100_00,ba,100,global_log_mse,192,fresh_r,0.016980070959918766,0.00434947916666667,0.2605645833333334,0.25621510416666665,6
0,test_ba_100_01,ba,100,global_log_mse,192,fresh_r,0.015326800485454206,0.003976041666666662,0.26396770833333333,0.2599916666666667,6
0,test_ba_100_02,ba,100,global_log_mse,192,fresh_r,0.011350231625382567,0.0026973958333333333,0.23801979166666667,0.23532239583333334,6
0,test_ba_100_03,ba,100,global_log_mse,192,fresh_r,0.024087405808899693,0.0057036458333333305,0.24024947916666664,0.23454583333333334,6
0,test_ba_100_04,ba,100,global_log_mse,192,fresh_r,0.017370466692005263,0.004199479166666663,0.24558645833333329,0.2413869791666667,6
0,test_ba_100_05,ba,100,global_log_mse,192,fresh_r,0.05060392277549495,0.012257812499999998,0.25031875,0.2380609375,6
0,test_ba_100_06,ba,100,global_log_mse,192,fresh_r,0.025104972474118217,0.006323437500000005,0.25483854166666664,0.24851510416666667,6
0,test_ba_100_07,ba,100,global_log_mse,192,fresh_r,0.071293545153622,0.015210416666666662,0.22154166666666664,0.20633125,6
0,test_ba_50_00,ba,50,global_log_mse,192,fresh_r,0.017751872014293346,0.004560416666666664,0.2571458333333333,0.2525854166666666,6
0,test_ba_50_01,ba,50,global_log_mse,192,fresh_r,0.01570812633434682,0.004397916666666668,0.28334375,0.27894583333333334,6
0,test_ba_50_02,ba,50,global_log_mse,192,fresh_r,-0.003154897046317374,-0.0008562500000000121,0.2785479166666667,0.2794041666666667,6
0,test_ba_50_03,ba,50,global_log_mse,192,fresh_r,0.02999356333375683,0.007995833333333341,0.2702375,0.26224166666666665,6
0,test_ba_50_04,ba,50,global_log_mse,192,fresh_r,0.027020859286572926,0.0069333333333333235,0.2608625,0.25392916666666665,6
0,test_ba_50_05,ba,50,global_log_mse,192,fresh_r,0.021083932661045284,0.006014583333333323,0.28875625,0.28274166666666667,6
0,test_ba_50_06,ba,50,global_log_mse,192,fresh_r,0.03623448642589896,0.009854166666666673,0.2787291666666667,0.26887500000000003,6
0,test_ba_50_07,ba,50,global_log_mse,192,fresh_r,0.014555338832936153,0.0038312500000000083,0.2661833333333334,0.2623520833333333,6
0,test_er_100_00,er,100,global_log_mse,192,fresh_r,0.021647236649581656,0.006803645833333326,0.3195666666666666,0.31276302083333335,6
0,test_er_100_01,er,100,global_log_mse,192,fresh_r,0.008624684149400473,0.0027791666666666472,0.32350677083333335,0.3207276041666667,6
0,test_er_100_02,er,100,global_log_mse,192,fresh_r,0.0063061246716809675,0.002018229166666672,0.32119427083333335,0.3191760416666667,6
0,test_er_100_03,er,100,global_log_mse,192,fresh_r,0.018880128581364383,0.005901041666666672,0.3163020833333334,0.31040104166666665,6
0,test_er_100_04,er,100,global_log_mse,192,fresh_r,0.003204991102123637,0.0010208333333333413,0.32131770833333334,0.320296875,6
0,test_er_100_05,er,100,global_log_mse,192,fresh_r,0.021945681748366908,0.006940104166666673,0.3205390625,0.31359895833333334,6
0,test_er_100_06,er,100,global_log_mse,192,fresh_r,0.006153806007455506,0.0020171874999999895,0.325140625,0.3231234375,6
0,test_er_100_07,er,100,global_log_mse,192,fresh_r,0.017847887086209453,0.005827083333333334,0.3296890625,0.32386197916666665,6
0,test_er_50_00,er,50,global_log_mse,192,fresh_r,0.0058335202141845495,0.001987499999999994,0.33949999999999997,0.33751249999999994,6
0,test_er_50_01,er,50,global_log_mse,192,fresh_r,0.009025398580374268,0.0030333333333333323,0.33832291666666664,0.33528958333333336,6
0,test_er_50_02,er,50,global_log_mse,192,fresh_r,0.004070106337064008,0.001381249999999982,0.34296041666666666,0.3415791666666667,6
0,test_er_50_03,er,50,global_log_mse,192,fresh_r,0.010327510833530786,0.003435416666666672,0.33424583333333335,0.3308104166666667,6
0,test_er_50_04,er,50,global_log_mse,192,fresh_r,-0.0012237016637256931,-0.000420833333333324,0.33186041666666666,0.33228125000000003,6
0,test_er_50_05,er,50,global_log_mse,192,fresh_r,0.004355069690500736,0.0015166666666666568,0.3473041666666667,0.34578749999999997,6
0,test_er_50_06,er,50,global_log_mse,192,fresh_r,0.0156360947157779,0.005199999999999992,0.33583125,0.33063125,6
0,test_er_50_07,er,50,global_log_mse,192,fresh_r,0.0031831422354064664,0.001041666666666663,0.33087916666666667,0.3298375,6
1,test_ba_100_00,ba,100,global_log_mse,192,fresh_r,0.027272968708535832,0.007165624999999999,0.26758020833333335,0.26041458333333334,6
1,test_ba_100_01,ba,100,global_log_mse,192,fresh_r,0.012137487977620905,0.0029442708333333365,0.24375833333333333,0.2408140625,6
1,test_ba_100_02,ba,100,global_log_mse,192,fresh_r,0.0007217335627826959,0.00018541666666667864,0.25779531250000004,0.25760989583333327,6
1,test_ba_100_03,ba,100,global_log_mse,192,fresh_r,0.016717220113371394,0.004283854166666666,0.26094375,0.2566598958333333,6
1,test_ba_100_04,ba,100,global_log_mse,192,fresh_r,0.03449795307991153,0.008470312500000007,0.2497859375,0.241315625,6
1,test_ba_100_05,ba,100,global_log_mse,192,fresh_r,0.026462304667754732,0.0063755208333333285,0.24581770833333336,0.23944218750000001,6
1,test_ba_100_06,ba,100,global_log_mse,192,fresh_r,0.02426721699926453,0.006339062500000002,0.26406666666666667,0.2577276041666667,6
1,test_ba_100_07,ba,100,global_log_mse,192,fresh_r,0.02132128297620126,0.005796354166666666,0.27429322916666665,0.268496875,6
1,test_ba_50_00,ba,50,global_log_mse,192,fresh_r,0.009806889917557161,0.002537499999999989,0.26282916666666667,0.26029166666666664,6
1,test_ba_50_01,ba,50,global_log_mse,192,fresh_r,0.022601819894174202,0.006654166666666665,0.29760625,0.2909520833333334,6
1,test_ba_50_02,ba,50,global_log_mse,192,fresh_r,0.030627104030665552,0.008137499999999992,0.27198541666666665,0.2638479166666667,6
1,test_ba_50_03,ba,50,global_log_mse,192,fresh_r,0.043356444401072204,0.012022916666666652,0.2843166666666667,0.27229375,6
1,test_ba_50_04,ba,50,global_log_mse,192,fresh_r,0.02440626460457193,0.006141666666666661,0.2543666666666667,0.248225,6
1,test_ba_50_05,ba,50,global_log_mse,192,fresh_r,0.011079966208197364,0.003118749999999985,0.2814166666666667,0.2782979166666667,6
1,test_ba_50_06,ba,50,global_log_mse,192,fresh_r,-0.0053352919600045305,-0.0016375000000000046,0.30886875,0.31050625,6
1,test_ba_50_07,ba,50,global_log_mse,192,fresh_r,0.006798320644972467,0.0017979166666666768,0.2635854166666667,0.2617875,6
1,test_er_100_00,er,100,global_log_mse,192,fresh_r,0.004416156292672474,0.001454166666666673,0.32994427083333333,0.32849010416666663,6
1,test_er_100_01,er,100,global_log_mse,192,fresh_r,0.012341414049539423,0.0041442708333333245,0.3373880208333333,0.33324375,6
1,test_er_100_02,er,100,global_log_mse,192,fresh_r,0.003303578928331403,0.0010812499999999965,0.3260078125,0.3249265625,6
1,test_er_100_03,er,100,global_log_mse,192,fresh_r,-0.003406881255291875,-0.0011078125000000179,0.3200864583333333,0.32119427083333335,6
1,test_er_100_04,er,100,global_log_mse,192,fresh_r,0.00028641208834994666,7.864583333334434e-05,0.31900208333333335,0.3189234375,6
1,test_er_100_05,er,100,global_log_mse,192,fresh_r,-0.005811225643137958,-0.001888020833333337,0.32202083333333337,0.32390885416666665,6
1,test_er_100_06,er,100,global_log_mse,192,fresh_r,-0.001665432478793136,-0.0005453125000000151,0.32537760416666667,0.3259229166666666,6
1,test_er_100_07,er,100,global_log_mse,192,fresh_r,0.002584769847193555,0.0008338541666666662,0.31983645833333335,0.31900260416666665,6
1,test_er_50_00,er,50,global_log_mse,192,fresh_r,0.0038133369976513323,0.001235416666666674,0.33073541666666667,0.32949999999999996,6
1,test_er_50_01,er,50,global_log_mse,192,fresh_r,-0.0022846997755266597,-0.0007770833333333171,0.34336875,0.3441458333333333,6
1,test_er_50_02,er,50,global_log_mse,192,fresh_r,0.00816326083993143,0.0027166666666666637,0.3365,0.3337833333333333,6
1,test_er_50_03,er,50,global_log_mse,192,fresh_r,-0.0052755209961165795,-0.0017645833333333378,0.3356333333333333,0.3373979166666667,6
1,test_er_50_04,er,50,global_log_mse,192,fresh_r,-0.003937011776631341,-0.001400000000000003,0.34837291666666664,0.3497729166666666,6
1,test_er_50_05,er,50,global_log_mse,192,fresh_r,0.00683278997931331,0.002233333333333337,0.3311604166666667,0.3289270833333333,6
1,test_er_50_06,er,50,global_log_mse,192,fresh_r,0.007356792689463049,0.0024000000000000132,0.3242375,0.3218375,6
1,test_er_50_07,er,50,global_log_mse,192,fresh_r,0.006802978513357569,0.0022999999999999965,0.33916458333333327,0.3368645833333333,6
0,test_ba_100_00,ba,100,ea,192,fresh_r,0.06702586411772454,0.01690833333333334,0.2605645833333334,0.24365625,6
0,test_ba_100_01,ba,100,ea,192,fresh_r,0.06116197863953419,0.015660416666666666,0.26396770833333333,0.24830729166666665,6
0,test_ba_100_02,ba,100,ea,192,fresh_r,0.08400192013850684,0.019206249999999998,0.23801979166666667,0.21881354166666667,6
0,test_ba_100_03,ba,100,ea,192,fresh_r,0.0717947747175204,0.016665104166666663,0.24024947916666664,0.22358437500000003,6
0,test_ba_100_04,ba,100,ea,192,fresh_r,0.07587225354728498,0.017950000000000004,0.24558645833333329,0.22763645833333335,6
0,test_ba_100_05,ba,100,ea,192,fresh_r,0.08815035135329334,0.021057291666666655,0.25031875,0.22926145833333333,6
0,test_ba_100_06,ba,100,ea,192,fresh_r,0.06546569483034881,0.016168749999999996,0.25483854166666664,0.2386697916666667,6
0,test_ba_100_07,ba,100,ea,192,fresh_r,0.08239276912126293,0.01752499999999999,0.22154166666666664,0.2040166666666667,6
0,test_ba_50_00,ba,50,ea,192,fresh_r,0.08283984263976919,0.020487499999999995,0.2571458333333333,0.23665833333333333,6
0,test_ba_50_01,ba,50,ea,192,fresh_r,0.0927700894954648,0.02512291666666666,0.28334375,0.25822083333333334,6
0,test_ba_50_02,ba,50,ea,192,fresh_r,0.04313129366024388,0.011756249999999977,0.2785479166666667,0.2667916666666667,6
0,test_ba_50_03,ba,50,ea,192,fresh_r,0.07624064143700698,0.019862500000000005,0.2702375,0.250375,6
0,test_ba_50_04,ba,50,ea,192,fresh_r,0.0733638888904012,0.01838749999999999,0.2608625,0.242475,6
0,test_ba_50_05,ba,50,ea,192,fresh_r,0.06086876506683394,0.017047916666666652,0.28875625,0.27170833333333333,6
0,test_ba_50_06,ba,50,ea,192,fresh_r,0.07005499083025553,0.01883333333333335,0.2787291666666667,0.2598958333333334,6
0,test_ba_50_07,ba,50,ea,192,fresh_r,0.07872146897821104,0.02018333333333334,0.2661833333333334,0.246,6
0,test_er_100_00,er,100,ea,192,fresh_r,0.03706338216334577,0.011613541666666663,0.3195666666666666,0.307953125,6
0,test_er_100_01,er,100,ea,192,fresh_r,0.029264339519302154,0.009335937499999983,0.32350677083333335,0.31417083333333334,6
0,test_er_100_02,er,100,ea,192,fresh_r,0.027665778347727963,0.00877864583333333,0.32119427083333335,0.31241562500000003,6
0,test_er_100_03,er,100,ea,192,fresh_r,0.04277562064416637,0.013252083333333331,0.3163020833333334,0.30305,6
0,test_er_100_04,er,100,ea,192,fresh_r,0.026257277268301196,0.008331250000000012,0.32131770833333334,0.31298645833333333,6
0,test_er_100_05,er,100,ea,192,fresh_r,0.03705267278494333,0.011665104166666662,0.3205390625,0.3088739583333333,6
0,test_er_100_06,er,100,ea,192,fresh_r,0.021935368414454138,0.007058333333333333,0.325140625,0.31808229166666663,6
0,test_er_100_07,er,100,ea,192,fresh_r,0.034617400543627073,0.011221354166666688,0.3296890625,0.3184677083333333,6
0,test_er_50_00,er,50,ea,192,fresh_r,0.02597025071745146,0.008695833333333338,0.33949999999999997,0.3308041666666666,6
0,test_er_50_01,er,50,ea,192,fresh_r,0.029342917902270352,0.009781249999999983,0.33832291666666664,0.3285416666666667,6
0,test_er_50_02,er,50,ea,192,fresh_r,0.022046154236263726,0.007435416666666648,0.34296041666666666,0.335525,6
0,test_er_50_03,er,50,ea,192,fresh_r,0.027575295336154094,0.009054166666666677,0.33424583333333335,0.3251916666666666,6
0,test_er_50_04,er,50,ea,192,fresh_r,0.021574288381345928,0.007052083333333338,0.33186041666666666,0.3248083333333333,6
0,test_er_50_05,er,50,ea,192,fresh_r,0.01934398978538594,0.0066541666666666555,0.3473041666666667,0.34064999999999995,6
0,test_er_50_06,er,50,ea,192,fresh_r,0.0384487136575536,0.012639583333333324,0.33583125,0.32319166666666665,6
0,test_er_50_07,er,50,ea,192,fresh_r,0.03331079025435244,0.010845833333333324,0.33087916666666667,0.32003333333333334,6
1,test_ba_100_00,ba,100,ea,192,fresh_r,0.07421575392399786,0.019145833333333324,0.26758020833333335,0.248434375,6
1,test_ba_100_01,ba,100,ea,192,fresh_r,0.06307173364467081,0.014891666666666673,0.24375833333333333,0.22886666666666666,6
1,test_ba_100_02,ba,100,ea,192,fresh_r,0.05416358758614619,0.01352239583333334,0.25779531250000004,0.2442729166666667,6
1,test_ba_100_03,ba,100,ea,192,fresh_r,0.0791742629900473,0.019872916666666667,0.26094375,0.24107083333333335,6
1,test_ba_100_04,ba,100,ea,192,fresh_r,0.09263459616912116,0.02210677083333333,0.2497859375,0.22767916666666665,6
1,test_ba_100_05,ba,100,ea,192,fresh_r,0.08447752400353108,0.019917708333333336,0.24581770833333336,0.2259,6
1,test_ba_100_06,ba,100,ea,192,fresh_r,0.051246610991374175,0.013190625000000011,0.26406666666666667,0.25087604166666666,6
1,test_ba_100_07,ba,100,ea,192,fresh_r,0.07392520826426402,0.019540104166666673,0.27429322916666665,0.25475312499999997,6
1,test_ba_50_00,ba,50,ea,192,fresh_r,0.06332919864994756,0.016133333333333333,0.26282916666666667,0.24669583333333334,6
1,test_ba_50_01,ba,50,ea,192,fresh_r,0.0625584327468383,0.01805208333333334,0.29760625,0.27955416666666666,6
1,test_ba_50_02,ba,50,ea,192,fresh_r,0.08192179316105405,0.021364583333333326,0.27198541666666665,0.25062083333333335,6
1,test_ba_50_03,ba,50,ea,192,fresh_r,0.09674091168161392,0.02617083333333332,0.2843166666666667,0.25814583333333335,6
1,test_ba_50_04,ba,50,ea,192,fresh_r,0.0686138070941382,0.01687083333333333,0.2543666666666667,0.23749583333333332,6
1,test_ba_50_05,ba,50,ea,192,fresh_r,0.05941430572820237,0.016249999999999976,0.2814166666666667,0.2651666666666667,6
1,test_ba_50_06,ba,50,ea,192,fresh_r,0.05810734514607241,0.017414583333333334,0.30886875,0.2914541666666666,6
1,test_ba_50_07,ba,50,ea,192,fresh_r,0.07460700731266327,0.01898541666666668,0.2635854166666667,0.2446,6
1,test_er_100_00,er,100,ea,192,fresh_r,0.03397360911959026,0.011003645833333344,0.32994427083333333,0.318940625,6
1,test_er_100_01,er,100,ea,192,fresh_r,0.02556522910530677,0.008522395833333335,0.3373880208333333,0.328865625,6
1,test_er_100_02,er,100,ea,192,fresh_r,0.0290988024960758,0.009358854166666652,0.3260078125,0.31664895833333334,6
1,test_er_100_03,er,100,ea,192,fresh_r,0.02972908678220319,0.009372916666666628,0.3200864583333333,0.3107135416666667,6
1,test_er_100_04,er,100,ea,192,fresh_r,0.032230738813492775,0.01011874999999999,0.31900208333333335,0.30888333333333334,6
1,test_er_100_05,er,100,ea,192,fresh_r,0.030525214714549484,0.009684374999999986,0.32202083333333337,0.31233645833333334,6
1,test_er_100_06,er,100,ea,192,fresh_r,0.03197148217768309,0.01024010416666668,0.32537760416666667,0.3151375,6
1,test_er_100_07,er,100,ea,192,fresh_r,0.030757386173823762,0.009701041666666669,0.31983645833333335,0.3101354166666666,6
1,test_er_50_00,er,50,ea,192,fresh_r,0.03289287454429091,0.010710416666666667,0.33073541666666667,0.320025,6
1,test_er_50_01,er,50,ea,192,fresh_r,0.031748985725020544,0.010731249999999998,0.34336875,0.3326375,6
1,test_er_50_02,er,50,ea,192,fresh_r,0.054407621106297176,0.01782499999999999,0.3365,0.318675,6
1,test_er_50_03,er,50,ea,192,fresh_r,0.02784932711086503,0.009237500000000001,0.3356333333333333,0.3263958333333333,6
1,test_er_50_04,er,50,ea,192,fresh_r,0.019290626383409275,0.006660416666666669,0.34837291666666664,0.34171250000000003,6
1,test_er_50_05,er,50,ea,192,fresh_r,0.025137204404746483,0.008222916666666663,0.3311604166666667,0.32293750000000004,6
1,test_er_50_06,er,50,ea,192,fresh_r,0.03383117632725766,0.010795833333333338,0.3242375,0.3134416666666667,6
1,test_er_50_07,er,50,ea,192,fresh_r,0.03554465286938696,0.011847916666666672,0.33916458333333327,0.32731666666666664,6
0,test_ba_100_00,ba,100,pool_random,192,fresh_r,0.07683475483209386,0.019264583333333345,0.2605645833333334,0.24129999999999996,6
0,test_ba_100_01,ba,100,pool_random,192,fresh_r,0.06680174215160346,0.017063541666666664,0.26396770833333333,0.24690416666666667,6
0,test_ba_100_02,ba,100,pool_random,192,fresh_r,0.07181942632929725,0.01654270833333334,0.23801979166666667,0.22147708333333335,6
0,test_ba_100_03,ba,100,pool_random,192,fresh_r,0.07040014542878459,0.016353645833333322,0.24024947916666664,0.22389583333333332,6
0,test_ba_100_04,ba,100,pool_random,192,fresh_r,0.07085052096911977,0.016824999999999996,0.24558645833333329,0.22876145833333336,6
0,test_ba_100_05,ba,100,pool_random,192,fresh_r,0.07061970911217733,0.017068749999999994,0.25031875,0.23325000000000004,6
0,test_ba_100_06,ba,100,pool_random,192,fresh_r,0.05373326106371215,0.01330729166666666,0.25483854166666664,0.24153124999999998,6
0,test_ba_100_07,ba,100,pool_random,192,fresh_r,0.0715778510838135,0.015316666666666659,0.22154166666666664,0.20622500000000002,6
0,test_ba_50_00,ba,50,pool_random,192,fresh_r,0.07317282184076197,0.01813333333333333,0.2571458333333333,0.2390125,6
0,test_ba_50_01,ba,50,pool_random,192,fresh_r,0.06586938987038361,0.018106250000000008,0.28334375,0.2652375,6
0,test_ba_50_02,ba,50,pool_random,192,fresh_r,0.05577271466509665,0.015139583333333326,0.2785479166666667,0.26340833333333336,6
0,test_ba_50_03,ba,50,pool_random,192,fresh_r,0.07756250041283455,0.020199999999999996,0.2702375,0.25003749999999997,6
0,test_ba_50_04,ba,50,pool_random,192,fresh_r,0.06317996171028101,0.015949999999999992,0.2608625,0.24491249999999998,6
0,test_ba_50_05,ba,50,pool_random,192,fresh_r,0.04543946815104244,0.01279791666666664,0.28875625,0.2759583333333333,6
0,test_ba_50_06,ba,50,pool_random,192,fresh_r,0.05100081286522747,0.0138625,0.2787291666666667,0.26486666666666675,6
0,test_ba_50_07,ba,50,pool_random,192,fresh_r,0.06262495916898979,0.016145833333333342,0.2661833333333334,0.25003749999999997,6
0,test_er_100_00,er,100,pool_random,192,fresh_r,0.03154123956735006,0.009911458333333317,0.3195666666666666,0.3096552083333333,6
0,test_er_100_01,er,100,pool_random,192,fresh_r,0.02606539968080678,0.008323437499999994,0.32350677083333335,0.31518333333333337,6
0,test_er_100_02,er,100,pool_random,192,fresh_r,0.03747714300793973,0.011822395833333341,0.32119427083333335,0.309371875,6
0,test_er_100_03,er,100,pool_random,192,fresh_r,0.05088469041695742,0.015704166666666686,0.3163020833333334,0.3005979166666667,6
0,test_er_100_04,er,100,pool_random,192,fresh_r,0.03771265220542736,0.011894791666666663,0.32131770833333334,0.3094229166666667,6
0,test_er_100_05,er,100,pool_random,192,fresh_r,0.03458109327578449,0.01089427083333333,0.3205390625,0.3096447916666667,6
0,test_er_100_06,er,100,pool_random,192,fresh_r,0.030633970440369446,0.009815624999999994,0.325140625,0.315325,6
0,test_er_100_07,er,100,pool_random,192,fresh_r,0.03322454140539995,0.010777604166666668,0.3296890625,0.3189114583333334,6
0,test_er_50_00,er,50,pool_random,192,fresh_r,0.02336593299634593,0.0078124999999999905,0.33949999999999997,0.3316875000000001,6
0,test_er_50_01,er,50,pool_random,192,fresh_r,0.03293201802983019,0.010964583333333333,0.33832291666666664,0.32735833333333336,6
0,test_er_50_02,er,50,pool_random,192,fresh_r,0.01520295067916915,0.00516874999999999,0.34296041666666666,0.33779166666666666,6
0,test_er_50_03,er,50,pool_random,192,fresh_r,0.0564999671904699,0.018341666666666683,0.33424583333333335,0.31590416666666665,6
0,test_er_50_04,er,50,pool_random,192,fresh_r,0.024781451323601905,0.008114583333333323,0.33186041666666666,0.32374583333333334,6
0,test_er_50_05,er,50,pool_random,192,fresh_r,0.02370016398100662,0.008133333333333334,0.3473041666666667,0.33917083333333337,6
0,test_er_50_06,er,50,pool_random,192,fresh_r,0.029447074790363553,0.009747916666666662,0.33583125,0.32608333333333334,6
0,test_er_50_07,er,50,pool_random,192,fresh_r,0.02592474842065361,0.008479166666666657,0.33087916666666667,0.3224,6
1,test_ba_100_00,ba,100,pool_random,192,fresh_r,0.09498598008720817,0.024245833333333338,0.26758020833333335,0.243334375,6
1,test_ba_100_01,ba,100,pool_random,192,fresh_r,0.06879175896308466,0.016215625,0.24375833333333333,0.22754270833333332,6
1,test_ba_100_02,ba,100,pool_random,192,fresh_r,0.06872788947045917,0.017123437499999995,0.25779531250000004,0.240671875,6
1,test_ba_100_03,ba,100,pool_random,192,fresh_r,0.0754111284000616,0.01894895833333334,0.26094375,0.24199479166666668,6
1,test_ba_100_04,ba,100,pool_random,192,fresh_r,0.08764275810823337,0.020969270833333328,0.2497859375,0.22881666666666667,6
1,test_ba_100_05,ba,100,pool_random,192,fresh_r,0.08964224860128045,0.021060416666666668,0.24581770833333336,0.22475729166666666,6
1,test_ba_100_06,ba,100,pool_random,192,fresh_r,0.06333007416135487,0.01620416666666666,0.26406666666666667,0.2478625,6
1,test_ba_100_07,ba,100,pool_random,192,fresh_r,0.07633184506485752,0.020171354166666672,0.27429322916666665,0.254121875,6
1,test_ba_50_00,ba,50,pool_random,192,fresh_r,0.07945468540537572,0.02007916666666666,0.26282916666666667,0.24275000000000002,6
1,test_ba_50_01,ba,50,pool_random,192,fresh_r,0.05477258929086076,0.015902083333333334,0.29760625,0.28170416666666664,6
1,test_ba_50_02,ba,50,pool_random,192,fresh_r,0.07570399643276703,0.019831249999999977,0.27198541666666665,0.2521541666666667,6
1,test_ba_50_03,ba,50,pool_random,192,fresh_r,0.08711866836408304,0.02372083333333333,0.2843166666666667,0.2605958333333333,6
1,test_ba_50_04,ba,50,pool_random,192,fresh_r,0.08773968206426415,0.021345833333333328,0.2543666666666667,0.23302083333333337,6
1,test_ba_50_05,ba,50,pool_random,192,fresh_r,0.07580501833785691,0.020562499999999994,0.2814166666666667,0.26085416666666666,6
1,test_ba_50_06,ba,50,pool_random,192,fresh_r,0.06016353621323318,0.017981249999999994,0.30886875,0.2908875,6
1,test_ba_50_07,ba,50,pool_random,192,fresh_r,0.08477343855165763,0.02144375,0.2635854166666667,0.24214166666666667,6
1,test_er_100_00,er,100,pool_random,192,fresh_r,0.01935314059656022,0.006336979166666691,0.32994427083333333,0.32360729166666663,6
1,test_er_100_01,er,100,pool_random,192,fresh_r,0.027514638719856002,0.009159895833333348,0.3373880208333333,0.3282281249999999,6
1,test_er_100_02,er,100,pool_random,192,fresh_r,0.032682993683955046,0.010491145833333345,0.3260078125,0.3155166666666666,6
1,test_er_100_03,er,100,pool_random,192,fresh_r,0.023760686241845227,0.007513541666666651,0.3200864583333333,0.3125729166666667,6
1,test_er_100_04,er,100,pool_random,192,fresh_r,0.027387716165720683,0.008625000000000013,0.31900208333333335,0.3103770833333333,6
1,test_er_100_05,er,100,pool_random,192,fresh_r,0.03218237716183151,0.010202083333333315,0.32202083333333337,0.31181875,6
1,test_er_100_06,er,100,pool_random,192,fresh_r,0.03098193586237182,0.00992760416666665,0.32537760416666667,0.31545000000000006,6
1,test_er_100_07,er,100,pool_random,192,fresh_r,0.02312045702345592,0.007323958333333343,0.31983645833333335,0.31251249999999997,6
1,test_er_50_00,er,50,pool_random,192,fresh_r,0.030005827797075644,0.009789583333333332,0.33073541666666667,0.3209458333333333,6
1,test_er_50_01,er,50,pool_random,192,fresh_r,0.03855692832485158,0.01296875000000002,0.34336875,0.33039999999999997,6
1,test_er_50_02,er,50,pool_random,192,fresh_r,0.04865154375797769,0.015987499999999977,0.3365,0.3205125,6
1,test_er_50_03,er,50,pool_random,192,fresh_r,0.02314170340557259,0.007695833333333337,0.3356333333333333,0.3279375,6
1,test_er_50_04,er,50,pool_random,192,fresh_r,0.022884639930665283,0.007872916666666674,0.34837291666666664,0.3405,6
1,test_er_50_05,er,50,pool_random,192,fresh_r,0.022569475565660885,0.007389583333333329,0.3311604166666667,0.3237708333333333,6
1,test_er_50_06,er,50,pool_random,192,fresh_r,0.045043827251576796,0.014312500000000025,0.3242375,0.309925,6
1,test_er_50_07,er,50,pool_random,192,fresh_r,0.05249458645421837,0.017318750000000004,0.33916458333333327,0.3218458333333334,6
0,test_ba_100_00,ba,100,hillclimb,192,fresh_r,0.0277805835755881,0.00715833333333334,0.2605645833333334,0.25340625,6
0,test_ba_100_01,ba,100,hillclimb,192,fresh_r,0.024880391483118786,0.0064760416666666725,0.26396770833333333,0.2574916666666667,6
0,test_ba_100_02,ba,100,hillclimb,192,fresh_r,0.030479082627652334,0.00719166666666667,0.23801979166666667,0.23082812500000002,6
0,test_ba_100_03,ba,100,hillclimb,192,fresh_r,0.03334011844036835,0.007890104166666667,0.24024947916666664,0.232359375,6
0,test_ba_100_04,ba,100,hillclimb,192,fresh_r,0.006210161152901448,0.001543749999999992,0.24558645833333329,0.24404270833333333,6
0,test_ba_100_05,ba,100,hillclimb,192,fresh_r,0.03662310517120453,0.009009374999999995,0.25031875,0.24130937499999996,6
0,test_ba_100_06,ba,100,hillclimb,192,fresh_r,0.02837404866094218,0.007152083333333332,0.25483854166666664,0.24768645833333333,6
0,test_ba_100_07,ba,100,hillclimb,192,fresh_r,0.04314990980288876,0.009338541666666658,0.22154166666666664,0.21220312499999996,6
0,test_ba_50_00,ba,50,hillclimb,192,fresh_r,0.06290084249411572,0.015666666666666666,0.2571458333333333,0.24147916666666666,6
0,test_ba_50_01,ba,50,hillclimb,192,fresh_r,0.06773081098748561,0.01858541666666667,0.28334375,0.2647583333333333,6
0,test_ba_50_02,ba,50,hillclimb,192,fresh_r,0.025578273834924874,0.006997916666666669,0.2785479166666667,0.27155,6
0,test_ba_50_03,ba,50,hillclimb,192,fresh_r,0.03364907598269455,0.008970833333333336,0.2702375,0.2612666666666667,6
0,test_ba_50_04,ba,50,hillclimb,192,fresh_r,0.042690608006781657,0.010887499999999994,0.2608625,0.24997499999999997,6
0,test_ba_50_05,ba,50,hillclimb,192,fresh_r,0.031453163404622016,0.008947916666666639,0.28875625,0.2798083333333334,6
0,test_ba_50_06,ba,50,hillclimb,192,fresh_r,0.0521907380513223,0.014145833333333321,0.2787291666666667,0.26458333333333334,6
0,test_ba_50_07,ba,50,hillclimb,192,fresh_r,0.04867984356874435,0.01265416666666666,0.2661833333333334,0.25352916666666664,6
0,test_er_100_00,er,100,hillclimb,192,fresh_r,0.026451257050798788,0.008335416666666642,0.3195666666666666,0.31123125,6
0,test_er_100_01,er,100,hillclimb,192,fresh_r,0.014716194153065331,0.004723437500000001,0.32350677083333335,0.31878333333333336,6
0,test_er_100_02,er,100,hillclimb,192,fresh_r,0.023516966216561064,0.007477604166666679,0.32119427083333335,0.3137166666666667,6
0,test_er_100_03,er,100,hillclimb,192,fresh_r,0.03492637021459546,0.010840625000000012,0.3163020833333334,0.3054614583333333,6
0,test_er_100_04,er,100,hillclimb,192,fresh_r,0.023130716002948127,0.007330208333333347,0.32131770833333334,0.31398750000000003,6
0,test_er_100_05,er,100,hillclimb,192,fresh_r,0.02766052925677186,0.008742187500000017,0.3205390625,0.311796875,6
0,test_er_100_06,er,100,hillclimb,192,fresh_r,0.02731470711683519,0.008791666666666661,0.325140625,0.3163489583333334,6
0,test_er_100_07,er,100,hillclimb,192,fresh_r,0.02110814404556073,0.006885937500000004,0.3296890625,0.322803125,6
0,test_er_50_00,er,50,hillclimb,192,fresh_r,0.015409916947222527,0.005191666666666678,0.33949999999999997,0.33430833333333326,6
0,test_er_50_01,er,50,hillclimb,192,fresh_r,0.031101583336397804,0.010364583333333325,0.33832291666666664,0.3279583333333333,6
0,test_er_50_02,er,50,hillclimb,192,fresh_r,0.01704560833794243,0.005802083333333347,0.34296041666666666,0.3371583333333333,6
0,test_er_50_03,er,50,hillclimb,192,fresh_r,0.028764607963045172,0.009487500000000001,0.33424583333333335,0.3247583333333333,6
0,test_er_50_04,er,50,hillclimb,192,fresh_r,0.025371044055515615,0.008272916666666677,0.33186041666666666,0.3235875,6
0,test_er_50_05,er,50,hillclimb,192,fresh_r,0.020787006902148634,0.007125000000000002,0.3473041666666667,0.3401791666666667,6
0,test_er_50_06,er,50,hillclimb,192,fresh_r,0.026386861978692357,0.008727083333333338,0.33583125,0.3271041666666667,6
0,test_er_50_07,er,50,hillclimb,192,fresh_r,0.02245717982385984,0.007354166666666652,0.33087916666666667,0.323525,6
1,test_ba_100_00,ba,100,hillclimb,192,fresh_r,0.04552352159527995,0.011870833333333311,0.26758020833333335,0.255709375,6
1,test_ba_100_01,ba,100,hillclimb,192,fresh_r,0.01232850403558943,0.0029729166666666675,0.24375833333333333,0.24078541666666667,6
1,test_ba_100_02,ba,100,hillclimb,192,fresh_r,0.022856004353764187,0.005824479166666656,0.25779531250000004,0.25197083333333337,6
1,test_ba_100_03,ba,100,hillclimb,192,fresh_r,0.02928271488047021,0.007499999999999997,0.26094375,0.25344374999999997,6
1,test_ba_100_04,ba,100,hillclimb,192,fresh_r,0.04935455214484776,0.011975520833333341,0.2497859375,0.23781041666666666,6
1,test_ba_100_05,ba,100,hillclimb,192,fresh_r,0.030517021208438817,0.007387499999999996,0.24581770833333336,0.2384302083333333,6
1,test_ba_100_06,ba,100,hillclimb,192,fresh_r,0.01406920792474714,0.0036614583333333304,0.26406666666666667,0.2604052083333333,6
1,test_ba_100_07,ba,100,hillclimb,192,fresh_r,0.04221794545271829,0.011349479166666657,0.27429322916666665,0.26294375000000003,6
1,test_ba_50_00,ba,50,hillclimb,192,fresh_r,0.014050283018245811,0.003674999999999993,0.26282916666666667,0.25915416666666663,6
1,test_ba_50_01,ba,50,hillclimb,192,fresh_r,0.021016504190807184,0.006172916666666676,0.29760625,0.2914333333333334,6
1,test_ba_50_02,ba,50,hillclimb,192,fresh_r,0.0649505890296088,0.017097916666666647,0.27198541666666665,0.2548875,6
1,test_ba_50_03,ba,50,hillclimb,192,fresh_r,0.055770120074758074,0.015429166666666652,0.2843166666666667,0.2688875,6
1,test_ba_50_04,ba,50,hillclimb,192,fresh_r,0.04704754690465343,0.01172499999999999,0.2543666666666667,0.24264166666666667,6
1,test_ba_50_05,ba,50,hillclimb,192,fresh_r,0.04704022048224609,0.012879166666666672,0.2814166666666667,0.2685375,6
1,test_ba_50_06,ba,50,hillclimb,192,fresh_r,0.03343700475238651,0.010168749999999996,0.30886875,0.2987,6
1,test_ba_50_07,ba,50,hillclimb,192,fresh_r,0.06013072194800131,0.015406250000000002,0.2635854166666667,0.24817916666666665,6
1,test_er_100_00,er,100,hillclimb,192,fresh_r,0.020091148407569325,0.006572395833333328,0.32994427083333333,0.32337187500000003,6
1,test_er_100_01,er,100,hillclimb,192,fresh_r,0.02147170041845539,0.007170312499999988,0.3373880208333333,0.33021770833333336,6
1,test_er_100_02,er,100,hillclimb,192,fresh_r,0.02954399653244197,0.009504687499999998,0.3260078125,0.316503125,6
1,test_er_100_03,er,100,hillclimb,192,fresh_r,0.004004415584205656,0.001277083333333327,0.3200864583333333,0.31880937499999995,6
1,test_er_100_04,er,100,hillclimb,192,fresh_r,0.020175350922434134,0.0063583333333333365,0.31900208333333335,0.31264375,6
1,test_er_100_05,er,100,hillclimb,192,fresh_r,0.02519051088095096,0.008007291666666675,0.32202083333333337,0.3140135416666667,6
1,test_er_100_06,er,100,hillclimb,192,fresh_r,0.013726070065086185,0.00441614583333332,0.32537760416666667,0.32096145833333334,6
1,test_er_100_07,er,100,hillclimb,192,fresh_r,0.023681027675335132,0.007501041666666671,0.31983645833333335,0.3123354166666667,6
1,test_er_50_00,er,50,hillclimb,192,fresh_r,0.02657262381534817,0.008647916666666663,0.33073541666666667,0.3220875,6
1,test_er_50_01,er,50,hillclimb,192,fresh_r,0.003943478598584487,0.0013354166666666722,0.34336875,0.34203333333333336,6
1,test_er_50_02,er,50,hillclimb,192,fresh_r,0.04582397238223825,0.015054166666666655,0.3365,0.3214458333333334,6
1,test_er_50_03,er,50,hillclimb,192,fresh_r,0.02287618441464398,0.007604166666666662,0.3356333333333333,0.32802916666666665,6
1,test_er_50_04,er,50,hillclimb,192,fresh_r,0.029179276413590832,0.01002291666666666,0.34837291666666664,0.33835,6
1,test_er_50_05,er,50,hillclimb,192,fresh_r,0.026328767333452477,0.00860625000000001,0.3311604166666667,0.32255416666666664,6
1,test_er_50_06,er,50,hillclimb,192,fresh_r,0.03243121259161889,0.01037916666666668,0.3242375,0.31385833333333335,6
1,test_er_50_07,er,50,hillclimb,192,fresh_r,0.03969856645008761,0.01321041666666666,0.33916458333333327,0.32595416666666666,6
0,test_ba_100_00,ba,100,random,192,fresh_r,0.08278346310542355,0.020690625000000008,0.2605645833333334,0.23987395833333333,6
0,test_ba_100_01,ba,100,random,192,fresh_r,0.08574378258188159,0.02169791666666666,0.26396770833333333,0.24226979166666665,6
0,test_ba_100_02,ba,100,random,192,fresh_r,0.11394617276341425,0.025658333333333328,0.23801979166666667,0.2123614583333333,6
0,test_ba_100_03,ba,100,random,192,fresh_r,0.08501724246326846,0.019579687499999995,0.24024947916666664,0.22066979166666667,6
0,test_ba_100_04,ba,100,random,192,fresh_r,0.08490424246729444,0.02002083333333333,0.24558645833333329,0.225565625,6
0,test_ba_100_05,ba,100,random,192,fresh_r,0.11278796670846969,0.02667604166666666,0.25031875,0.22364270833333333,6
0,test_ba_100_06,ba,100,random,192,fresh_r,0.08724388332162591,0.021311458333333335,0.25483854166666664,0.23352708333333336,6
0,test_ba_100_07,ba,100,random,192,fresh_r,0.14734367739100188,0.03035729166666666,0.22154166666666664,0.191184375,6
0,test_ba_50_00,ba,50,random,192,fresh_r,0.10770693030686657,0.02630416666666666,0.2571458333333333,0.23084166666666664,6
0,test_ba_50_01,ba,50,random,192,fresh_r,0.09672723050671518,0.026156249999999992,0.28334375,0.25718749999999996,6
0,test_ba_50_02,ba,50,random,192,fresh_r,0.07120740908637636,0.019181249999999993,0.2785479166666667,0.2593666666666667,6
0,test_ba_50_03,ba,50,random,192,fresh_r,0.10349305180457848,0.026587499999999997,0.2702375,0.24365,6
0,test_ba_50_04,ba,50,random,192,fresh_r,0.12303572759403274,0.030170833333333324,0.2608625,0.23069166666666666,6
0,test_ba_50_05,ba,50,random,192,fresh_r,0.07999616756555217,0.02216458333333333,0.28875625,0.2665916666666666,6
0,test_ba_50_06,ba,50,random,192,fresh_r,0.1152079988508757,0.03032500000000002,0.2787291666666667,0.24840416666666668,6
0,test_ba_50_07,ba,50,random,192,fresh_r,0.09902683021999005,0.02513333333333333,0.2661833333333334,0.24105,6
0,test_er_100_00,er,100,random,192,fresh_r,0.03935765470824756,0.01233958333333334,0.3195666666666666,0.3072270833333333,6
0,test_er_100_01,er,100,random,192,fresh_r,0.034591229087375504,0.011000520833333341,0.32350677083333335,0.31250625,6
0,test_er_100_02,er,100,random,192,fresh_r,0.0389626317166813,0.012288020833333349,0.32119427083333335,0.30890625,6
0,test_er_100_03,er,100,random,192,fresh_r,0.05475858475647947,0.016858333333333347,0.3163020833333334,0.29944374999999995,6
0,test_er_100_04,er,100,random,192,fresh_r,0.039118159542867174,0.012318750000000009,0.32131770833333334,0.3089989583333333,6
0,test_er_100_05,er,100,random,192,fresh_r,0.05328404568127903,0.0166015625,0.3205390625,0.3039375,6
0,test_er_100_06,er,100,random,192,fresh_r,0.05015184878787645,0.01591562499999999,0.325140625,0.309225,6
0,test_er_100_07,er,100,random,192,fresh_r,0.031005695694255594,0.010045312500000023,0.3296890625,0.31964375,6
0,test_er_50_00,er,50,random,192,fresh_r,0.037312177191733194,0.012437499999999999,0.33949999999999997,0.32706250000000003,6
0,test_er_50_01,er,50,random,192,fresh_r,0.046283811121272174,0.015297916666666633,0.33832291666666664,0.32302500000000006,6
0,test_er_50_02,er,50,random,192,fresh_r,0.04251907374043285,0.014281249999999995,0.34296041666666666,0.32867916666666663,6
0,test_er_50_03,er,50,random,192,fresh_r,0.060614454297658577,0.01967083333333332,0.33424583333333335,0.314575,6
0,test_er_50_04,er,50,random,192,fresh_r,0.04611262712844912,0.014943750000000006,0.33186041666666666,0.3169166666666667,6
0,test_er_50_05,er,50,random,192,fresh_r,0.03784732648048842,0.012899999999999995,0.3473041666666667,0.33440416666666667,6
0,test_er_50_06,er,50,random,192,fresh_r,0.044300659636184604,0.014552083333333327,0.33583125,0.32127916666666667,6
0,test_er_50_07,er,50,random,192,fresh_r,0.03780094657715336,0.01225416666666665,0.33087916666666667,0.318625,6
1,test_ba_100_00,ba,100,random,192,fresh_r,0.09177978838603841,0.023459374999999994,0.26758020833333335,0.24412083333333334,6
1,test_ba_100_01,ba,100,random,192,fresh_r,0.08818045611453444,0.02058020833333334,0.24375833333333333,0.223178125,6
1,test_ba_100_02,ba,100,random,192,fresh_r,0.07626704385123799,0.01893385416666667,0.25779531250000004,0.23886145833333336,6
1,test_ba_100_03,ba,100,random,192,fresh_r,0.07608699717901342,0.019112500000000004,0.26094375,0.24183124999999997,6
1,test_ba_100_04,ba,100,random,192,fresh_r,0.09618173117538696,0.022911979166666676,0.2497859375,0.22687395833333332,6
1,test_ba_100_05,ba,100,random,192,fresh_r,0.1105516748695437,0.025729166666666668,0.24581770833333336,0.2200885416666667,6
1,test_ba_100_06,ba,100,random,192,fresh_r,0.07126840178976478,0.01817083333333333,0.26406666666666667,0.24589583333333334,6
1,test_ba_100_07,ba,100,random,192,fresh_r,0.0960127903787215,0.02512760416666668,0.27429322916666665,0.24916562499999997,6
1,test_ba_50_00,ba,50,random,192,fresh_r,0.10261857611215021,0.02562499999999999,0.26282916666666667,0.23720416666666666,6
1,test_ba_50_01,ba,50,random,192,fresh_r,0.10864447908071356,0.030581249999999987,0.29760625,0.267025,6
1,test_ba_50_02,ba,50,random,192,fresh_r,0.10670795273172178,0.02753124999999999,0.27198541666666665,0.24445416666666667,6
1,test_ba_50_03,ba,50,random,192,fresh_r,0.12962906046597,0.03457083333333332,0.2843166666666667,0.24974583333333333,6
1,test_ba_50_04,ba,50,random,192,fresh_r,0.10727200418752818,0.025883333333333328,0.2543666666666667,0.22848333333333334,6
1,test_ba_50_05,ba,50,random,192,fresh_r,0.11996411180296233,0.03180833333333333,0.2814166666666667,0.24960833333333335,6
1,test_ba_50_06,ba,50,random,192,fresh_r,0.06411594846260271,0.01919791666666666,0.30886875,0.2896708333333333,6
1,test_ba_50_07,ba,50,random,192,fresh_r,0.09874086991269188,0.024814583333333345,0.2635854166666667,0.2387708333333333,6
1,test_er_100_00,er,100,random,192,fresh_r,0.04968952036895157,0.01598593750000002,0.32994427083333333,0.31395833333333334,6
1,test_er_100_01,er,100,random,192,fresh_r,0.03737160428891384,0.012379687499999986,0.3373880208333333,0.32500833333333334,6
1,test_er_100_02,er,100,random,192,fresh_r,0.042239420092481904,0.013493229166666657,0.3260078125,0.3125145833333333,6
1,test_er_100_03,er,100,random,192,fresh_r,0.03843221952094995,0.012065624999999977,0.3200864583333333,0.30802083333333335,6
1,test_er_100_04,er,100,random,192,fresh_r,0.04082593422653082,0.012761458333333328,0.31900208333333335,0.306240625,6
1,test_er_100_05,er,100,random,192,fresh_r,0.03161646843877005,0.010020833333333312,0.32202083333333337,0.312,6
1,test_er_100_06,er,100,random,192,fresh_r,0.039149500407265815,0.012482812499999987,0.32537760416666667,0.31289479166666667,6
1,test_er_100_07,er,100,random,192,fresh_r,0.04577542877952748,0.014298958333333334,0.31983645833333335,0.3055375,6
1,test_er_50_00,er,50,random,192,fresh_r,0.04744945145191231,0.015339583333333332,0.33073541666666667,0.3153958333333333,6
1,test_er_50_01,er,50,random,192,fresh_r,0.025848401741891198,0.008752083333333336,0.34336875,0.3346166666666666,6
1,test_er_50_02,er,50,random,192,fresh_r,0.068920312865079,0.02240833333333332,0.3365,0.31409166666666666,6
1,test_er_50_03,er,50,random,192,fresh_r,0.05051757659381236,0.016545833333333326,0.3356333333333333,0.3190875,6
1,test_er_50_04,er,50,random,192,fresh_r,0.04765511656176007,0.01621458333333331,0.34837291666666664,0.3321583333333334,6
1,test_er_50_05,er,50,random,192,fresh_r,0.060157739599171776,0.019318750000000023,0.3311604166666667,0.31184166666666663,6
1,test_er_50_06,er,50,random,192,fresh_r,0.06859510490663916,0.021537500000000025,0.3242375,0.30269999999999997,6
1,test_er_50_07,er,50,random,192,fresh_r,0.04583069244648571,0.015206250000000004,0.33916458333333327,0.32395833333333335,6
